0.11,0,0.05,0.04,0.12,-0.14,-26.3,-2.98,-3.87,-39.64,1.25,-9.56,2
0.2,-0.01,-0.02,0,0.1,-0.17,-15.21,-24.23,-6.16,-36,1.5,0.2,2
-1.18,-0.14,-0.23,-1.72,-0.13,-1.35,-54.36,-49.73,-24.18,61.49,32.15,53.19,2
-2,1.39,-0.35,-2,0.58,-2,140.65,28.79,58.89,209.4,54.03,76.61,2
-1.02,0.18,-0.12,-0.8,0.27,-0.58,40.37,3.93,1.53,-81.51,-35.03,-78.64,2
0.27,0.15,0.16,0.33,-0.08,0.59,63.21,41.13,12.92,-24.52,-15.09,3.36,2
0.54,-0.21,-0.34,0.01,0.27,-0.08,38.3,0.99,5.1,8.22,-21.93,-14.97,2
0.09,-0.12,-0.05,0.01,0.24,-0.13,37.88,21.88,-0.76,-44.99,-30.05,-51.16,2
0.3,0.17,-0.01,-0.36,-0.24,-0.41,37.88,21.88,-0.76,-44.99,-30.05,-51.16,2
0.3,0.17,-0.01,-0.36,-0.24,-0.41,37.88,21.88,-0.76,-44.99,-30.05,-51.16,2
0.3,0.17,-0.01,-0.36,-0.24,-0.41,37.88,21.88,-0.76,-44.99,-30.05,-51.16,2
-2,2,-0.74,-2,0.12,-2,87.41,48.54,31.73,149.18,18.01,75.64,2
-1.72,0.23,0.08,-1.72,0.61,-0.92,-50.08,-20.73,5.82,75.76,-41.34,-23.28,2
-0.44,0.07,0.15,-0.31,0.68,-0.03,15.67,5.81,5.24,-95.44,-71.55,-72.92,2
0.35,-0.02,-0.17,0.43,0.1,0.1,-2.85,41.25,22.33,-106.75,-26.29,-42.85,2
0.44,-0.22,-0.22,-0.05,0.23,-0.12,-7.19,7.38,16.45,-76.29,-27.18,-42.11,2
-0.29,0.09,0.16,0.03,0.08,-0.13,-4.73,44.46,7.42,-40.43,-4.06,-4.21,2
-0.09,0.12,0.1,0.05,0,0,-20.39,25.49,8.44,5.85,-0.01,-0.01,2
-0.16,0.2,0.07,0,0,0,-20.39,25.49,8.44,-29.59,4.46,28.15,2
-2,1.42,-1.47,-2,0.04,-1.98,-30.86,-250.14,-125.13,104.15,93.83,91.69,2
-2,0.14,0.85,-2,0.39,-1.53,-22.72,-23.37,-6.76,17.95,20.56,-61.16,2
-1.32,0.24,0.14,-1.05,0.52,-0.69,-27.95,-24.85,4.16,-12.19,-6.42,-63.9,2
0,0.13,0.07,0.15,0.19,0.25,29.71,51.53,18.89,-78.3,-12.38,-56.73,2
0.55,-0.18,-0.19,0.01,0.19,-0.01,14.37,3.14,15.31,-12.5,10.31,-21.49,2
-0.08,-0.06,0,0.03,0.14,-0.15,31.02,56.43,7.22,-0.39,-16.09,-0.97,2
-0.28,0.15,0.24,0.04,0.14,-0.11,-6.13,25.34,-5.21,-23.1,-14.55,-4.04,2
0.07,0.08,0.05,0,0.04,-0.22,-15.74,21.71,-5.48,-1.55,-11.89,26.37,2
-0.34,-0.1,-0.13,-1.12,-0.07,-0.89,-26.9,-35.77,-30.12,68.73,-5.58,77.09,2
-2,0.53,0.66,-2,0.25,-1.78,-6.22,-67.83,-1.59,163.62,72.63,117.73,2
-2,0.05,0.78,-2,0.6,-1.59,-14.51,-40.15,-7.48,56.85,-0.59,-6.81,2
-0.8,0.06,0.11,-0.53,0.54,-0.49,38.82,-1.83,6.18,-110.25,-86.12,-86.43,2
0.18,0.06,0.01,0.36,-0.27,0.16,35.77,59.12,24.5,-48.22,-1.88,1.31,2
0.3,-0.25,-0.16,0.07,0.23,-0.31,27.83,-1.02,3.27,-23.69,-3.42,-34.53,2
-0.19,0.1,0.13,0.03,-0.04,-0.11,5.95,38.41,-1.28,-47.73,0.26,-39.67,2
-0.1,0.12,-0.03,0.02,0.1,-0.2,-22.95,2,-1.33,-12.82,8.89,-3.37,2
0.07,-0.08,0.09,-0.47,0.07,-0.29,9.05,22.18,-2.99,-39.07,12.27,4.45,2
-2,1.44,0.51,-2,0.42,-2,83.2,9.6,47.37,138.04,52.61,14.08,2
-2,0.01,1.06,-2,0.42,-1.68,-29.72,-35.92,9.02,106.35,51.12,17.46,2
-1.4,0.27,-0.14,-1.14,0.48,-0.77,-31.79,3.84,11.53,-77.17,-18.97,-87.52,2
0.04,0.14,0.08,0.29,0.13,0.23,51.03,52.83,18.06,-179.24,-43.65,-76.17,2
0.39,-0.18,-0.21,-0.07,0.36,-0.07,4.21,-9.85,3.71,-37.96,-40.36,-23.38,2
-0.09,0,0.11,0.06,0.14,-0.15,0.21,11.19,5.83,-32.75,-40.76,-6.1,2
-0.26,0.08,-0.02,0.07,0.08,-0.14,-23.4,11.56,-1.9,-3.11,-11.79,19.05,2
0.13,0.05,0.08,-0.05,0.07,-0.22,-14.4,7.53,-9.34,-8.36,-17.6,23.41,2
-2,1.02,-0.22,-2,-0.11,-2,-19.34,-250.14,-113.58,165.08,62.64,111.56,2
-2,1.14,1.88,-2,0.23,-2,-7.47,-30.62,30.39,244.98,16.53,77.95,2
-2,0.05,0.69,-2,0.79,-1.06,-20.53,-21.55,-10.96,129.21,26.85,48.05,2
-0.48,0.09,0.16,0.16,0.6,-0.04,14.01,-1.31,-1.27,-110.09,-100.79,-87.11,2
0.59,-0.19,-0.23,-0.03,-0.1,-0.09,2.26,-4.07,14.82,2.55,-13.93,-14.4,2
0.27,-0.22,-0.23,0.03,0.2,-0.23,6.38,22.02,13.74,27.1,-17.9,3.04,2
-0.3,0.11,0.22,0.04,0.1,-0.13,3.27,39.02,3.06,-51.11,9.77,-42.82,2
-0.05,0.02,-0.08,0.06,0.09,-0.17,-10.16,13.79,-1.08,-46.15,-0.44,-12.8,2
-0.24,-0.13,-0.04,-0.91,-0.12,-0.73,-14.76,5.45,-13.09,0.91,10.84,25.05,2
-2,-0.39,-2,-2,-0.17,-2,-1.44,188.53,-89.09,100.62,77.87,90.8,2
-2,0.08,0.24,-2,0.36,-2,-18.74,-81.51,-2.75,74.73,41.96,35.78,2
-1.9,0.39,0.15,-1.58,0.49,-1.07,-19.76,-9.4,-6.74,-33.14,-26.31,-75.34,2
0.21,0.05,-0.04,0.29,-0.34,0.24,30.25,47.03,15.2,-98.78,-3.11,-46.3,2
0.51,-0.13,-0.27,0.05,-0.01,0.1,5.19,-21.06,9.37,7.61,0.44,-8.1,2
0.34,-0.18,-0.27,0.13,0.13,-0.2,17.48,9.64,3.2,26.26,-39.8,4.23,2
-0.16,0.05,0.15,0.05,0.09,-0.18,15.19,33.81,0.59,15.96,-9.54,8.72,2
0.05,0.05,0.13,-0.08,0.07,-0.27,1.33,15.83,3.44,28.77,0.53,52.92,2
-0.36,-0.13,0.08,-1.03,-0.06,-0.88,13.56,-19.82,-14.21,72.63,4.64,77.87,2
-2,1.2,0,-2,-0.08,-2,-140.86,1.62,18.61,170.65,63.85,81.1,2
-2,-0.15,1.19,-2,0.74,-1.11,-15.84,-17.5,-7.09,184.12,33.64,81.59,2
-0.18,0.07,0.18,0.22,0.54,-0.17,19.03,6.92,7.07,-229.89,-31.69,-116.94,2
0.4,-0.05,-0.16,0.33,-0.33,0.05,11.3,29.15,14.48,-198.82,-30.98,-82.69,2
0.5,-0.18,-0.25,0,0.08,-0.02,-7.64,-2.45,11.64,26.45,-18.42,22.76,2
-0.02,0.02,-0.03,0.09,0.15,-0.23,11.34,50.56,12.73,-14.05,18,-4.53,2
0.01,0.03,0,0.03,0.02,-0.19,-9.84,18.82,3.76,-19.43,4.97,10.36,2
0.11,0.09,0.13,-0.36,0.01,-0.3,-19.59,33.6,3.83,-20.62,15.68,17.41,2
-2,1.33,0.64,-2,-0.09,-1.88,-65.05,-250.14,-138.08,92.99,79.07,75.98,2
-2,0.44,0.75,-2,0.34,-1.87,-9.89,-43.57,1.47,158.62,40.95,49.54,2
-0.78,0.15,0.13,-0.54,0.69,-0.31,13.31,-1.53,4.63,-160.52,-30.06,-145.83,2
0.16,0.18,0.04,0.38,-0.02,0.05,29.96,48.08,8.09,-184.24,-16.02,-106.77,2
0.51,-0.11,-0.25,0.08,-0.01,0.1,-3.37,-8.01,14.63,-58.65,-6.54,-61.05,2
0.24,-0.12,-0.19,0.01,0.2,-0.16,14.24,24.92,11.31,-9.08,-32.25,-22.15,2
-0.22,0.13,0.03,0,0.11,-0.21,-15.49,6.27,-6.29,11.3,-11.85,28.15,2
0.01,0.02,0.13,-0.27,0.1,-0.25,-6.25,-3.94,0.46,-1.36,-12.93,43.98,2
-2,0.36,-0.37,-2,-0.22,-1.99,-86.27,-250.14,-81.4,94.59,16.61,91.35,2
-2,0.26,1.2,-2,0.33,-1.58,-19.53,-60.84,18.12,115.19,11.68,53.64,2
-0.83,0.22,0.14,-0.47,0.36,-0.63,19.05,-6.75,-2.26,7.44,-111.24,-8.95,2
0,0.18,0.16,0.07,-0.03,0.08,25.08,35.29,8.77,-84.81,13.32,-46.06,2
0.35,-0.1,-0.32,0.01,-0.06,0.15,-1.92,8.18,18.92,47.94,-2.73,21.95,2
0.26,-0.2,-0.32,0,0.22,-0.16,4.79,0.39,5.13,5.5,-20.42,-12.96,2
-0.22,0.13,0.11,0.05,0.01,-0.1,16.38,19.64,-9.05,-19.29,-4.69,-1.27,2
0.1,-0.01,0.21,0.09,0.03,-0.25,-4.83,5.89,-6.2,2.41,11.22,13.94,2
-0.58,-0.04,-0.16,-1.25,0.09,-0.88,-40.11,4.94,-3.33,49.91,33.15,47.89,2
-2,1.52,0.3,-2,0.25,-2,125.7,29.7,18.49,83.35,26.06,32.53,2
-1.63,0.24,0.2,-1.21,0.77,-1.01,-1.51,-14.27,-9.98,-67.62,-45.78,-131.27,2
-0.44,0.13,0.05,-0.09,0.28,-0.3,9.36,-0.67,7.51,-153.5,-37.64,-117.48,2
0.32,0.05,-0.14,0.2,-0.22,0.22,11.17,44.35,28.05,-78.09,2.5,-44.56,2
0.41,-0.2,-0.27,0,0.2,-0.02,-19.73,-15.62,11.98,28.12,-1.47,-3.08,2
-0.19,0.14,0.31,0.05,-0.1,-0.16,6.49,31.15,6.44,-4.53,-18.66,2.16,2
-0.17,0.09,0.03,0.1,0.05,-0.24,-20.25,-9.4,-1.08,29.21,1.11,31.31,2
0.07,-0.06,0.09,-0.33,0.05,-0.36,-4.79,19.03,0.96,32.98,5.28,49.93,2
-2,1.58,-0.85,-2,0.39,-1.68,-91.64,-250.14,-100.3,58.48,39.18,64.83,2
-2,0.03,0.72,-2,-0.01,-1.21,-23.42,-38.19,-20.18,38.09,23.34,61.31,2
-1.1,0.17,0.1,-0.91,0.22,-0.44,10.82,-35.78,-17.78,30.39,-89.02,21.85,2
0.23,0.16,-0.01,0.48,0.16,-0.03,24.18,24.88,5.18,-62,3.74,-2.55,2
0.57,-0.13,-0.28,0.03,0.11,-0.05,3.13,1.41,13.69,-40.77,-16.6,-26.97,2
-0.24,0.07,0.14,0.05,-0.02,-0.09,17.81,28.04,0.15,-47.95,15.9,-23.2,2
-0.26,0.09,0.09,-0.01,0.09,-0.1,-26.86,1.44,-2.63,-53.72,-1.39,-19.37,2
0.09,-0.02,0.1,0.01,0.05,-0.19,-7.31,13.57,-10.69,-8.72,17.99,7.78,2
-0.94,-0.25,0.08,-1.73,-0.14,-1.35,-23.79,-60.91,-22.21,70.56,50.36,52.52,2
-2,-0.23,1.18,-2,0.6,-1.54,-15.06,-37.4,-3.46,37.53,16.7,-6.69,2
-1.32,0.25,0.08,-1.24,0.33,-0.73,1.89,-3.72,-0.04,-69.75,-42.84,-72.74,2
0.13,0.05,0.14,0.46,0.06,0.08,47.52,44.43,11.07,-46.54,-13.12,-20.52,2
0.6,-0.17,-0.19,-0.18,0.27,-0.16,-6.88,6.52,26.56,8.05,17.14,-9.56,2
-0.31,0.09,0.23,-0.03,0,-0.02,0.02,21.47,12.72,-50.66,-12.69,-41.79,2
-0.09,0.01,-0.1,0.02,0.06,-0.17,-12.92,53.09,9.46,-27.43,-7.17,-14.79,2
0.25,-0.04,0.14,0.03,-0.05,-0.06,-17.4,35.53,-3.59,-18.95,-3.15,8.29,2
-2,2,0.71,-2,-0.16,-2,-72.54,-250.14,-227.69,152.32,95.39,113.89,2
-0.93,0,0.34,-0.8,-0.11,-0.26,-25.06,18.15,-0.82,-10.51,1.82,-10.12,2
-0.01,0.39,-0.55,0.43,0.48,-0.11,-10.76,153.18,46.35,23.71,-72.76,-20.71,2
0.54,-0.16,-0.34,0.15,0.12,0.09,-52.91,2.69,23.83,-135.42,1.53,-68.47,2
0.29,-0.15,-0.28,0,0.01,0,53.79,17.14,11.28,-56.47,-16.02,-9.22,2
0.43,0.14,0.09,-0.45,-0.13,-0.07,53.79,17.14,11.28,-56.47,-16.02,-9.22,2
0,0,0,-1.23,-0.36,-1.23,-44.27,-63.52,-35.44,65.55,36.14,54.02,2
-2,1.65,-1.19,-2,0.11,-2,-82.63,61.46,53.39,225.76,40.39,46.39,2
-1.7,-0.13,0.68,-1.74,0.81,-0.71,-43.46,10.88,-6.93,12.61,-56.12,-45.72,2
0.57,-0.17,-0.53,0.29,-0.1,0.17,-49.56,0.11,21.65,-187.38,6.91,-72.67,2
0.8,-0.22,-0.79,-0.22,-0.09,0.05,49.52,-10.46,9.22,-51.73,-8.33,-32.05,2
-0.44,-0.22,0.12,0.05,0.16,-0.3,125.7,-5.27,-29.98,-15.73,12.55,10.05,2
-0.08,0.35,-0.1,-0.06,-0.18,-0.4,-54.28,34.19,8.13,-50.33,0.53,18.32,2
-2,1,2,-2,-0.35,-2,154.83,250.13,92.63,246.47,71.62,120.76,2
-2,-0.06,0.96,-2,0.78,-1.15,-73.78,-167.1,-23.46,237.15,18.04,109.5,2
-0.7,0.16,-0.09,-0.8,0.45,-0.42,-8.02,31.69,21.53,-13.92,-100.95,-48.98,2
0.14,0.12,-0.36,0.58,0.46,-0.03,-50.55,68.99,38.67,-122.27,-85.56,-63.23,2
0.25,-0.16,-0.25,0.08,0.14,-0.13,67.05,-24.31,2.01,-132.86,-38.34,-34.31,2
-0.19,-0.17,0.23,0.07,0.12,-0.3,68.42,-0.24,-18.29,-79.07,-27.06,6.28,2
-0.09,0.04,0.25,-0.24,-0.24,-0.59,-7.27,-15.44,-13.04,-48.47,32.89,39.63,2
-2,1.99,-2,-2,-0.79,-2,-38.28,-250.14,-166.34,131.76,55.64,129.34,2
-1.71,0.24,0.47,-1.93,0.72,-0.84,-45.05,-18.91,0.4,114.08,-70.81,-35.79,2
-0.51,0.16,-0.22,-0.21,0.67,-0.53,-2.38,30.91,24.98,-2.47,-69.15,-63.17,2
0.24,0,0.03,0.45,0.5,-0.06,-6.37,36.71,15.38,-142.02,-7.41,-82.82,2
0.25,-0.08,-0.33,0.03,0.31,0.01,-0.98,-16.11,6.89,-168.79,-25.95,-70.72,2
-0.04,-0.01,0.02,-0.04,0.22,-0.26,18.69,43.01,-2.25,-75.04,-34.47,22.75,2
-0.13,0.16,0.09,-0.3,0.03,-0.42,-1.35,-7.7,-14.69,-75.92,-25.58,46.49,2
-2,0.55,-0.43,-2,-0.48,-1.99,-110.6,-250.14,-106.3,25.95,55.47,104.02,2
-2,0.39,0.26,-2,0.13,-2,-44.76,-72.46,3.89,110.27,56.98,30.38,2
-0.62,0.15,-0.12,-0.51,0.45,-0.25,22.13,82.66,32.6,9.5,-101.3,-115.05,2
0.15,0.04,0.14,0.27,0.53,0.06,15.53,82.57,27.56,-57.24,-44.45,-117.38,2
0.32,-0.06,-0.33,0.04,0.42,0.02,3.08,10.27,17.81,-128.19,-42.69,-104.97,2
0.12,-0.14,-0.38,0.05,0.37,-0.03,29.98,14.37,19.5,-149.42,-22.6,-95.73,2
-0.05,0.08,0.03,-0.03,0.18,-0.18,-18.9,10.9,-1.37,-50.83,-27.38,17.28,2
0,0.01,0.01,-0.31,-0.02,-0.71,10,-26.27,-15.25,37.13,5.31,100.5,2
-2,0.23,-0.02,-2,-0.68,-2,-9.24,176.47,-95.66,250.13,106.26,248.04,2
-2,0.13,0.95,-2,0.48,-1.36,32.85,-47.56,-9.16,250.13,81.64,235.32,2
-0.01,0.07,0.1,0.52,0.54,-0.19,67.11,73.53,17.76,-217.46,-70.07,-154.56,2
0.33,-0.16,-0.17,0.5,-0.37,0.08,14.6,58.26,11.58,-141.52,-18.71,-97.21,2
0.31,-0.12,-0.38,-0.11,0.24,-0.03,11.6,-1,2.81,-25.8,0.81,-39.99,2
-0.11,-0.03,-0.06,-0.04,0.23,-0.13,32.49,22.79,-2.24,-64.03,-35.8,-26.58,2
-0.05,-0.03,0,-0.31,0.01,-0.42,13.73,-7.76,-26.79,-24.92,-13.43,31.26,2
-2,0.01,-0.58,-1.94,-0.13,-1.49,-116.5,-199.34,-64.51,66.95,61.49,60.06,2
-2,0.42,1.05,-2,0.11,-1.57,43.11,-6.7,29.55,158.71,48.22,86.4,2
-2,0.09,0.78,-2,0.15,-1.4,-24.82,-43.55,-5.8,102.92,11.64,31.5,2
-0.38,0.14,0.12,-0.13,0.31,-0.12,0.79,-24.23,5.56,-63.63,-46.66,-33.37,2
0.15,0.07,-0.08,0.21,0.11,0.06,22.46,37.08,14.29,-28.2,-19.27,-6.69,2
0.39,-0.15,-0.23,-0.06,0.24,-0.06,0.69,-17.15,11.09,-7.89,-11.47,12.27,2
0.17,-0.08,-0.1,0.06,0.17,-0.09,10.47,31.05,15.82,-61.99,1.37,-8.91,2
0.01,-0.03,0.25,-0.04,0.01,-0.21,-5.37,12.25,-10.5,-73.56,0.76,-4.74,2
-0.05,-0.02,-0.06,-0.68,0.01,-0.44,-43.15,28.18,-10.1,-33.3,28.26,17.73,2
-2,1.18,2,-2,-0.17,-2,-65.91,97.47,11.29,110.06,57.81,79.35,2
-2,-0.01,1.35,-2,0.58,-1.39,-18.4,-55.28,-4.92,38.89,17.95,0.43,2
-0.6,-0.02,0.16,-0.47,0.55,-0.45,11.62,-21.34,-6.33,-44.42,-25.25,-59.48,2
-0.01,0.05,0.06,-0.03,0.22,0.05,11.9,31.84,0.76,-84.82,-16.4,-43.89,2
0.44,-0.1,-0.21,0.09,0.14,0.09,-0.7,11.03,2.18,-59.76,-20.01,-44.5,2
0.27,-0.16,-0.14,0.21,0.06,-0.15,3.53,13.44,4.96,-17.37,-26.05,-12.27,2
-0.18,0.1,0.17,0.07,0.06,-0.22,-8.41,42.89,7.11,-20.18,2.27,7.21,2
-0.02,0.11,0.1,-0.06,-0.03,-0.19,-16.66,20.15,4.55,-26.29,-1.16,16.44,2
-0.61,-0.02,-0.11,-1.22,0,-0.94,-31.46,-16.38,-11.24,96.51,40.23,97.63,2
-2,1.51,-0.6,-2,0.48,-2,24.7,10.93,56.69,135.24,57.4,15.43,2
-1.97,0.19,0.01,-1.97,0.52,-1.2,-37.39,-4.21,-1.12,-44.01,-68.21,-90.69,2
-0.79,0.03,0.06,-0.56,0.22,-0.41,1.79,-6.36,-3.27,-80.56,-68.56,-35.95,2
0.13,0.15,0.02,0.38,-0.21,0.06,37.73,26.4,9.4,-66.21,-25.5,-3.6,2
0.39,-0.14,-0.19,0.08,-0.01,-0.1,16.55,-10.31,11.39,13.54,-33.7,4.69,2
-0.11,0.11,0.17,0.03,0.1,-0.15,-8.93,33.08,2.7,-21.25,-13.1,-11.82,2
-0.15,0.04,0,0.05,0.1,-0.21,-12.23,19.29,-3.82,-30.5,-1.58,-5.34,2
0.01,0,0.01,-0.16,0.12,-0.28,-9.67,14.4,-7.48,-45.96,4.24,-4.86,2
-1.7,0.11,-0.14,-1.54,0,-1.25,-64.76,-93.89,-33.77,51.63,70.29,59.18,2
-2,-0.4,1.48,-2,0.4,-1.7,5.48,-39.47,-21.07,-46.44,33.5,-37.9,2
-1.94,0.2,0.31,-1.98,0.21,-0.8,-7.4,-11.4,-19.11,-39.98,-1.42,-49.85,2
-0.3,0.13,0.02,-0.16,0.26,-0.06,37.29,13.74,-3.57,-10.58,-23.92,1.93,2
0.29,0.04,-0.12,0.28,-0.1,0.22,44.61,45.24,23.65,-54.32,-21.14,-28.96,2
0.13,-0.2,-0.18,0.1,0.04,-0.29,53.06,38.16,9.98,39.1,-28.02,-4.18,2
-0.08,-0.02,0.05,0.04,0.14,-0.17,29.21,51.34,2.26,27.59,-14.25,4.18,2
-0.04,0.16,0.09,0.07,0.03,-0.17,1.51,12,-5.44,10.03,-0.59,14.82,2
0.03,0.13,0.04,-0.64,0.14,-0.47,-16.08,2.76,-5.68,27.23,8.27,21.27,2
-2,1.06,0.43,-2,0.37,-2,-11.24,-42.78,27.5,153.79,33.52,76.15,2
-2,0.03,1.27,-2,0.44,-1.42,-39.04,-52.36,-4.07,92.79,34.22,37.25,2
-1.2,0.1,0.26,-1.11,0.73,-0.64,-23.38,-38.2,-6.55,-109.07,-128.9,-76.11,2
0.02,0.1,-0.15,0.11,-0.12,0.12,35.37,49.79,10.24,-78.74,-31.09,-7.32,2
0.4,-0.14,-0.33,0.03,0.18,-0.06,11.25,-10.99,2.34,-32.73,-26.98,-7.93,2
0.05,-0.08,-0.08,0.06,0.17,-0.05,18.55,39.54,3.18,-55.37,0.09,-31.34,2
0.15,0.32,0.03,-0.44,0,-0.25,18.55,39.54,3.18,-55.37,0.09,-31.34,2
0.15,0.32,0.03,-0.44,0,-0.25,18.55,39.54,3.18,-55.37,0.09,-31.34,2
-2,0.78,0.36,-2,0.19,-1.83,-105.72,-250.14,-138.87,-107.61,107.01,-38.4,2
-2,0.91,0.5,-2,0.53,-1.57,0.41,6.4,23.18,-36.72,61.96,-112.11,2
-2,-0.13,0.95,-2,-0.2,-1.26,-53.34,-51.1,-6.19,-76.85,47.03,-69.66,2
-0.95,0.08,0.06,-0.93,0.34,-0.38,35.28,21.39,0.44,-28.56,-17.79,-37.85,2
0.31,-0.06,-0.22,0.49,-0.04,0,24.69,19.61,25.33,-35.52,-14.05,-12.88,2
0.51,-0.17,-0.2,0.12,0.11,-0.11,21.63,3.95,21.37,-8.61,-35.77,-31.91,2
-0.04,0.03,0.13,0.12,0.11,-0.27,-9.91,42.47,13.2,120.44,4.24,62.49,2
-0.17,0.05,0.02,0.07,0.11,-0.29,-7.82,30.95,7.88,94.79,36.72,72.61,2
-0.09,-0.07,-0.01,-0.7,-0.1,-0.73,-15.13,27.89,-1.34,49.06,30.92,72.82,2
-2,1.04,0,-2,0.12,-1.59,-98.85,-250.14,-72.48,116.91,64.89,88.45,2
-2,0.28,0.72,-2,0.45,-1.91,-17.6,-57.32,-9.21,154.2,34.11,19.03,2
-2,0.31,0.47,-2,0.55,-1.06,-23.7,-14.55,-5.24,40.63,-2.5,-1.24,2
-0.06,0.1,0.03,0.2,-0.11,-0.02,56.86,57.71,16.31,-70.56,-62.11,-13.38,2
0.24,-0.06,-0.2,0.28,-0.08,0.08,32.73,19.08,19.12,-23.92,-32.85,1.41,2
0.37,-0.2,-0.17,0.11,0.25,-0.19,22.19,-25.27,3.97,51.6,-17.32,25.31,2
-0.03,0.08,0.13,0.07,0.14,-0.25,7.41,18.09,-7.52,6.96,-12.12,-1.57,2
-0.01,0.04,0,-0.04,0.06,-0.2,9.98,-2.11,-15.02,4.09,8.31,27.25,2
-0.13,0,-0.03,-0.7,-0.12,-0.51,-13.79,17.58,-1.88,37.66,22.9,49.73,2
-2,0.58,-2,-2,0.39,-1.93,103.24,-157.53,-138.02,61.26,67.69,77.43,2
-2,0.25,0.22,-2,0.07,-1.56,11.69,-48.17,-12.62,53.73,38.53,49.49,2
-0.84,0.03,0.23,-0.56,0.45,-0.5,21.25,-13.24,0.62,-59.84,-35.09,-53.7,2
-0.07,0.17,0.11,-0.08,-0.01,0.1,17.01,35.54,17.78,-117.25,-34.27,-69.08,2
0.4,-0.08,-0.12,0.19,0.04,-0.07,-0.18,-1.59,14.85,8.5,1.62,-19.5,2
0.26,-0.21,-0.21,0.08,0.16,-0.24,10.87,2.37,7.04,-24.93,-24.81,-46.48,2
-0.12,0.12,0.14,0.12,-0.08,-0.29,-6.34,34.38,0.28,7.21,16.6,7.32,2
-0.03,0.07,0.12,0.06,-0.1,-0.24,-1.24,5.56,-0.9,26.79,23.38,19.67,2
-0.52,-0.08,-0.24,-1,-0.16,-0.83,-39.99,-22.92,-6.41,76.51,36.23,55.88,2
-2,1.88,0.47,-2,0.07,-2,-63.75,46.24,53.08,249.91,71.51,130.56,2
-2,0.35,0.18,-1.7,0.36,-1.29,-20.9,-16.97,-11.33,-138.59,-76.24,-101.11,2
-0.75,0.13,0.19,-0.38,0.16,-0.46,24.31,-11.47,-5.34,-123.53,-70.53,-60.04,2
0.17,0.06,-0.06,0.21,-0.08,-0.02,18.19,41.92,12.3,-133.63,-23.57,-28.54,2
0.41,-0.15,-0.19,0.13,-0.04,-0.11,-1.15,-32.95,7.69,-18.37,-8.78,-5.6,2
-0.1,0.04,0.03,0.09,0.03,-0.1,6.37,51.46,0.94,-32.31,-10.39,-14.45,2
-0.11,0.14,0.15,0.01,0.06,-0.21,-17.76,15.17,-1.89,-29.05,-1.63,0.21,2
0.04,0.02,0.06,-0.11,-0.05,-0.17,-13.24,14.68,0.21,-11.66,11.45,26.43,2
-1.12,-0.05,-0.24,-1.5,-0.22,-1.05,-40.69,-57.24,-23.37,63.85,16.78,84.24,2
-2,-0.09,0.82,-2,0.9,-1.93,7.07,-36.22,-8.76,76.8,6.76,24.38,2
-2,0.3,0.45,-1.91,0.42,-1.32,-26.3,-17.6,-3.53,-19.6,-17.03,-51.93,2
-0.56,0.05,0.16,-0.35,0.24,-0.4,26.62,24.21,15.19,-112.25,-41.69,-70.71,2
0.25,0.07,-0.08,0.29,-0.22,0.14,44.07,64.74,21.91,-104.64,-17.2,-53.71,2
0.25,-0.14,-0.23,0.06,0,-0.19,17,22.39,14.85,17.18,-5.17,-11.47,2
-0.21,0.11,0.22,0.03,0.08,-0.16,-10.79,23.98,8.24,-14.19,-3.21,-25.9,2
-0.09,0.08,-0.03,0.04,0,-0.17,-8.29,13.33,-1.74,-13.21,11.84,-11.71,2
0.07,-0.03,0.04,-0.21,0.04,-0.26,-2.68,1.44,-9.79,25.63,13.59,18.09,2
-2,0.8,2,-2,0.2,-2,-65.82,133.56,58.63,85.18,75.35,33.89,2
-2,0,0.53,-2,0.22,-1.91,33.98,-31.19,-4.4,-37.81,6.82,-46.78,2
-2,0.44,0.18,-1.83,-0.12,-1.08,16.61,4.87,6.66,-24.74,-16.71,-22.17,2
-0.43,0.17,0.16,-0.28,0.3,-0.44,45.34,12.47,9.53,-28.15,-32.66,-10.68,2
0.4,-0.21,-0.25,0.07,0.07,0,24.53,-2.56,8.27,-35.49,-14.78,-30.3,2
0.32,-0.14,-0.19,0.07,0.06,-0.12,0.53,9.95,1.69,-5.22,-32.97,-7.16,2
-0.07,0.15,0.09,0.03,0.09,-0.07,-2.69,32.4,-5.56,-2.69,-8.27,1.26,2
-0.09,0.06,-0.02,0.09,0.07,-0.2,-22.84,-4.21,-10.52,-7.95,3.35,8.5,2
-0.74,-0.15,0.02,-1.17,0.14,-0.74,-18.06,1.28,-5.46,3.37,2.88,11.24,2
-2,-1.7,2,-2,-0.2,-2,143.47,250.13,35.98,42.5,55.27,2.53,2
-2,0.16,0.58,-2,0.09,-1.77,34.05,-43.22,-30.79,-15.82,20.86,-26.82,2
-1.98,0.35,0.14,-1.56,-0.01,-1.03,-24.11,-8.52,5.2,-31.89,-10.15,-17.17,2
0.22,0.11,-0.09,0.31,-0.09,0.01,22.18,37.35,20.25,2.81,-10.43,12.37,2
0.49,-0.2,-0.32,0.07,0.15,0.01,-7.88,-21.86,13.44,39.09,-17.63,12.66,2
0.22,-0.22,-0.17,0.05,0.11,-0.15,17.18,32.31,6.71,8.05,-8.44,3.15,2
-0.21,0.09,0.13,0.02,0.05,-0.12,-21.22,38.37,0.31,-10.02,3.92,6.81,2
0.1,0.04,0.15,0.17,0.01,-0.12,-9.54,37.85,1.31,-1.24,1.32,12.55,2
0,0.13,0.26,-1.02,0.12,-0.61,-29.72,21.35,2.08,0.56,26.96,13.55,2
-2,-0.94,2,-2,-0.07,-2,151.53,250.13,63.1,105.62,39.97,15.47,2
-2,-0.26,1.15,-2,0.17,-1.83,-37.76,-31.66,-7.9,28.09,43.35,14.34,2
-0.65,0.12,0.07,-0.32,0.39,-0.37,27.5,-7.08,-4.37,-124.66,-50.38,-66.05,2
0.05,0.22,-0.03,0.12,-0.13,-0.05,33.78,36.26,14.92,-122.76,-33.01,-44.4,2
0.49,-0.16,-0.18,0.03,-0.14,0,13.97,-3.34,9.71,-18.09,-8.93,-38.29,2
0.16,-0.2,-0.23,0.12,0.04,-0.19,20.59,30.52,1.63,43.39,-22.79,3.5,2
-0.06,0.1,0.11,0.06,0.12,-0.17,-13.66,34.01,-2.49,33.52,-8.51,11.98,2
-0.02,0.04,0.01,-0.07,0.18,-0.19,-17.82,24.34,-2.45,21.96,-8.21,34.37,2
-0.51,0.08,-0.21,-1.05,-0.23,-0.93,-24.11,32.79,-5.8,109.51,21.97,76.5,2
-2,0.77,2,-2,0.26,-2,-35.81,89.99,52.15,50.76,14.84,-0.91,2
-2,0.19,0.12,-1.82,-0.06,-1.11,8.23,-37.34,-20.87,-12.35,-5.6,-7.76,2
-0.89,0.16,0.1,-0.74,0.16,-0.47,31.45,-12.17,-3.49,-39.38,-37.26,-11.14,2
0.07,0.07,-0.02,0.14,0.02,0.11,69.54,38.24,8.56,-48.24,-14.31,8.57,2
0.42,-0.19,-0.23,-0.01,-0.12,0.13,34.27,-21.05,1.27,10.4,-24.19,12.05,2
0,0.12,0.09,0.02,0.08,-0.05,15.49,7.29,1.45,3.92,-16.24,-0.63,2
-0.16,0.07,0.06,0.02,0.03,-0.13,20.4,14.91,-2.64,31.89,-15.76,19.89,2
0.01,-0.05,0,-0.13,-0.07,-0.33,24.29,10.23,-5.12,72.6,-1.84,67.82,2
-2,-0.11,-0.04,-1.58,-0.06,-1.4,-57.59,-84.42,-33.78,170.24,48.01,95.58,2
-2,-0.23,1.21,-2,0.2,-1.47,21.36,-0.79,13.5,6.94,50.09,-27.34,2
-1.95,0.15,0.17,-1.85,0.23,-0.86,-14.77,-8.27,0.7,-43.19,5.89,-60.79,2
-0.24,0.17,0.07,-0.18,0.27,-0.11,33.16,37.4,6.95,-114.85,-28.74,-64.77,2
0.3,-0.03,-0.16,0.25,-0.34,0.22,35.16,32.31,10.58,-41.6,-16.74,-34.3,2
-0.05,-0.05,0.01,0.15,0.22,-0.13,-0.83,11.15,-3.36,-28.95,-27.6,-48.48,2
-0.06,0.05,0.02,0.08,0.21,-0.08,-0.17,27,-1.32,-29.92,-15.18,-30.24,2
0.08,0.03,0.05,-0.07,0.12,-0.16,5.12,2.64,-7.85,-24.4,-6.87,1.1,2
-0.09,-0.12,-0.12,-0.5,0.07,-0.43,4.21,31.39,-1.31,0.27,12.25,46.66,2
-2,0.83,0.03,-2,0.17,-2,16.01,-3.18,28.08,106.75,44.76,72.4,2
-2,0.24,1.29,-2,0.31,-1.78,-18.76,-23.09,7.68,59.06,56.33,20.69,2
-1.74,0.02,-0.02,-1.65,0.45,-0.81,-1.29,-2.23,2.1,-58.24,-2.79,-83.26,2
-0.29,0.11,0,-0.21,-0.11,0.02,18.27,37.72,12.18,-142.19,-32,-69.56,2
0.48,-0.13,-0.21,0.16,0.09,-0.08,0.91,-11.17,20.34,-50.44,-23.82,-39.62,2
0.26,-0.11,-0.01,0.01,0.17,-0.23,-7.12,-0.59,10.74,2.44,-36.72,-16.18,2
-0.2,0.09,0.03,0.07,0.12,-0.17,-21,17.2,-1.08,41.5,-12.03,11.03,2
-0.02,0.02,0.01,0.09,0.17,-0.25,-7.52,7.66,-6.2,12.32,0.17,17.11,2
-2,0.59,-0.57,-1.74,-0.09,-1.53,-93.53,-219.34,-60.31,95.09,40.76,83.72,2
-2,1.15,0.27,-2,0.24,-2,59.66,45.79,43.24,120.97,45.5,55.73,2
-2,0.24,0.99,-2,0.18,-1.38,-19.31,-27.98,-14.45,43.74,43.59,45.73,2
-1.11,0.24,0.07,-0.89,0.16,-0.47,26.27,-9.18,3.81,-53.5,-42.09,-47.45,2
0.34,-0.1,-0.23,0.22,-0.1,0.16,28.1,14.31,10.56,-47.02,-13.14,-11.9,2
0.37,-0.2,-0.22,-0.02,-0.07,-0.06,23.21,-3.16,4.71,4.35,-5.85,-15.04,2
-0.11,0.07,0.06,0.13,0.12,-0.1,1.82,14.49,-1.14,-8.77,-2.27,-30.05,2
-0.13,0.09,0.01,-0.04,0.06,-0.15,-7.21,2.69,-8.33,-7.98,0.91,-28.69,2
-0.23,-0.14,-0.04,-0.87,-0.04,-0.66,-1.35,23.27,-3.08,23,20.04,32.55,2
-2,1.16,-0.95,-2,-0.15,-1.9,-24.95,-238.42,-131.34,102.93,65.2,66.19,2
-2,0.51,-0.15,-2,-0.38,-1.98,-62.63,-98.02,-11.61,250.13,100.95,250.13,2
-2,0.33,0.29,-2,1.14,-1.44,-20.66,-52.59,-28.46,23.51,-59.78,44.67,2
0.19,0.09,-0.05,0.3,-0.13,-0.02,19.14,33.23,-1.96,-20.06,-13.79,16.6,2
0.4,-0.13,-0.14,0.13,0.19,-0.1,10.42,-9.53,6.01,-8.14,-2.79,20.95,2
0.31,-0.19,-0.22,0.05,-0.11,-0.26,11.44,-8.84,5.84,-63.05,-12.51,-24.68,2
-0.06,0.09,0.03,0.15,-0.07,-0.1,-0.1,42.86,2.01,-13.46,-8.28,2.27,2
0.04,0,0.13,-0.18,0.1,-0.29,6.48,23.5,10.29,-38.6,15.69,-5.82,2
-0.39,-0.21,-0.1,-1,0.17,-0.73,32.15,21.89,-0.02,-33.56,11.22,12.73,2
-2,-0.28,2,-2,-0.1,-2,-57.23,186.51,9.66,44.24,54.13,67.15,2
-2,0.03,1.05,-2,0.38,-1.62,-60.03,-82.9,9.73,5.5,8.25,31.89,2
-0.62,0.01,0.13,-0.49,0.38,-0.27,32.45,-13.61,7.58,-59.98,-58,-42.87,2
0.15,0.08,0.02,0.22,-0.12,-0.02,23.02,12.99,12.35,-63.45,-17.76,-26.95,2
0.51,-0.09,-0.19,0.06,0.08,0.03,9.1,4.56,13.44,-10.36,-14.63,-11.53,2
0.16,-0.13,-0.06,0.1,0.04,-0.2,16.84,28.18,7.15,4.93,2.44,-7.63,2
0.02,0.07,0.15,0.01,-0.21,-0.21,6.79,25.75,3.72,-16.05,2.86,-14.53,2
0.02,-0.01,0.01,0.08,-0.32,-0.38,10.96,39.77,9.85,61.33,32.38,24.73,2
-2,-0.03,-0.34,-2,0.25,-1.65,-58.92,-91.06,-22.93,160.11,91.48,70.05,2
-2,0.67,1.27,-2,0.74,-1.76,-54.46,-16.32,20.56,8.15,53,-64.98,2
-1.75,0.19,0.13,-1.29,0.55,-0.96,-11.28,-13.86,-2.69,-82.54,-35.02,-78.94,2
-0.72,0.18,0.06,-0.59,0.27,-0.37,7.24,-3.83,3.92,-88.31,-27.6,-37.85,2
0.13,0.02,-0.05,0.24,-0.06,-0.01,29.99,32.62,17.61,-65.66,-19.82,-12.38,2
0.4,-0.18,-0.19,0.09,0.01,-0.09,-6.08,-4.6,12.47,-19.85,-19.05,-26.63,2
-0.1,0.07,0.07,0.05,0.05,-0.15,-24.78,23.5,-7.7,-15.92,-4.4,-15.69,2
-0.07,0.08,-0.02,0.11,0.14,-0.24,-28.25,9.5,-6.92,-37.33,6.29,-20.57,2
0.08,0.09,-0.07,-0.1,0.06,-0.15,-28.53,26.78,8.42,-99.59,-9.5,-48.82,2
-2,0.52,-0.06,-1.7,-0.45,-1.54,-116.83,-197.89,-60,157.92,49.92,90.4,2
-2,0.11,1.34,-2,0.1,-1.62,-23.57,-15.38,-7.42,79.13,30.79,49.05,2
-2,0.29,0.36,-1.98,0.34,-1.45,-11.95,-14.12,-16.62,-4.08,-31.05,-41.84,2
-0.73,0.18,0.11,-0.54,0.28,-0.4,27.29,26.71,8.18,-99.4,-46.95,-60.08,2
0.14,0.01,-0.07,0.37,-0.08,0.04,52.95,72.39,21.02,-79.98,-25.2,-30.76,2
0.28,-0.03,-0.09,0.11,0.07,-0.27,-8.6,16.53,10.1,32.41,-3.72,9.59,2
-0.09,0.08,-0.01,0.11,0.15,-0.23,-18.4,22.53,0.05,-5.4,7.07,5.37,2
-0.05,0.04,0.04,0.02,0.04,-0.22,-16.85,4.6,-2.93,-5.42,16.02,0.27,2
0.11,-0.04,-0.1,0.02,-0.04,-0.22,-8.21,36.69,18.08,-21.47,11.64,-17.69,2
-2,0.87,1.13,-2,-0.16,-2,-53.04,94.59,41.42,113.41,65.95,65.81,2
-2,0.26,0.86,-2,0.06,-1.71,27.08,-22.93,-2.9,57.21,45.1,69,2
-2,0.26,0.36,-1.81,0.33,-1.35,16.92,-25.63,5.38,32.94,-8.32,1.15,2
-0.57,0.14,0.02,-0.51,0.43,-0.48,45.3,31.33,21.68,-107.08,-30.36,-52.26,2
0.4,-0.16,-0.21,0.18,0.02,-0.04,17.83,-8.23,12.06,7.6,-13.98,-1.45,2
0.25,-0.03,-0.06,0.08,0.11,-0.16,-10.75,-11.2,0.07,-2.11,-26.92,-12.71,2
-0.09,0.13,0.05,0.03,0.05,-0.18,-19.95,-3.21,-10.29,-29.79,-11.47,-26.49,2
0.04,0,-0.01,0.02,-0.01,-0.09,5.93,19.47,-2.62,23.07,3.17,21.22,2
-0.56,-0.12,-0.42,-0.72,0.03,-0.66,-15.83,24.92,2.9,15.36,-0.13,30.09,2
-2,0.39,0.47,-2,-0.2,-2,-98.64,-250.14,-77.92,68.85,58.2,86.53,2
-2,0.71,0.66,-2,0.14,-1.85,36.51,-37.93,-8.44,104.61,58.6,86.4,2
-2,0.29,0.17,-2,0.25,-1.4,21.34,6.63,-4.23,59.44,0.34,-5.08,2
0.12,0.17,-0.05,0.08,-0.06,0.19,66.87,64.27,14.51,-97.22,-32.4,-63.56,2
0.27,-0.13,-0.25,0.25,0.06,0.18,26.66,17.83,6.78,-34.89,-18.12,-31.45,2
0.25,-0.08,-0.14,0.09,0.13,0.02,-4.54,-7.04,0.18,-43.34,-34.56,-53.44,2
-0.13,0.07,0.01,0.05,0.1,-0.18,-11.18,-1.53,-11.92,-9,-23.13,-10.72,2
0.08,0.02,-0.05,-0.08,0.18,-0.28,0.18,21.22,-3.59,25.99,-6.63,43.47,2
-0.15,-0.15,0.03,-0.57,0.03,-0.42,5.24,32.13,-2.56,23.89,1.18,60.22,2
-2,0.52,0.41,-2,-0.05,-2,68.04,14.32,-32.63,138.63,70.44,125.24,2
-2,0.17,0.96,-2,0.03,-1.9,42.69,-59.46,-22.02,29.5,33.5,46.86,2
-0.83,0.27,0.17,-0.68,0.39,-0.63,24.31,16.84,4.3,-40.5,-20.8,-35,2
-0.2,0.21,-0.08,-0.06,0.02,-0.18,21.21,35.49,20.79,-52.14,-7.5,-38.77,2
0.2,-0.15,-0.17,0.07,0.05,0.12,35.5,29.35,18.69,-29.97,-14.4,-46.65,2
0.31,-0.09,-0.16,0.03,0.1,-0.06,-2.95,22.24,7.55,-52.57,-14.64,-46.92,2
-0.16,-0.01,-0.06,0.02,0.05,-0.12,-6.65,8.91,-10.08,-40.03,-9.11,-22.35,2
-0.07,0.05,0,-0.02,0.02,-0.13,-2.45,17.47,-7.14,-32.8,-14.15,-6.88,2
-0.33,-0.21,-0.13,-0.97,0.06,-0.48,-3.33,44.69,-2.66,-2.26,-4.95,9.59,2
-2,1.53,0.23,-2,-0.09,-2,-89.18,55.05,53.37,31.13,29.11,-31.61,2
-2,0.54,-0.03,-2,0.14,-1.29,-29.1,-33.85,-13.28,27.25,4.82,-9.35,2
-1.01,0.25,0.07,-0.92,0.18,-0.66,-8.72,-3.7,10.76,19.44,1.4,0.47,2
-0.04,0.04,0.01,0.1,0.08,-0.01,34.53,18.48,15.52,7.44,7.9,22.27,2
0.21,-0.22,-0.33,0.01,0.08,-0.04,14.13,-5.25,0.85,22.71,-9.87,-10.19,2
-0.11,0.15,-0.03,-0.09,0.2,-0.03,-15.14,4.62,-21.76,23.3,-3.65,14.56,2
-0.2,0.06,-0.02,-0.02,0.23,-0.03,-12.08,-22.43,-31.33,0.15,-2.37,23.3,2
0.12,-0.02,-0.03,-0.12,0.09,-0.05,-11.39,22.09,-12.87,-53.4,-25.29,7.95,2
-0.73,-0.06,-0.32,-0.83,-0.12,-0.78,-37.92,3.44,-21.23,21.55,-14.69,51.4,2
-2,0.23,0.52,-2,0.07,-2,3.47,-45.74,-12.54,98.98,6.48,28.63,2
-2,0.25,0.64,-2,0.6,-1.6,-7.49,-20.87,-9.58,45.43,6.66,-25.13,2
-0.97,0.08,0.08,-0.87,0.24,-0.47,-9.42,-28.07,2.17,-3.14,-22.24,-23.11,2
0.08,0.05,-0.03,0.13,0.17,-0.1,22.74,17.56,17.77,-24.89,2.63,16.82,2
0.36,-0.15,-0.2,0.01,0.23,0.02,3.44,6.02,15.62,-97.82,-16.2,-55.09,2
0.12,-0.01,-0.01,0.09,0.11,-0.14,-2.37,19.08,8.92,-49.54,-8.46,-10.63,2
-0.11,-0.01,0,-0.05,-0.08,-0.17,-15.38,30.52,0.05,-23.93,-0.52,8.64,2
-0.01,0.11,0.04,-0.18,-0.1,-0.19,-3.82,14.65,-7.5,25.4,8.95,40.27,2
-2,1.43,-2,-2,0.24,-1.74,-162.85,-250.14,-100.12,84.69,56.69,38.63,2
-2,0.22,1.16,-2,0.2,-2,-30.37,-27.44,32.51,48.66,2.8,-80.73,2
-2,0.07,0.73,-2,0.37,-1.66,-13.27,-39.89,-23.46,-32.05,-13.46,-66.44,2
-1.06,0.17,0.13,-0.8,0.19,-0.7,40.47,33.89,3.89,-91.15,-24.05,-44.73,2
0.19,0,-0.1,0.3,-0.04,0.08,13.11,2.5,22.08,-30.78,1.17,20.8,2
0.48,-0.14,-0.21,0.16,0.02,-0.09,17.16,-24.32,19.41,-14.98,-10.28,-14.26,2
0.33,-0.12,-0.2,0.08,0.06,-0.27,3.43,13.17,11.45,23.32,-7.26,23.23,2
-0.06,0.06,0,0.07,-0.05,-0.07,16.88,39.07,-3.53,-1.87,7.95,5.89,2
-0.19,0.07,-0.05,-0.6,0.12,-0.4,-5.66,25.07,-0.68,9.41,8.32,24.64,2
-1.52,0.17,-0.32,-1.78,0.1,-1.25,-37.27,-94.56,-39.5,37.59,36.27,55.01,2
-2,0.99,0.36,-2,0.3,-1.79,6.57,-40.82,21.5,63.07,18.3,30.83,2
-2,-0.06,0.98,-2,0.51,-1.61,-43.56,-52.13,-20.85,11.34,7.95,-21.18,2
-0.19,0.18,0.13,-0.38,0.11,0.01,36.58,10.96,1.15,-32.31,-43.97,10.66,2
0.3,-0.02,-0.04,0.28,-0.25,0.05,31.47,27.59,8.53,-14.95,-42.82,10.81,2
0.4,-0.17,-0.2,0.04,0.18,-0.12,18.64,-5.77,8.5,-35.53,-22.92,-33.34,2
0.15,0.04,0.06,0.15,0.03,-0.04,8.26,29.44,6.04,30.66,-12.27,1.04,2
-0.01,-0.02,-0.02,0.11,0.05,-0.28,10.31,28.68,2.91,-7.47,4.17,14.45,2
0.06,-0.01,0.03,-0.41,0,-0.35,17.03,53.27,5.02,-9.44,16.51,25.91,2
-2,1.49,-1.25,-2,0.3,-1.75,-170.26,-250.14,-121.87,55.5,56.16,44.5,2
-2,0.35,0.47,-2,0.29,-1.62,14.12,-34.36,8.44,46.73,8.09,-31.14,2
-1.06,0.11,0.08,-1.02,0.43,-0.6,18.93,6.42,1.76,-33.04,-35.44,-56.07,2
-0.27,0.15,0.08,-0.24,0.21,-0.24,7.82,-5.14,1.66,-47.08,-27.73,-20.5,2
0.29,-0.03,-0.17,0.21,-0.08,0.01,31.8,34.36,12.13,-27.22,-4.82,4.07,2
0.37,-0.09,-0.17,0.17,0.1,-0.08,-7.27,18.92,10.95,-4.56,-11.32,-20.72,2
-0.07,-0.02,-0.02,0.04,0.06,-0.06,-20.1,46.34,-2.45,-10.08,2.47,-12.78,2
0.07,-0.02,-0.07,-0.02,0.08,-0.22,-12.4,45.12,-11.56,-19.95,7.11,-9.73,2
0.03,-0.11,-0.37,-0.49,-0.01,-0.27,-20.19,80.67,2.79,-18.35,12.21,3.99,2
-2,0.97,2,-2,-0.25,-2,102.66,250.13,19.27,34.95,51.13,28.87,2
-2,0.28,0.31,-2,0.24,-1.39,-6.98,-40.21,-16.92,-49.98,-7.84,-45.02,2
-1.27,0.19,0.04,-1.02,0.31,-0.82,12.7,-16.53,-8.49,-68.02,-41.21,-32.87,2
-0.11,0.13,0.09,-0.12,-0.13,0.14,1.85,-13.78,7.47,-42.48,-29.19,10.08,2
0.36,-0.05,-0.16,0.17,0.04,0.15,1.79,1.1,22.51,-30.55,-17.95,-6.26,2
0.24,-0.1,-0.06,0.14,0.1,-0.26,-5.34,18.59,4.13,46.25,-13.76,6.79,2
-0.01,0,0,0.05,0.05,-0.29,2.66,48.82,-1.11,43,4.05,15.86,2
-0.08,0.07,-0.01,0.02,0.1,-0.2,-23.15,50.72,-0.87,11.67,21.5,20.53,2
-0.85,-0.14,-0.11,-1.11,-0.05,-1.09,-14.31,1.66,-9.38,90.34,57.2,89.07,2
-2,-0.14,1.02,-2,0.09,-1.72,20.73,-42.63,-2.71,-55.18,23.72,-1.71,2
-2,0.12,0.64,-2,0.27,-1.03,20.51,-42.66,-21.93,-55.02,5.31,-28.9,2
-0.78,0.2,0.11,-0.7,0.26,-0.44,56.84,3.46,0.57,31.96,-31.77,8.54,2
0.02,0.14,0.04,-0.01,0.06,-0.02,21.33,45.38,14.32,-14.97,-40.46,-24.73,2
0.34,-0.15,-0.15,0.08,0.15,-0.11,11.27,7.81,9.39,-9.94,-12.03,-44.65,2
0.18,0.04,-0.02,0.14,0.13,-0.2,-7.2,49.13,6.73,4.23,-3.54,-42.32,2
0.09,0.1,0.02,0.01,0.09,-0.18,-3.43,76.31,8.98,-2.79,14.78,-33.93,2
-0.05,-0.14,-0.13,-0.38,0.11,-0.36,3.04,75,-5.5,-1.18,34.25,1.92,2
-2,1.21,-0.63,-2,-0.26,-2,-6.9,-2.92,31.98,209.13,81.44,153.11,2
-2,-0.02,0.68,-2,0.26,-1.69,6.26,-44.38,-11.29,241.92,48.8,148.31,2
-1.9,0.26,-0.08,-1.54,0.79,-1.24,-0.08,-13.04,-7.66,-49.08,-27.98,-54.85,2
-0.35,0.16,-0.01,-0.15,-0.08,-0.31,38.11,-5.45,5.29,-215.76,-49.59,-116.15,2
0.44,-0.2,-0.1,0.08,-0.1,-0.1,12.26,-15.01,15.64,6.07,-17.84,1.92,2
0.35,-0.07,-0.14,0.3,-0.06,-0.29,-5.29,5.56,6.99,151.05,-0.98,95.39,2
0.03,0.07,0.1,0.01,0.25,-0.04,-17.38,16.42,-0.6,36.89,-4.12,29.66,2
0,-0.01,-0.02,0.07,0.12,-0.19,-18.06,24.45,1.82,-25.98,7.85,-1.12,2
-2,-0.01,-0.06,-1.42,-0.03,-1.29,-53.4,-150.74,-34.05,28.65,5.18,47.01,2
-2,1.65,0.72,-2,0.12,-1.94,12.99,36.7,2.25,72.59,26.59,92.96,2
-2,0.17,1.23,-2,0.37,-1.98,-28,-76.06,-8.37,93.67,51.18,119.13,2
-1.61,0.22,0.28,-1.13,0.47,-0.95,5.17,-9.61,-3.52,132.99,-20,100.55,2
0.11,0.04,-0.02,0.28,0.01,0.01,35.68,37.46,15.53,-83.81,-24.72,-59.34,2
0.35,-0.19,-0.21,0.16,-0.13,-0.11,25.79,18.29,15.01,-64.5,-15.53,-58.15,2
0.31,-0.16,-0.14,0.01,-0.11,-0.15,-0.33,-3.47,1.37,-37.47,-10.78,-53.78,2
-0.03,0.03,0.1,-0.06,-0.04,-0.05,-5.27,35.24,-2.98,-29.27,-1.5,-38.3,2
-0.03,0.02,0.11,-0.29,0.01,-0.2,-16.66,29.38,-11.39,16.73,-5.5,-13.43,2
-0.61,-0.08,0.15,-1.11,0.07,-0.97,6.11,-4.47,-35.41,61.99,33.12,31.3,2
-2,0.53,2,-2,-0.13,-2,8.21,168.84,69.95,77.74,26.18,42.42,2
-2,-0.01,1.06,-2,0.58,-1.65,-30.62,-37.98,-17.6,36.34,-2.82,22.76,2
-0.33,0.05,0.17,-0.01,0.21,-0.16,31.1,23.2,6.06,-182.69,-41.45,-96.11,2
0.31,0.06,-0.05,0.17,-0.24,0.07,3.02,22.8,12.99,-130.29,-22.64,-70.82,2
0.43,-0.1,-0.25,0.11,0.13,-0.1,-7.71,-14.04,10.44,-48.73,-21.31,-51.75,2
0.08,-0.08,-0.16,0.12,-0.06,-0.26,19.2,44.07,11.25,-3.11,-22.54,-11.07,2
0.08,0.09,0.22,0.23,-0.26,-0.52,-15.23,13.11,20.42,90.11,37.36,59.76,2
-0.12,-0.01,-0.06,-0.05,-0.03,-0.57,-30.61,13.29,6.81,146.62,61.49,85.05,2
-1.17,-0.05,0.04,-1.72,0.13,-0.52,-25.56,-85.6,-37.93,21.58,15.32,31.31,2
-2,1.42,-0.54,-2,0.48,-1.67,11.31,-74.65,18.48,4.81,21.41,-33.01,2
-1.7,0.28,0.18,-1.37,0.48,-1.06,1.31,3.74,-6.28,39.11,-60.48,15.56,2
-0.63,0.11,0.13,-0.42,0.52,-0.4,21.69,4.89,0.61,-91.66,-54.59,-26.13,2
0.21,0.04,-0.11,0.26,-0.43,0.1,33.61,69.36,22.03,-96.27,-30.05,-4.78,2
0.43,-0.16,-0.18,0.22,0.05,-0.15,30.61,-17.46,7.97,0.73,-11.08,19.28,2
-0.09,0.12,0.1,0.09,0.02,-0.16,1.69,44.08,4.52,-22.5,10.5,-7.91,2
-0.05,0.08,-0.01,0.06,-0.14,-0.29,-15.48,6.59,-1.5,-17.35,13.25,-9.24,2
0.18,0,0.08,-0.21,-0.28,-0.13,21.79,58.08,8.1,4.92,14.66,-18.02,2
-2,0.72,-0.32,-2,0.09,-1.9,-119.82,-180.06,-59.92,114.34,85.04,33.47,2
-2,-0.01,1.26,-2,0.3,-1.94,12.42,-32.31,-8.76,-23.47,16.48,-27.19,2
-2,0.43,0.22,-1.58,0.46,-1.21,12.26,1.02,-2.83,-68.26,-26.19,-64.4,2
-0.42,0.24,0.18,-0.3,0.1,-0.23,30.38,6.47,11.33,-88.63,-11.88,-44.24,2
0.19,0.02,-0.05,0.3,-0.22,0.03,37.62,33.89,27.82,-47.05,-17.56,-26.24,2
0.2,-0.13,-0.08,0.12,0.04,-0.24,-0.27,17.21,-2.15,55.79,-18.97,23.98,2
-0.04,0.06,0.1,0.08,0.18,-0.23,6.94,33.93,-7.41,32.43,-1.38,22.56,2
-0.08,0.03,-0.02,0.08,0.07,-0.08,-11.78,-8.66,-9.99,15.31,4.76,29.99,2
0.07,-0.07,0.02,-0.33,0.03,-0.39,11.33,32.37,-0.69,32.24,14.77,55.73,2
-2,1.44,0.27,-2,0.64,-1.58,34.08,-13.6,28.03,-20.39,20.55,-0.3,2
-2,-0.09,1.07,-2,0.32,-1.9,-31.5,-77.35,3.21,-99.05,-16.09,-23.91,2
-1.87,0.26,0.28,-1.45,0.15,-1.09,-0.18,-42.6,-7.63,13.95,-64.76,33.51,2
-0.37,0.14,0.14,-0.22,0.11,-0.23,-12.37,-36.85,-1.67,0.74,-53.53,21.08,2
0.53,-0.1,-0.22,0.2,-0.06,-0.19,-8.96,16.92,15.65,-0.56,-16.88,-9.74,2
0.38,-0.21,-0.21,0.07,-0.21,-0.3,-13.75,23.15,9.37,-0.73,-0.12,-28.28,2
-0.06,-0.05,-0.14,0.12,0.01,-0.15,-4.34,63.95,4.6,-0.63,15.63,-16.45,2
-0.09,0.06,0.05,-0.11,-0.11,-0.32,-24.58,73.52,13.17,-15.66,23.7,-20.02,2
-1.63,0.1,-0.51,-1.65,0.1,-1.22,-27.27,-79.27,-40.68,-48.43,66.54,-17.02,2
-2,0.61,1.14,-2,0.11,-2,-33.67,138.62,49.24,-3.61,58.14,13.79,2
-2,0.12,1.13,-2,0.39,-1.92,-32.19,-60.01,8.16,31.73,15.93,-2.54,2
-1.33,0.17,-0.15,-1.34,0.49,-0.57,32.79,2.56,-0.09,34.17,-12.83,-19.02,2
0.32,0.04,0.02,0.11,-0.06,0.1,22.16,31.59,20.53,-82.68,-23.41,-52.59,2
0.32,-0.08,-0.19,0.13,0.06,0.01,11.17,15.32,20.02,-30.65,-27.55,-43.7,2
0.26,-0.13,-0.16,0.09,0.07,-0.18,-19.34,23.05,3.82,10.9,8.15,-21.92,2
-0.15,0.18,0.03,0.09,0.07,-0.18,-19.34,23.05,3.82,10.9,8.15,-21.92,2
-0.15,0.18,0.03,0.09,0.07,-0.18,-19.34,23.05,3.82,10.9,8.15,-21.92,2
-0.15,0.18,0.03,0.09,0.07,-0.18,-19.34,23.05,3.82,10.9,8.15,-21.92,2
-2,1.15,-0.56,-2,0.4,-1.71,-27.31,-45.08,-2.33,59.8,29.24,9.11,2
-2,0.01,0.68,-2,0.31,-1.78,-35.44,-55.09,-14.61,-30.05,14.63,-3.95,2
-1.01,0.13,0.18,-0.97,0.1,-0.53,20.35,-15.53,-4.25,-63,-7.21,-3.25,2
-0.3,0.13,-0.03,-0.2,0.01,-0.13,15.15,0.56,2.9,-86.09,-20.68,-18.16,2
0.38,-0.02,0.03,0.29,-0.16,0.09,43.89,16.52,14.63,-74.89,-13.17,-46.34,2
0.46,-0.07,-0.15,0.07,-0.1,-0.17,10.94,22.15,12.4,-36.76,-2.94,-61.07,2
0,0.04,-0.04,0.01,-0.07,-0.13,-21.02,56.78,-10.16,42.97,27.6,-6.36,2
-0.02,0.06,-0.11,0,-0.04,-0.13,-19.44,42.84,-5.8,22.84,18.54,-12.5,2
-0.51,-0.1,-0.07,-0.68,0.17,-0.59,6.32,18.87,0.07,16.82,38.83,11.37,2
-2,0.12,2,-2,-0.05,-1.82,111.28,224.1,-6.24,69.78,40.85,61.54,2
-2,0.24,0.16,-2,0.41,-1.62,-5.66,-59.49,-9.27,15.08,-5.06,14.99,2
-1.35,0.19,0.08,-1.37,-0.04,-0.58,43.61,-4.23,0.99,-24.84,-11.82,0.13,2
-0.17,0.13,0.09,-0.23,-0.01,-0.02,-4.95,-22.41,14.92,-63.24,-12.33,-23.56,2
0.32,-0.05,-0.19,0.19,-0.1,0.08,26.18,12.15,26.89,-76.44,-26.05,-37.91,2
0.26,-0.11,-0.1,0.16,-0.04,-0.23,-9.09,13.01,1.15,37.34,-13.98,7.64,2
-0.02,0.05,-0.08,0.09,0.08,-0.17,-5.93,62.18,-8.67,38.18,-2.88,8.94,2
-0.04,0.11,0,0.03,0.05,-0.17,-30.83,37.27,-2.3,12.05,5.72,17.6,2
-0.1,-0.03,-0.18,-0.79,0.22,-0.51,9.34,55.39,9.36,-3.55,2.35,4.54,2
-2,0.86,0.34,-2,0.03,-1.56,-26.67,-93.85,16.75,38.6,18.38,43.69,2
-2,-0.31,0.88,-2,0.45,-1.65,-28.11,-75.76,-20.66,14.55,-16.08,-9.62,2
-1.32,0.28,-0.04,-0.93,0.17,-0.67,18.31,2.27,-11.12,48.8,-76.79,13.23,2
-0.07,0.2,0.23,0.11,0.02,-0.16,12.81,37.87,14.93,10.59,-5.06,17.4,2
0.39,-0.22,-0.23,0.05,0.06,-0.18,0.31,-8.74,15.67,-20.28,-0.17,-24.09,2
0.27,-0.17,-0.22,0.05,0.05,-0.16,-13.54,29.77,5.06,-19.03,10.32,-12.7,2
-0.07,0.08,-0.08,0.09,-0.04,-0.08,5.17,59.78,-6.52,-23.35,16.71,-3.85,2
-0.04,0.01,-0.05,-0.07,-0.06,-0.16,4.15,17.91,-4.45,-60.4,14.52,-10.79,2
-2,-0.06,-1.38,-2,0.16,-2,-124.02,-250.14,-114.27,-16.53,80.25,28.08,2
-2,0.71,0.56,-2,0.17,-2,15.05,-14.33,24.07,53.4,29.21,5.98,2
-2,0.11,0.65,-2,0.36,-1.46,18.32,-30.74,-6.85,48.11,23.63,5.97,2
-1.11,0.19,-0.03,-0.92,0.43,-0.55,34.28,12.5,4.48,-84.04,-13.12,-65.49,2
0.39,-0.07,-0.13,0.24,-0.03,0.18,46.11,19.42,26.65,-19.31,-7.15,-21.15,2
0.44,-0.19,-0.19,0.07,0.21,-0.09,9.28,-12.4,17.46,11.08,-23.26,-7.68,2
0.1,0,-0.1,0.06,0.09,-0.07,-8.62,30.33,4.34,24.47,-9.61,0.42,2
-0.07,0.08,0.04,0.05,0.11,-0.19,-19.02,12.69,-1.43,3.85,1.17,5.09,2
-0.15,-0.1,0.05,-0.49,0,-0.53,8.13,39.02,8.08,24.32,-8.44,43.5,2
-2,0.42,-0.32,-1.71,0.41,-1.18,-120.47,-151.7,-64.73,53.95,16.52,98.53,2
-2,0.82,0.61,-2,0.19,-2,5.7,-0.55,32.61,109.08,9.16,82.11,2
-2,0.08,0.65,-2,0.45,-1.29,6.34,-28.88,-25.2,4.49,4.18,-0.18,2
-0.26,0.22,0,-0.13,0.09,-0.2,32.02,14.21,14.02,-45.72,-29.66,-36.85,2
0.19,0.12,-0.05,0.28,-0.19,0.09,33.02,43.47,30.63,-27.63,-19.47,-28.98,2
0.4,-0.16,-0.21,0.07,0.14,-0.1,21.19,-3.4,18.67,-5.96,-12.03,-34.35,2
0.11,0.01,-0.14,0.11,0.01,-0.18,-0.6,41.33,-7.05,-12.39,-0.98,-39.88,2
-0.07,-0.03,-0.02,0.01,0.13,-0.22,-23.38,15.95,-1.89,-5.72,17.24,-6.81,2
-0.01,-0.04,-0.02,-0.17,0.26,-0.25,-13.81,38.88,0.61,-63.89,15.34,-26.63,2
-2,0.43,-0.59,-1.85,0.2,-1.25,-78.31,-165.4,-52.92,-167.7,29.59,-88.02,2
-2,0.51,0.77,-2,-0.05,-1.84,15.76,-23.99,21.67,-10.22,34.05,4.81,2
-1.74,0.38,0.27,-1.49,0.53,-0.89,30.86,-4.98,-7.08,83.07,4.56,20.14,2
-0.69,0.23,0.2,-0.58,0.27,-0.28,8.7,-31.6,3.47,-42.94,-32.66,-39.5,2
0.07,0.02,-0.08,0.32,-0.02,-0.14,24.63,47.14,10.78,11.95,-13.92,0.97,2
0.44,-0.21,-0.23,0.04,0.09,-0.02,39.5,6.46,-2.58,-9.98,-34.92,-15.1,2
0.01,0.04,-0.02,0.06,0.04,-0.17,1.89,44.97,0.58,61.17,4.96,39.89,2
-0.17,0.07,-0.01,0.03,0.07,-0.14,-15.34,33.71,-4.73,34.48,-5.28,19.91,2
0.04,0.03,-0.01,-0.32,0.12,-0.24,7.56,33.58,-1.2,-7.07,-21.78,27.31,2
-2,0.59,-1.48,-2,0.01,-1.74,-65.22,-247.42,-85.29,86.92,39.08,110.45,2
-2,-0.07,0.89,-2,0.42,-1.64,-41.32,-74.21,-8.08,22.69,3.5,33.4,2
-1.82,0.36,0.07,-1.36,0.44,-1.08,3.72,-8.98,-1.53,29.35,-21.47,41.89,2
-0.22,0.2,0.23,-0.22,-0.03,-0.05,0.2,-9.02,12.56,70.82,-33.1,49.25,2
0.34,-0.06,-0.2,0.18,0.12,-0.03,-1.93,47.66,26.93,79.82,-5.21,47.18,2