-1.81,0.54,-0.41,-1.9,0.29,-0.45,-69.9,-17.52,0.88,-53.28,0.42,-142.35,7
-2,0.21,-0.39,-2,0.87,-0.31,-21.87,-82.56,21.36,-137.31,11.56,-125.51,7
-2,0.16,-0.17,-2,0.06,-0.98,52.7,-24.82,27.61,-205.24,-46.94,-40.24,7
-2,0.06,-0.07,-1.74,-0.08,-0.54,40.04,-130.44,68.63,-77.67,-106.79,45.94,7
-0.04,-0.44,-0.51,-0.58,0.41,-0.04,123.34,3.92,35.31,55.2,-58.18,106.9,7
0.21,0.17,-0.27,-0.74,0.01,-0.41,74.7,70.56,-26.6,56.4,-74.55,75.69,7
0.18,0.58,0.08,-0.31,0.15,-0.4,10.95,30.63,-44.16,45.57,-42.96,94.31,7
0.03,0.18,0.26,0.2,-0.35,-0.22,4.33,25.35,-35.4,42.14,-37.21,71.67,7
0.05,-0.05,-0.16,1.08,-0.47,-0.07,9.51,-44.4,-1.89,82.23,-20.96,9.29,7
0.06,0.28,-0.2,1.08,-0.25,-0.03,23.97,-6.61,38.66,88.18,5.71,-17.96,7
-0.82,-0.09,-0.24,-0.01,0.49,0.1,21.46,-51.27,59.02,77.21,58.66,-56.36,7
-2,0.53,-0.25,-2,1.17,-0.5,-38.89,108.7,18.79,204.22,170.85,-99.35,7
-2,-0.16,-0.02,-2,0.99,-0.44,-78.86,-51.21,24.84,-53.44,59.75,14.58,7
-1.6,-0.05,-0.21,-2,0.48,-0.34,66.99,16.76,47.47,-137.62,80.41,90.82,7
-0.42,0.05,0.15,-1.14,0.66,0.69,35.96,21.5,36.45,-178.34,74.97,137.94,7
0.45,-0.13,-0.46,0.21,-0.63,0.27,26.34,5.84,-4.27,45.24,-52.51,36.08,7
-0.01,0.03,0.05,0.49,0.04,0.05,22.47,53.52,-21.25,9.26,-6.8,-45.8,7
-0.27,-0.17,-0.16,0.07,0.14,0.2,51.34,19.62,-20.88,16.88,-11.32,-54,7
-2,-0.25,-0.34,-1.41,0.63,0.06,-24.55,-113.43,-55.04,115.05,22.02,-58.34,7
-1.49,0.71,-0.14,-2,1.71,-0.05,7.96,4.34,-18.52,-88.78,-27.41,-22.85,7
-2,-0.74,-0.33,-2,0.78,-1.13,72.28,-62.93,-71.02,-250.14,-3.07,-5.55,7
-2,0.68,-0.08,-1.61,0.84,-0.12,37.69,-58.77,-79.45,-178,19.73,-13.05,7
-0.47,0.8,-0.22,-0.16,-0.33,0.08,-76.68,-95.61,-34.47,-41.07,-35.26,47.08,7
0.58,-0.02,-0.38,0.45,0.5,-0.55,-115.31,-102.86,8.89,248.24,-100.7,24.74,7
-0.27,-0.1,0.25,0.43,-0.21,-0.22,13.12,42.16,30.92,33.21,-4.48,-66.15,7
-0.42,-0.22,0.27,0.24,0.19,-0.19,7.76,-43.12,44.35,131.76,-5.99,-52.52,7
-0.03,-0.19,-0.11,-0.01,0.47,-0.1,14.59,-34.11,15.4,134.21,-23.81,-31.61,7
0.27,0.17,-0.28,-0.57,0.03,0.3,-2.14,-17.5,-0.11,168.99,-31.87,16.28,7
-2,-0.06,0.18,-2,1.33,0.15,-194.81,-16.08,-112.15,121.29,14.63,-22.48,7
-2,0.82,0.07,-2,1.43,-0.69,-198.59,-15.65,-37.97,-250.14,34.36,-168.27,7
-1.93,-0.8,0.75,-2,0.26,-0.27,-0.86,3.6,-23.74,-166.74,18.46,-29.85,7
-1.22,-0.02,-0.31,-1.13,0.07,-0.3,48.99,16.96,-14.96,-134.34,-53.23,11.24,7
-0.29,0.24,-0.08,-0.15,0.15,-0.18,16.12,-13.44,8.98,110.11,-91.58,86.95,7
0.05,0.12,-0.26,-0.02,0.19,-0.07,-0.74,20.33,32.23,129.98,-67.77,95.44,7
-0.44,-0.06,-0.04,-0.36,0.43,-0.39,34.07,68.47,40.6,57.64,-25.82,65.38,7
-2,0.4,0.49,-0.8,0.66,-0.99,33.61,75.63,-18.24,129.74,1.46,8.02,7
-0.92,0.07,0.07,-0.7,0.9,-0.28,-15.05,11.08,20.85,-5.61,61.79,-42.44,7
-0.43,-0.05,-0.22,-0.39,0.58,0,-15.95,65.22,-6.34,-26.47,85.5,-36.35,7
-0.06,0.12,-0.14,-1.25,0.02,2,-23.76,45.3,-26.37,-108.69,-5.3,-25.6,7
-0.2,0.07,-0.27,0.09,0.23,0.27,-4.7,22.17,-16.95,-22.89,-25.68,-40.91,7
-1.61,0.55,0.12,-1.49,0.83,-0.03,-29.23,-20.82,-10.04,-99.53,2.39,-151.73,7
-2,0.4,-0.3,-2,0.79,-0.51,-57.27,-61.73,19.73,-77.33,-5.81,-181.56,7
-2,-0.12,-0.51,-2,0.5,-0.47,-52.95,-27.21,30.19,-148.24,-29.18,-151.85,7
-2,-0.05,0.07,-1.96,0.15,-0.55,-7.17,-81.7,79.05,-83.31,-35.3,7.11,7
-0.37,-0.52,-0.4,-0.62,0.47,0.15,92.61,-12.85,74.31,41.73,-44.02,105.61,7
0.39,-0.2,-0.32,-0.53,-0.1,-0.5,96.92,4.93,-3.2,31.08,-51.34,116.98,7
0.37,0.47,-0.17,-0.19,-0.18,-0.42,33.05,54.51,-25.09,69.64,-52.37,109.12,7
-0.04,0.33,0.2,-0.01,-0.04,-0.3,-1.34,74.25,-35.69,76.5,-50.18,90.26,7
-0.18,-0.13,0.02,0.52,-0.11,-0.16,0.32,-34.53,-6.32,47.75,3.24,40.45,7
-0.04,0.15,-0.07,0.67,-0.12,-0.01,19.15,-12.57,43.84,47.34,39.16,13.6,7
-0.58,0.07,-0.34,-0.03,0.4,-0.06,2.92,-23.24,61.7,53.88,122.24,-18.09,7
-2,-0.21,0.28,-2,1.53,-0.31,-54.67,41.89,13.4,67.47,187.95,-61.05,7
-2,-0.5,0.26,-2,1.33,-0.47,-30.61,-51.51,12.13,-24.27,74.72,43.52,7
-1.08,0.24,-0.23,-1.94,1.08,0.59,20.17,-19.77,11.8,-80.39,3.87,126.21,7
-0.18,-0.09,-0.33,-0.11,-0.23,-0.04,54.56,3.16,21.73,58.58,-73.72,57.47,7
0.54,-0.03,-0.13,0.38,0,0.17,56.17,41.55,-4.84,3.66,-69.4,29.32,7
-0.15,0.1,-0.09,0.16,0.43,0.1,25.47,62.08,-15.05,-13.42,-0.68,-32.19,7
-1.52,-0.17,-0.05,-0.27,0.03,-0.03,27.6,-16.07,-22.11,-49.43,21.08,-81.41,7
-1.24,0.19,0.15,-2,0.29,-0.11,-17.73,-18.49,-26.98,-34.7,30.11,-146.47,7
-1.91,0.16,-1.1,-2,0.47,0.37,-11.38,47.95,-1.29,-22.98,-18.08,-30.5,7
-2,-0.31,-0.49,-2,1.12,-0.84,96.82,-93.79,-26.64,-193.77,-129.44,23.69,7
-2,0.19,-0.39,-2,1.38,-0.79,74.49,-85.69,-95.91,-18.4,-190.79,43.21,7
-1.37,0.51,-0.21,1.43,-0.02,-0.4,25.56,-150.83,-107.45,103.63,-45.47,-49.87,7
0.65,0.13,-0.27,1.47,-0.3,0.04,-19.83,-136.73,-18.08,94.95,20.3,-24.54,7
0.12,0.11,-0.1,-0.08,0.27,0.08,-42.28,121.16,-18.52,100.37,61.4,-104.02,7
-0.67,0.21,0.4,-0.2,0.4,0.08,17.77,12.29,38.79,149.11,53.9,-3.75,7
-0.29,0.13,0.15,-0.03,0.35,0.04,12.31,-30.23,65.33,101.18,18.42,40.81,7
0.15,-0.16,0.18,0.35,0.43,0.32,67.77,-58.8,60.08,-19.63,5.18,44.82,7
0.14,0.04,-0.42,-0.14,0.26,-0.35,14.21,42.31,-1.79,85.16,-97.53,-43.71,7
-0.88,0.4,0.17,-0.19,1.35,-1.1,-70.25,33.79,-71.7,137.56,-17.49,-36.7,7
-2,0.98,0.97,-2,0.93,-0.7,-94.6,61.24,-99.8,-250.14,169.43,-250.14,7
-2,-0.07,1.1,-2,0.86,-0.56,-49.69,79.44,-3.86,-250.14,34.17,-36.09,7
-1.18,0.25,0.19,-0.5,0.42,-0.69,37.06,27.31,-3.53,85.35,-97.93,38.98,7
-0.25,0.17,-0.25,0.12,0.16,-0.08,-17.18,-53.85,5.72,174.54,-113.18,85.76,7
0.22,0,-0.29,0.34,0.45,-0.25,13.15,8.33,21.34,157.62,-51.53,93.49,7
0.13,0,-0.11,0.21,0.27,-0.31,24.14,94.69,16.81,28.35,1.79,65.5,7
-0.45,0.26,-0.25,-0.1,0.09,-0.18,-45.67,49.21,-8.02,16.54,11.34,11.15,7
-1.82,0.43,-0.13,-0.74,0.25,-0.19,-71.02,8.81,-21.39,20.07,26.75,-48.31,7
-1.82,0.45,-0.32,-2,0.7,-0.17,-49.5,-32.67,6.76,-42.66,60.85,-191.82,7
-2,0.12,-0.38,-2,0.98,-0.14,-16.87,-45.27,-7.44,-243.89,56.2,-250.14,7
-2,0.23,-0.06,-2,0.2,-0.56,-23.69,-94.85,60.43,-85.21,-23.76,-25.82,7
-2,-0.17,-0.42,-1.51,0.08,0.17,-36.21,-115.83,86.62,85.46,-61.15,56.95,7
-0.57,-0.56,-0.31,-0.62,0.6,0.43,84.5,-86.3,94.83,185.47,-39.63,133.34,7
0.63,-0.24,-0.38,-0.59,0.29,-0.07,98.7,-13.04,1.5,58.65,-39.32,149.82,7
0.07,0.48,0.07,-0.13,0.11,-0.39,9.2,72.16,-33.92,59.47,-33.44,123.05,7
-0.29,-0.03,0.18,0.13,0.03,-0.07,-7.79,54.08,-42.34,50.89,-37.95,81.92,7
-0.09,0.12,0.19,0.5,-0.17,-0.26,-33.9,-12.6,-59.67,4.7,-9.73,59.82,7
0.1,0.1,-0.16,0.91,-0.59,-0.13,-7.53,-23.05,8.53,21.28,8.47,53.91,7
-2,-0.71,-0.26,-0.34,0.95,0.01,-33.24,-131.95,30.92,41.67,127.73,-46.8,7
-2,0.44,0.35,-2,1.28,-0.29,-33.53,76.69,39.45,153.93,202.71,-93.03,7
-2,0.06,-0.53,-2,2,-0.57,-152.21,44.66,49.41,-35.47,179.57,-198.76,7
-2,-0.3,0.91,-2,0.77,-0.37,10.16,-16.42,27.39,-250.14,99.51,-59.15,7
-0.2,-0.32,-0.3,0.01,0.02,0.16,64.56,-16.14,34.55,-11.05,-114.69,33.86,7
0.87,0.17,-0.07,0.56,-0.03,-0.15,18.61,48.92,-6.08,112.67,-76.39,27.44,7
-0.11,0.12,-0.02,0.35,0.21,-0.15,2.95,85.79,-16.85,83.18,13.62,-0.23,7
-0.46,-0.06,-0.27,-0.06,0.42,-0.05,-23.21,44.5,-21.25,19.13,14.16,-21,7
-0.93,0.92,-0.76,-1.61,0.58,-0.13,-26.84,108.18,22.47,-42.24,10.34,-58.85,7
-1.86,-0.06,0.2,-2,0.95,0.03,39.84,55.05,30.89,-109.38,27.23,-1.24,7
-2,-0.42,-0.87,-2,0.42,-0.93,-10.69,-46.95,-13.13,-218.09,38.18,71.66,7
-2,-0.1,-0.55,-2,0.87,-0.58,123.15,-89.6,-26.27,-209.47,-16.22,0.26,7
-1.98,0.58,-0.22,-1.22,0.78,-0.18,74.35,-103.39,-100.31,102.52,-159.29,-14.57,7
-0.27,0.79,-0.09,0.43,-0.07,-0.13,18.3,-133.4,-82.51,186.18,-121.02,-4.06,7
0.82,0.1,-0.25,1.14,-0.06,-0.06,-52.15,-154.61,-22.27,250.13,-96.6,19.55,7
0.52,-0.32,-0.56,0.49,0.59,0.27,-24.29,25.46,-9.41,34.6,4.77,-42.05,7
-0.35,0.16,0.12,0.14,-0.1,0,37.24,-30.68,79.66,4.44,-5.12,13.21,7
0.04,-0.03,0.01,0.22,0.03,0.03,50.66,-34.61,82.73,68.14,-32.78,38.14,7
0.19,-0.21,-0.14,0.19,0.23,0.03,65.27,-51.68,49.95,38.39,-35.76,31.91,7
0.23,-0.08,-0.54,0.12,0.22,-0.02,58.12,7.05,0.02,16.79,-26.69,-4.21,7
-2,-0.08,0.5,-2,1.56,-1.84,-15.55,66.05,-40.79,196,58.69,-220.39,7
-1.89,1.16,-0.13,-2,2,-0.65,-118.77,87.93,-6.92,3.06,71.88,-227.49,7
-2,0.4,0.8,-2,-0.66,-1.12,-36.14,-115.12,-41.53,-50.02,-28.39,115.32,7
-1.33,0.41,-0.07,-1.68,0.16,-0.34,142.79,93.18,-5.65,-221.66,7.08,80.33,7
-0.03,0.12,-0.24,0.21,-0.04,-0.07,-64.63,-56.56,-35.94,157.08,-116.59,62.15,7
0.76,0.07,-0.22,0.83,0.36,-0.35,-50.34,44.36,-13.37,150.43,-64.67,49.89,7
-0.36,0.13,-0.47,0.67,0.04,-0.38,-46.15,138.79,-22.79,-41.21,40.34,-8.79,7
-0.95,0.16,0.11,0.07,0.07,-0.09,-61.75,63.74,-34.85,2.73,71.95,-69.38,7
-1.38,0.24,-0.06,-1.49,0.64,-0.45,-71.36,1.74,-25.65,10.27,65.94,-142.2,7
-1.59,0.42,-0.41,-2,0.33,0.03,-131.63,-30.71,-25.47,250.13,11.5,-9.95,7
-2,0.03,-0.45,-1.83,1.22,-0.5,-23.59,-33.63,-16.46,33.83,-79.08,-38.9,7
-2,0.04,-0.38,-2,0.64,-0.89,-35.88,-22.31,4.52,-190.16,20.34,-55.79,7
-1.68,-0.12,-0.16,-0.98,0.57,-0.48,-24.12,-103.74,75.51,-12.95,55.29,22.7,7
-0.5,-0.43,-0.25,-0.64,0.58,-0.05,70.77,-95.55,104.74,-160.64,51.17,38.44,7
0.84,-0.31,-0.48,-0.44,-0.46,-0.29,71.99,3.68,34.38,-128.66,42.05,84.73,7
0.48,0.22,-0.23,-0.32,-0.18,-0.16,23.78,85.98,-21.11,80.48,17.63,107.5,7
-0.3,-0.15,0.11,0.09,0.02,-0.16,2.22,30.47,-63.27,-23.71,-15.44,21.86,7
-0.17,-0.17,0.06,0.32,-0.1,-0.05,-18.47,4.56,-59.36,-106.56,11.82,16.92,7
-0.05,0.17,0.11,0.28,-0.64,0.24,-29.93,-44.62,13.33,-67.21,36.02,26.28,7
-0.69,0.24,-0.36,-0.06,0.14,-0.11,4.29,-41.24,79.25,60.95,70.95,-24.31,7
-2,0.11,0.23,-2,1.08,-0.76,7.95,-29.19,76.41,205.31,20.6,-20.86,7
-2,0.02,0.69,-2,0.28,-0.38,55.61,18.08,48.73,36.48,-9.63,148.82,7
-0.75,0.01,-0.24,-1.07,0.18,0.44,47.48,-60.5,29.82,-20.85,-28.05,86.78,7
-0.1,0.12,-0.09,-0.25,-0.01,0.16,35.4,-46.16,-2.44,48.41,-60.4,10.9,7
0.27,0.05,-0.1,0.28,0.4,-0.06,10.98,64.56,-15.25,53.89,-46.15,12.69,7
-0.39,-0.03,0.03,-0.12,0.36,-0.2,21.21,41.96,-25.1,-11.12,7.19,-9.44,7
-1.74,-0.33,0.25,-0.82,0.52,-0.46,-37.07,-52.6,-58.75,-23.95,11.89,-36.28,7
-1.04,0.33,-0.13,-1.38,0.82,-0.44,-6.24,34.48,-21.56,22,38.36,-32.76,7
-1.48,-0.63,-0.07,-1.66,0.38,0.2,31.86,48.5,-19.6,-250.14,77.76,25.73,7
-1.49,-0.37,0.09,-1.55,-0.27,0.04,51.91,61.82,-28,-250.14,45.13,-27.72,7
-1.72,-0.09,-0.43,-2,0.02,-0.98,56.3,11.5,-27.67,-40.19,-75.45,-50.44,7
-2,0.06,-0.17,-2,1.21,-1.03,-3.13,-25.75,-21.41,29.41,-112.03,74.66,7
-1.57,0.26,-0.27,-0.32,1.12,0.31,13.16,-93.46,-93.15,212.29,-4.47,0.27,7
0.03,0.61,-0.28,-0.38,-0.44,1.58,-25.92,-115.9,-46.27,62.68,-71.38,1.66,7
0.85,-0.11,-0.31,0.71,0.86,0.19,-63.63,-54.37,28.52,-81.37,-96.93,-34.59,7
0.29,-0.02,-0.22,0.24,0.19,0.12,-37.53,59.63,21.57,-46.01,-14.3,-50.9,7
-0.44,0.09,0.22,0.01,0.24,-0.36,7.98,16.24,89.49,-67.02,15.84,-46.02,7
0.06,-0.27,-0.04,-0.05,0.26,-0.26,10.82,-49.53,58.98,-122.3,8.4,-45.87,7
0.23,-0.1,-0.48,-0.36,0.12,-0.24,10.34,-15.7,5.39,-154.56,-15.79,-62.56,7
-1.81,0.15,-0.53,-1.46,0.35,-1.32,-39.41,29.61,-5.83,52.35,15.22,-72.76,7
-2,0.1,-0.94,-2,1.2,0.27,-91.81,48.65,-22.22,-226.83,182.85,-67.66,7
-1.65,0.29,0.2,-2,1.24,1.16,-50.6,12.08,-35.31,227.8,-104.71,103.25,7
-1,0.29,-0.08,-0.88,-0.03,-0.11,-16.53,-11.66,-17.18,-202.41,-32.11,-22.16,7
-0.25,0.18,-0.32,-0.58,0.32,-0.28,-62.44,-10.05,-20.79,-16.34,-62.85,35.62,7
-0.35,-0.02,-0.03,0.1,0.15,-0.22,-0.73,72.96,20.89,120.19,-50.92,55.15,7
-0.23,0.16,-0.14,0.18,0.19,-0.3,6.95,83.92,47.37,43.5,-11.84,36.76,7
-0.58,0.27,-0.24,-0.05,-0.15,-0.62,5.93,72.66,53.04,122.39,-19.42,13.44,7
-0.87,0.38,-0.33,-0.23,0.5,-0.78,-1.6,51.99,34.47,98.69,-38.64,-43.18,7
-1.12,0.35,-0.49,-1.21,0.94,-0.58,-4.6,-1.69,7.92,24.95,23.62,-78.73,7
-1.55,0.31,-0.47,-1.61,0.83,-0.33,0.25,-20.08,-11.43,-33.45,87.15,-54.32,7
-1.67,0.6,-0.37,-2,0.94,0.09,-17.4,-67.39,-40.34,-226.87,100.37,-43.05,7
-2,0.6,-0.34,-2,-0.69,0.21,-0.35,-76.21,-29.44,-193.37,7.76,-22.79,7
-2,0.88,-0.04,-1.72,0.49,-0.22,26.82,-118.13,60.55,-42.02,-121.97,-58.4,7
-1.4,-0.25,-0.61,-1.01,0.38,0.07,31.74,-171.25,101.69,61,-113.49,1.83,7
0.06,-0.57,-0.57,-0.48,0.58,-0.05,98.61,-64.13,58.1,124.33,-99.37,50.7,7
0.82,-0.14,-0.35,-0.83,0.36,-0.56,73.54,-26.24,-34.34,63.51,-103.27,91.82,7
-0.21,0.23,0.25,-0.2,0.2,-0.19,2.97,70.36,-59.38,-0.86,-30.71,147.96,7
-0.16,0.04,0.12,0.15,-0.01,-0.32,-36.82,20.37,-71.84,-13.11,-17.78,134.11,7
0.02,0.05,-0.03,0.58,-0.93,-0.33,-12.53,12.76,-47.53,-53.58,13.08,94.98,7
0.15,0.06,-0.2,0.74,-0.85,-0.14,-18.69,-17.05,16.34,31.41,40.24,13.02,7
-2,-0.24,-0.66,-1.89,1.01,-0.05,-153.92,-84.93,38.36,81.19,201.95,-51.46,7
-2,-0.17,-0.81,-2,2,0.17,0.44,-34.4,57.42,91.66,221.82,-91.59,7
-2,0.1,0.51,-2,0.9,-0.15,32.05,40.77,30.05,-126.02,-2.34,17.42,7
-1.08,-0.16,-0.25,-1.21,0.55,0.37,75.86,-44.67,54.6,73.47,17.44,124.79,7
0.56,-0.2,-0.28,0.3,-0.26,0.25,76.81,19.58,-23.18,137.53,-102.23,-3.03,7
0.53,0.35,-0.13,0.56,-0.13,0.05,42.92,75.68,-34.76,94.34,-80.21,-38.87,7
-0.15,0.07,0.09,0.43,0.07,0.1,40.07,35.68,-1.09,76.85,-46.79,-53.31,7
-0.53,-0.05,-0.15,-0.11,0.55,0.08,40.53,-11.21,3.91,85.83,-20.18,-30.24,7
-1.72,0.26,-0.08,-2,2,0.26,4.02,35.28,-36.55,-173.08,-15.56,8.11,7
-2,-0.64,-0.02,-2,1.27,-1.26,127.76,61.92,12.24,-249.89,-98.6,103.41,7
-2,0.14,-0.37,-2,1,-0.18,51.12,-94.47,-101.92,-69.6,-79.21,43.98,7
-0.77,0.96,-0.49,0.78,-0.28,-0.06,12.79,-93.63,-70.61,-34.17,-58.43,-25.74,7
0.95,-0.22,-0.57,0.86,0.06,0.06,-98.94,-36.65,10.73,-26.07,22.12,-114.88,7
0.29,-0.17,-0.14,0.04,0.3,-0.1,-75.6,92.53,-8.45,-17.81,105.54,-117.32,7
-0.72,-0.01,0.48,0,0.21,-0.28,-12.93,16.14,61.43,-15.34,109.44,-52.92,7
-0.23,-0.13,0.09,-0.09,0.32,0.09,40.42,-25.54,90.63,-4.21,24.34,-4.85,7
0.17,-0.16,-0.55,-0.51,0.01,0.09,30.84,-21.89,-4.61,43.15,-22.05,-18.24,7
-2,0.42,-0.12,-1.42,1.21,-0.74,-50.54,-12.39,-39.91,134.57,22.92,-68.33,7
-2,1.43,-0.36,-2,1.4,-0.4,-181.28,1.89,-56.3,-113.16,80.27,-78.44,7
-2,-0.09,0.46,-2,0.36,-0.76,27.79,-21.47,-21.1,-250.14,-19.6,74.83,7
-0.89,0.31,0.01,-0.45,0.35,-0.13,-33.44,-5.51,-30.89,78.27,-102.85,37.47,7
0.01,0.24,-0.23,0.53,0.27,-0.2,-36.56,19.38,-10.76,157.41,-74.66,57.4,7
0.43,-0.04,-0.07,0.67,-0.03,-0.24,-18.12,44.57,16.13,30.18,-11.35,18.55,7
0.25,-0.21,-0.41,0.43,-0.09,-0.05,23.84,82.39,12.49,-1.72,35.37,-27.49,7
-1.8,0.26,-0.04,-0.87,0.22,-0.08,-68.28,-11.22,-56.24,45.44,3.34,-123.94,7
-1.75,0.76,-0.31,-2,0.33,-0.19,-23,35.14,-3.54,101.11,3.89,-169.38,7
-2,0.19,-0.46,-2,1.15,-0.13,-49.78,-32.77,6.07,-26.55,-30.64,-41.53,7
-2,0.61,0.02,-2,0.67,-0.48,6.2,-41.63,32.07,-138.64,-42.67,17.8,7
-0.99,-0.6,-0.4,-0.62,0.66,0.34,50.34,-112.6,74.79,95.9,-51.86,126.47,7
0.12,-0.39,-0.37,-0.9,0.27,-0.06,105.12,-37.53,26.59,-51.62,-32.59,122.63,7
0.76,0.47,-0.35,-0.25,-0.34,-0.53,51.52,49.48,-27.69,34.72,-40.43,107.63,7
0.06,0.44,0.04,-0.01,0.03,-0.28,-10.46,79.82,-25.44,13.81,-29.73,51.2,7
-0.04,-0.07,0.07,0.84,-0.25,-0.22,-76.28,-13.69,-93.85,-15.8,46.56,-19.89,7
0.02,0.38,-0.23,0.83,-0.17,0.25,-40.58,22.95,-47.85,-35.41,67.12,-18.79,7
-0.25,-0.02,-0.07,0.41,-0.12,0.27,-6.94,-14.75,77.85,10.69,58.34,1.98,7
-2,-0.65,-0.57,-1.38,0.62,0.43,2.21,-133.62,70.3,25.41,96.47,-13.66,7
-2,-0.18,-0.32,-2,1.72,-0.64,28.36,-59.44,55.64,116.17,36.06,-27.95,7
-2,0.06,0.64,-1.36,0.47,-0.41,-2.3,-5.07,30.9,132.99,250.13,202.24,7
-0.71,0.26,-0.2,-1.35,-1.1,1.96,28.15,-34.21,44.09,80.17,-28.85,147.27,7
0.24,-0.32,-0.09,0.64,-0.17,0.11,69.76,-14.33,39.89,104.92,-94.61,32.06,7
0.28,0.16,-0.28,0.41,0.13,-0.21,12.89,70.33,16.79,-62.94,50.85,-87.47,7
0.02,0.16,-0.16,0.17,0.23,-0.32,-1.4,81.33,14.01,-57.76,78.05,-91.21,7
-0.44,0.04,0.02,-0.42,0.28,-0.14,12.24,64.64,7.87,-122.57,59.54,-67.72,7
-1.7,-0.13,-0.08,-1.84,0.25,-0.63,-39.92,-94.37,-20.82,-66.21,61.53,-37.47,7
-2,-0.13,-0.18,-2,0.92,-1.06,101.69,-51.84,-55.64,-112.49,-1.77,16.96,7
-2,0.37,-0.25,-1.89,1.06,-0.13,20.91,-135.66,-138.27,-25.35,20.63,-3.84,7
-0.59,0.72,-0.34,-0.08,1.2,0.03,2.94,-100,-53.64,250.13,-250.14,79.47,7
0.78,-0.39,-0.13,0.3,0.11,-0.45,-30.85,-64.36,5.56,-61.95,-140.02,4.4,7
-0.21,0.19,-0.04,0.51,-0.06,-0.63,-4.84,99.49,41.39,-36.6,42.52,-57.48,7
-0.27,-0.03,0.4,0.22,0.18,-0.36,16.56,11.88,66.11,-23.38,24.11,-48.32,7
-0.02,-0.19,-0.14,-0.08,0.18,-0.09,5.05,-23.93,29.14,12.34,6.68,-23.33,7
0.02,0.13,-0.16,-0.28,0.4,-0.1,-23.94,-32.93,-8.51,47.73,-9.36,-6.05,7
-1.8,0.13,0,-2,0.5,1.05,-118.09,-52.5,-88.11,197.53,-53.69,30.69,7
-2,1.2,-0.11,-2,0.59,-1.46,-175.04,56.38,6.19,-196.79,149.56,-114.91,7
-2,-0.46,0.9,-1.7,0.46,-0.77,50.5,73.81,-26.06,-180.06,19.27,-2.36,7
-1.13,0.21,0.05,-0.92,0.41,-0.22,31.72,-21.66,0.18,56.23,-48.11,45.19,7
0.26,0.05,-0.07,0.52,0.23,-0.09,-17.98,26.64,4.31,31.4,-11.23,29.87,7
0.62,0.08,-0.14,0.4,0.24,-0.05,-16.03,27.65,10.73,-16.43,14.01,29.47,7
0.09,0.02,-0.29,0.13,0.11,-0.01,-20.56,73.18,-3.27,-48.5,28.6,-4.72,7
-1.75,0.23,0.18,-0.64,0.31,0.04,-66.92,18.4,-27.98,-75.18,10.69,-79.2,7
-1.99,0.45,-0.19,-2,-0.04,-0.38,-41.64,-28.63,13.65,9.82,-44.62,-101.45,7
-2,0.15,-0.07,-2,0.47,-0.26,-25.12,31.56,6.79,-11.78,-44.7,-21.44,7
-2,0.54,0.18,-2,0.37,-0.15,-8.95,-87.57,62.75,-102.37,-56.69,-28.18,7
-1.47,-0.41,-0.44,-0.6,0.15,0.17,39.2,-118.59,107.83,78.39,-69.31,-3.21,7
0.55,0.01,-0.39,-0.59,0.27,-0.37,100.69,16.95,10.63,67.71,-11.95,27.98,7
0.48,0.65,-0.15,-0.27,0.38,-0.23,21.8,86.76,-39.19,47.69,-20.72,24.94,7
-0.21,0.18,0.56,-0.05,0.19,-0.18,25.04,50.48,-47.66,40.4,-13.44,15.4,7
-0.18,-0.14,0,0.27,0.28,-0.18,-8.21,-0.73,-71.09,7.82,-16.11,30.91,7
0.04,0,-0.11,0.83,-0.06,-0.29,13.26,-39.54,33.66,83.48,29.09,34.49,7
-0.25,0.43,-0.49,0.4,0.45,-0.14,1.34,-9.73,75.02,81.71,85.16,18.97,7
-2,-0.52,0.07,-2,0.93,0,9.16,-0.45,27.53,105.36,166.07,27.76,7
-2,-0.36,0.21,-2,1.43,-0.27,26.74,12.45,69.02,180.55,178.11,76.34,7
-1.79,0.39,0.71,-0.64,0.32,-0.55,7.36,-78.93,-2.21,186.11,250.13,214.64,7
-0.98,0.38,-0.13,-2,-2,2,19.21,-21.76,25.12,250.13,-59.53,250.13,7
-0.31,-0.01,0,0.61,1.13,0.28,17.69,-25.76,28.77,-128.65,-114.53,-39.57,7
0.34,-0.2,-0.27,0.45,0.64,-0.11,2.91,54.8,-6.98,-164,-6.39,-95.5,7
0.17,0.11,-0.14,0.07,0.21,-0.27,-29.57,24.3,-21.59,-110.69,-1.47,-13.25,7
-0.26,-0.03,0.2,-0.32,0.25,-0.17,61.56,25.32,-3.69,-38.55,-26.47,25.58,7
-2,-0.67,-0.76,-1.41,0.59,-0.31,-110.5,-119.68,-55.12,-45.31,-32.69,-3.02,7
-1.03,0.49,0.24,-1.98,0.53,0.31,-52.32,-31.7,-15.18,-84.98,-23.15,14.4,7
-1.93,-0.83,0.15,-2,-0.08,0.75,61.29,31.47,-7.24,-192.82,-96.72,-14.28,7
-2,-0.29,0.18,-2,0.59,-0.27,60.8,-8.07,-53.4,-85.85,-81.83,7.96,7
-2,0.11,-0.07,-1.68,0.73,-0.99,88.24,-47,-74.72,-21.24,-40.79,15.33,7
-1.39,0.2,0.04,0.34,0.91,-0.19,-4.13,-105.84,-97.5,32.54,-1.23,-50.29,7
0.52,-0.22,-0.22,0.11,0.08,0.09,-60.93,-14.68,8.66,56.6,84.43,-28.99,7
0.33,0.06,-0.47,-0.07,0.15,0.23,-17.03,70.47,36.42,86.5,107.05,-1.32,7
-0.21,0.08,0.39,-0.1,0.26,0.27,71.23,10.19,65.66,60.12,89.01,69.39,7
-0.25,-0.09,0.12,-0.15,-0.09,0.53,69.11,-45.27,82.8,7.06,-2.97,85.9,7
0.21,0.09,-0.16,0.13,0.06,0.06,12.26,-55.7,23.66,60.56,-127.56,25.69,7
-1.13,0.11,-0.23,0.03,0.16,-0.33,-37.18,-15.69,-18.95,113.79,-90.74,-62.12,7
-1.52,0.29,0.89,-2,1.14,-0.46,27.31,0.59,-30.27,216.85,61.64,-171.78,7
-2,0.47,0.96,-2,2,-0.52,-26.21,21.45,-25.26,-250.14,87.44,-125.56,7
-0.98,0.09,0.28,-0.93,0.31,0.05,17.91,-26.46,-13.02,90.61,-35.89,92.18,7
-0.62,0.38,0.07,-0.38,0.62,-0.05,-30.89,-1.08,-28.61,103.63,-89.57,37.5,7
-0.34,0.08,0.06,0.22,0.33,-0.28,-60.57,12.37,-24.44,89.31,-93.21,-10.39,7
-0.01,-0.19,-0.11,0.14,0.47,-0.16,-42.69,71.87,-26.73,51.73,-33.34,-51.48,7
-0.38,0.21,-0.14,-0.69,0.25,0.12,-17.21,119.13,9.44,-157.47,61.59,-25.61,7
-1.86,-0.02,0.42,-1.05,-0.44,0.15,-30.46,-0.59,-12.25,-123.76,18.38,-75.57,7
-1.7,0.47,-0.18,-1.98,0.02,0.06,-69.16,40.23,-0.51,42.5,-63.08,-130.27,7
-2,0.23,0.39,-2,0.64,0.12,-20.5,29.43,60.06,154.52,-99.44,-53.76,7
-2,0.78,0.09,-2,1.11,0.51,-57.69,-32.29,53.92,-233.13,-37.13,-3.31,7
-2,0.39,-0.15,-1.71,0.59,0.6,-39.07,-106.09,94.95,-167.76,-70.37,44.15,7
-1.37,-0.45,-0.29,0.5,-0.56,-0.05,60.58,-152.02,148.35,-71.15,-99.44,47.87,7
0,-0.39,-0.33,0.57,-0.63,-2,68.69,-114.76,105.76,191.12,-131.79,-69.03,7
0.28,0.45,-0.06,-0.74,1.45,-1.62,18.1,124.99,21.09,130.53,188,-40.02,7
-0.36,-0.18,0.31,-1.15,0.95,-0.55,-12.06,32.48,-10.14,-107.6,250.13,15.72,7
-0.16,-0.16,0.05,-0.85,-0.16,0.53,-0.5,-6.47,-25.32,-100.73,240.65,94.25,7
0.09,-0.14,-0.33,-0.27,-0.75,1.31,56.5,4.27,3.55,20.22,96.87,80.23,7
-0.91,0.16,-0.29,-1.13,0.42,0.55,-20.99,-57.94,-35.56,-32.4,77.41,-9.65,7
-2,1.06,-0.37,-1.87,0.5,0.03,-136.98,48.53,-74.38,-184.32,148.67,-74.05,7
-2,-0.37,0.58,-2,0.37,-0.56,62.92,-12.41,66.28,-153.31,79.3,-167.91,7
-2,0.16,-0.52,-2,0.37,-0.77,6.86,-24.62,-20.39,103.69,-81.71,19.4,7
-0.08,0.37,0,-0.35,0.6,-0.18,46.97,-50.38,16.3,-20.32,-59.47,124.87,7
0.83,-0.1,-0.44,0.33,-0.43,-0.08,84.74,59.06,1.5,-35.6,-22.85,54.76,7
-0.03,-0.31,-0.03,0.58,-0.21,-0.1,36.49,55.53,-27.38,62.89,-45.32,-25.86,7
-0.44,0.11,-0.16,0.4,0.05,-0.23,17.69,22.23,-50.64,107.24,-49.39,-54.2,7
-0.88,-0.09,-0.3,-1.4,0.81,0.37,-12.24,-100.18,-16.25,107.97,20.3,-20.07,7
-1.48,-0.25,-0.25,-2,1.08,0.35,-7.14,-4.97,-31.69,-64.53,46.29,-34.98,7
-2,0.24,-0.68,-2,0.57,-0.46,138.32,158.09,-17.63,-82.56,-56,135.58,7
-2,-0.32,-0.41,-2,1.03,-0.65,65.37,-88.71,-83.56,-101.89,-54.05,59.4,7
-0.49,1.03,0.14,1.2,0.31,0.35,-45.06,-70.18,-110.94,-88.05,-40.72,-144.39,7
0.58,-0.03,-0.11,1.41,-0.13,0.16,-109.98,-149.95,-32.41,-47.5,26.73,-113.21,7
0.98,-0.29,-1.34,0.08,0.18,0.08,-69.73,56.82,-0.31,-37.88,76.65,-143.23,7
-0.69,0.07,0.36,-0.34,0.36,-0.08,18.03,152.18,25.93,-38.5,92.61,-88.13,7
0.06,-0.11,-0.05,-0.22,0.12,-0.09,-25.2,-45.99,4.73,-4.89,-36.07,37.43,7
0.24,0.1,-0.32,-0.29,0.1,-0.08,-74.53,-12.21,-10.08,58.27,-52.37,82.56,7
-1,0.14,-0.33,-1.23,0.38,-0.34,-2.53,-15.49,-41.65,98.55,9.47,39.51,7
-2,-0.04,0.63,-2,0.86,-0.82,-122.27,201.74,-42.41,115.83,67.82,-47.66,7
-1.87,-0.01,0.07,-2,-0.63,-0.35,6.67,-14.06,-32.13,-171.67,-12.72,53.89,7
-0.97,0.1,-0.12,-1.19,0.15,-0.2,18.4,-13.31,-18.24,-9.84,-48.21,57.81,7
-0.11,0.3,-0.23,0.09,0.24,-0.36,0.34,-13.43,-3.07,-109.79,-31.45,30.64,7
0.4,-0.01,-0.35,0.53,0.05,-0.26,-19.98,27,18.7,-9.17,45.7,44.35,7
-0.25,0.12,0.14,0.32,0.27,-0.08,-32.23,48.24,-1.37,-29.01,34.8,-45.05,7
-0.25,0.07,-0.04,0.02,-0.04,-0.15,-57.95,25.69,-8.97,-0.52,-2.95,-58.74,7
-0.93,0.02,-0.1,-0.48,0.24,-0.16,-82.94,-3.59,-29.69,92,-22.52,-78.73,7
-1.9,0.37,-0.37,-2,0.44,-0.36,-67.72,20.89,7.36,85.18,-23.75,-115.39,7
-2,-0.44,-0.34,-2,0.33,-0.23,-61.79,-93.42,-20.29,-164.4,-5.84,-31.58,7
-2,-0.16,0.37,-2,0.2,-0.66,41.07,-68.56,67.87,-189.18,-2.7,9.72,7
-1.49,-0.56,-0.34,-1.2,-0.15,0.12,70.15,-169.42,70.24,-24.44,-33.95,47.41,7
-0.12,-0.28,-0.66,-0.63,0.22,0.01,132.65,-40.1,73.68,-1.53,-53.02,101.07,7
0.45,0.45,-0.39,-0.39,-0.2,-0.35,44.37,24.34,8.71,56.73,-89.18,95.29,7
0.15,0.42,0.25,-0.04,-0.02,-0.3,38.9,60.76,-17.24,141.7,-102.32,70.21,7
-0.27,-0.22,0.06,0.33,0.24,-0.32,29.66,-0.15,-47.88,115.82,-46.08,16.47,7
-0.07,0.15,0.24,0.82,0.2,0.04,-26.58,-20.02,-48.99,23.33,-17.79,45.14,7
0.19,-0.16,-0.38,0.1,0.03,0.02,90.93,-17.82,62.74,-23.22,44.52,44.7,7
-2,0.08,-0.61,-1.7,0.56,-0.08,-49.68,-60.95,36.56,57.98,96.84,-26.5,7
-2,0.64,0.58,-2,1.21,-0.79,-3.63,3.6,121.84,250.13,100.92,-22.02,7
-2,-0.32,0.3,-2,1.59,-0.17,6.58,-11.89,50.41,250.13,53.84,92.1,7
-0.26,0.09,-0.09,-0.98,0.09,0.91,58.22,-47.27,92.67,-66.48,51.63,50,7
0.43,-0.81,-0.56,0.15,-0.51,0.57,124.67,21.62,48.87,250.13,-73.54,19.04,7
0.52,0.26,-0.28,0.5,0.36,0.14,-20.82,71.71,-20.37,183.86,-106.54,-32.23,7
-0.06,0.26,0.07,0.36,0.48,-0.07,26.27,34.67,0.5,61.53,6.82,-34.34,7
-0.91,-0.17,-0.07,-1.48,1.25,-0.04,-47.47,-34.27,-42.22,-163.99,14.69,-98.14,7
-2,0.3,-0.21,-2,2,-0.34,-59.95,14.23,-112.61,-250.14,6.53,-111.64,7
-2,0.32,-0.17,-2,1.27,-1.15,134.6,72.8,-29.92,-250.14,-19.79,56.46,7
-2,0.05,-0.12,-2,1.36,-0.73,-9.82,-67.6,-162.3,-146.2,-33.11,20.47,7
0.04,0.92,-0.2,0.97,-1.01,-0.26,-110.89,-109.76,-113.18,-118.36,-84.17,-22.24,7
0.85,0.1,-0.7,1.15,-0.65,-0.1,-126.21,-51.66,-5.34,4.92,-5.11,-95.4,7
0.19,-0.27,0.11,0.55,-0.06,-0.2,-21.23,102.3,1.08,-79.4,111.98,-160.4,7
-0.51,-0.16,0.13,-0.28,0.34,-0.07,-37.95,-41.86,8.89,-9.27,86.92,-129.46,7
0.38,0.17,-0.11,-0.2,0.36,0.09,-60.83,-42.66,-28.51,3.88,-67.84,-55.91,7
0.19,-0.21,-0.35,-0.48,0.22,-0.11,-52.08,-21.8,-18.31,117.26,-78.54,4.3,7
-2,-0.61,-0.28,-1.41,0.36,-0.6,-197.12,-49.44,-82.89,192.47,27.15,40.63,7
-2,-0.01,0.07,-2,1.39,-0.48,-31.34,94.26,-14.92,-45.99,122.76,-6.44,7
-1.27,-0.3,-0.01,-1.15,-1.68,0.19,74.47,-67.06,-18.75,-48.37,-120.65,69.5,7
-0.12,0.13,-0.27,0.23,-0.15,0.15,102.2,-42.5,37.68,-48.06,-134.24,87.64,7
1.05,-0.03,-0.38,1.16,-0.09,-0.22,37.77,-57.68,86.6,126.39,-118.26,94.53,7
0.29,0.29,-0.29,0.75,0.01,-0.27,-13.85,175.21,32.28,69.35,-33.24,38.11,7
-1.5,-0.12,0,-1.03,0.59,-0.46,-21.63,-15.42,25.11,47.66,23.47,-68.94,7
-1.17,0.49,-0.42,-2,0.81,-0.71,-43.46,76.82,15.63,202.09,-31.8,-0.27,7
-2,0.06,-0.64,-2,1.08,0.22,60.84,21.14,8.06,180.93,-15.86,32.89,7
-2,0.19,0.38,-2,1.29,0.53,-46.73,-17.46,-22.37,-188.09,-12.23,-63.23,7
-2,0.61,-0.22,-1.99,0.51,0.57,9.86,-108.46,67.2,86.27,-85.08,-29.01,7
-1.45,-0.31,-0.2,-0.9,1,0.24,37.05,-92.58,107.18,78.41,-136.45,-4.02,7
-0.11,-0.63,-0.17,-0.3,0.31,-0.11,137.85,-58.09,78.2,5.41,-85.68,34.04,7
0.73,-0.01,-0.59,-0.49,-0.1,-0.53,89.13,-22.27,-17.08,25.29,-42.18,10.44,7
-0.17,0.38,0.3,0.17,0.23,-0.84,-3.8,72.63,-26.26,84.44,-4.34,-54.22,7
-0.28,-0.2,0.02,0.44,0.35,-0.66,-23.66,-5.99,-58.86,40.02,46.73,-57.73,7
0.08,-0.22,-0.02,0.78,0.02,-0.44,-27.34,-61.16,-49.74,90.76,56.31,-17.48,7
0.24,-0.04,-0.19,0.65,0.08,-0.42,31.89,-13.52,30.75,250.13,80.1,30.56,7
-2,0.33,0.32,-2,2,-0.38,-2.92,173.39,26.97,235.33,144.92,-117.03,7
-2,0.15,0.35,-2,2,-0.9,13.03,-39.05,61.07,-141.09,109.3,-142.76,7
-2,-0.22,-0.54,-2,1.05,-0.05,-20.02,-22.92,40.71,-119.69,125.02,60.66,7
-1.03,0.29,0.33,-1.2,0.32,0.17,93.08,-0.02,59.31,-187.99,151.32,110.18,7
0.61,-0.2,-0.5,0.42,-0.45,-0.2,76.56,23.76,17.66,108.66,-28.61,-17.54,7
0.32,0.1,0.1,0.18,-0.12,-0.09,7.28,28.01,-26.09,-9.06,0.37,-73.82,7
-0.08,0.09,0.05,-0.05,0.11,-0.18,25.16,21.51,-23,-41.05,28.62,-64.86,7
-0.23,-0.12,-0.25,-0.29,0.29,0.21,79.44,10.09,-3.53,59.98,-22.85,-3.24,7
-1.99,0.08,-0.24,-2,0.84,-0.61,-32.4,4.32,-71.26,-79.1,76.49,-19.1,7
-2,-0.01,0.09,-2,1.42,-0.9,87.6,3.53,-1.57,-57.76,39.14,1.77,7
-2,0.04,-0.11,-2,1.17,-0.7,26.69,-46.16,-100.09,11,-32.17,12.97,7
-1.68,0.36,0.04,-2,-0.03,1.76,38.62,-84.85,-101.69,48.82,-141.02,2.53,7
0.85,0.07,-0.24,0.45,-0.16,-0.42,-89.84,-56.99,-5.37,-79.6,-79.41,-23.1,7
0.37,0.07,-0.27,0.77,0.17,-0.85,-86.25,71.9,-6.92,3.87,-17.24,-50.89,7
-0.46,-0.11,0.21,0.36,0.07,-0.61,-45.87,52.37,41.18,-55.21,47.77,-48.44,7
-0.25,-0.03,0.3,0.23,0.16,-0.34,-12.65,-6.16,72.34,3.74,28.86,-7.69,7
0.31,0.05,-0.19,-0.67,0.36,0.54,-42.57,-27.11,1.18,18.51,-10.91,17.48,7
-0.46,0.04,-0.29,-1.35,0.84,0.83,-53.32,-16.93,-26.63,138.59,-108.27,52.28,7
-2,0.28,0.44,-1.85,1.2,-0.85,-141.37,26.74,-117.71,-152.06,49.73,-71.27,7
-2,1.01,-0.89,-2,0.79,-0.56,-167.95,69.02,-7,-250.14,67.58,-126.44,7
-1.27,0.01,-0.05,-1.45,0.29,-0.21,33.11,-27.74,-30.94,-8.53,-81.76,-9.99,7
-0.32,0.35,-0.31,-0.04,0.4,-0.19,-16.08,10.2,-21.22,37.86,-60.22,45.64,7
0.21,0.31,0.04,0.74,0.17,-0.28,-2.76,61.66,12.8,29.35,37.7,41.21,7
0.22,-0.02,-0.17,0.67,0.5,-0.05,-7.02,75.77,32.75,-58.83,94.74,-7.63,7
-0.49,0.26,0.05,-0.48,0.45,-0.15,-35.05,73.32,-7.5,-91.4,24.21,-35.61,7
-1.54,0.04,0.07,-1.22,0.08,-0.52,-83.56,-21.23,-61.47,-47.05,-35.63,-77.75,7
-1.96,1.08,-0.29,-2,0.53,-0.88,-79.26,53.76,0.66,135.1,-39.05,-26.13,7
-2,0.08,-0.14,-2,0.26,-0.17,19.32,-30.99,-14.15,23.31,-17.6,-47.66,7
-2,0.27,-0.18,-2,0.39,-0.56,-11.93,-82.54,20.61,8.84,-47.26,-113.63,7
-2,-0.14,-0.08,-1.37,0.41,0.05,46.71,-141.69,62.87,52.9,-56.89,-67.59,7
-0.65,-0.72,-0.82,-0.63,0.33,-0.08,106.9,-127.73,80.3,-19.99,-43.26,23.41,7
0.02,-0.38,-0.56,-0.81,0.18,-0.52,138.18,34.54,34.37,19.79,-49.27,66.66,7
0.07,0.86,0.2,0.08,0.31,-0.49,7.05,12.8,-7.01,104.66,10.13,99.92,7
-0.01,0.3,0.21,0.19,0.11,-0.26,-1.11,13.25,-11.05,75.95,31.05,70.06,7
-0.03,-0.31,-0.02,0.32,0,-0.07,-17.59,-53.58,-39.21,108.59,5.27,55.43,7
0.22,-0.21,-0.13,0.89,0.19,-0.01,5.11,-40.49,-20.28,157.53,-13.9,73.75,7
-2,0.21,-0.36,-1.26,1.13,-0.15,-24.61,-107.95,57.26,177.07,111.55,8.87,7
-2,0.24,0.68,-2,2,-0.37,36.21,94.23,35.89,61.12,118.28,-30.04,7
-2,-0.9,0.44,-2,1.69,-0.53,-7,-38.27,33.65,-196.08,103.16,-47.93,7
-2,0.13,0.35,-2,0.82,0.26,47.98,-17.21,12.69,-191.93,47.15,122.81,7
-0.02,-0.09,-0.33,0.06,-0.13,-0.13,54.44,-31.75,32.34,9.41,-99.34,48.02,7
0.58,-0.17,-0.3,0.41,-0.3,-0.21,55,6.91,0.11,63.13,-73.76,22.71,7
0.41,0.16,-0.24,0.44,-0.14,-0.27,0.77,60.15,-35.64,42.95,-37.4,-32.92,7
0.01,0.15,0.07,0.33,-0.03,-0.28,21.41,67.84,-19.65,36.09,-21.21,-70.9,7
-0.38,-0.2,0.1,-0.29,0.39,-0.15,-10.18,11.31,-18.25,175.28,-32.87,-11.69,7
-1.6,-0.07,-0.34,-1.02,1.1,0.2,-83.44,-118.27,-70.69,239.89,15.66,0,7
-1.59,0.51,-0.43,-2,2,0.2,-59.63,58.96,0.39,-101.57,39.06,18.03,7
-2,-1.26,1.06,-2,1.4,-0.2,131.68,82.48,20.56,-250.14,32.41,1.15,7
-2,0.6,0.05,-1.68,0.6,-0.42,85.85,-50.74,-80.37,-123.11,-12.24,-32.74,7
-0.83,0.65,-0.05,-0.1,0.32,0.15,-34.93,-78.47,-51.55,-136.35,-8.05,-51.59,7
0.42,0.23,-0.25,0.59,-0.48,0.01,-113.29,-71.6,1.12,-12.56,27.87,-22.03,7
0.67,0.03,-0.76,0.38,-0.1,0.13,-89.1,76.59,17.5,33.36,77.71,-68.88,7
-0.4,0.01,0.25,0.06,0.25,0.1,0.34,0.79,78.31,54.44,24.35,-44.47,7
0.07,-0.25,-0.19,-0.11,0.41,0.15,6.15,-29.63,40.85,51.44,-22.09,-29.19,7
0.37,0.19,-0.32,-0.51,0.33,0.23,-7.8,32.81,4.67,-71.69,-35.53,-46.24,7
-1.56,0.16,-0.11,-1.23,0.3,-0.06,-66.63,-12.29,-24.92,84.94,-34.96,-9.6,7
-2,0.71,-1.25,-2,0.65,-1.15,-167.69,96.78,-36.54,-83.07,85.92,-43.74,7
-2,-0.19,0.55,-2,0.33,-0.53,-15.44,1.1,-41.55,-250.14,71.38,-72.69,7
-1.53,0.17,-0.04,-1.64,0.11,-0.22,16.89,-17.58,-39.08,26.37,-41.78,-7.5,7
-0.49,0.1,-0.2,-0.24,0.27,-0.11,-2.56,42.38,-40.65,105.4,-72.23,27.02,7
0.27,0.23,0.09,0.44,0.14,-0.06,-22.82,48.45,21.2,-54.27,21.8,26.3,7
0.04,0,-0.11,0.36,0.04,-0.09,-25.34,50.4,30.81,0.37,25.05,-2.61,7
-0.2,-0.02,0.09,0.19,0.19,-0.03,-51.66,55.11,-5.86,-33.48,12.24,-51.44,7
-0.6,-0.02,-0.12,-0.79,0.28,-0.27,-76.82,-11.03,-22.89,-18.85,-32.24,-76.02,7
-2,0.87,-0.54,-2,0.27,-0.62,-7.92,8.44,34.99,85,-5.82,-20.97,7
-2,0.18,-0.36,-2,0.58,-0.33,38.84,-24.58,42.26,49.23,2.63,-9.59,7
-2,0.08,0.09,-2,0.3,-0.63,50.21,-80.7,59.98,-29.82,-16.35,-28.4,7
-1.48,-0.4,-0.45,-1.16,0.07,0.01,81.51,-160.21,76.08,47.34,-15.29,-16.05,7
0.31,-0.15,-0.49,-0.57,0.25,-0.1,163.54,-34.69,17.99,62.25,-18.72,60.44,7
0.5,0.47,-0.05,-0.35,0.14,-0.27,100.99,55.49,-7.31,42.74,-26.69,109.2,7
0.06,0.29,0.18,-0.14,-0.1,-0.19,45.48,27.69,-23.43,75.59,-21.34,100.9,7
-0.11,0,0.14,0.19,0.07,-0.12,16.16,1.4,-46.74,133.86,-14.38,45.37,7
0.2,-0.01,-0.18,0.77,-0.08,0.01,28.24,15.85,-16.58,86.85,2.88,22.77,7
-0.23,0.03,-0.3,0.22,0.13,-0.03,55.51,35.51,61.92,189.7,46.17,29.95,7
-2,-0.34,-0.24,-1.75,1.07,-0.02,41.14,-7.03,51.82,208.61,55.92,-25.6,7
-2,-0.14,0.03,-2,1.51,-1.01,50.56,30.62,56.96,67.24,31.73,-66.23,7
-1.69,0.07,0.11,-1.7,0.72,-0.17,34.47,-34.78,20.2,-94.62,140.4,127.31,7
-0.49,0.29,-0.15,-1,-1.29,2,1.42,-38.23,18.34,158.84,-42.67,68.6,7
0.48,0,-0.24,0.58,0.28,0.33,-10.55,7.77,26.65,71.27,-69.07,-3.75,7
0.48,-0.05,-0.04,0.74,0.32,0.15,-16.57,69.32,29.44,-74.11,-19.74,-40.03,7
-0.4,0.01,-0.18,-0.02,0.64,0.26,4.64,53.7,31.12,6.34,-22.5,11.15,7
-0.65,-0.24,-0.13,-0.72,1.28,-0.06,23.2,11.79,34.1,-33.94,-49.73,43.28,7
-2,-0.16,-0.39,-2,2,-0.52,20.51,-93.93,-26.12,-199.69,-28.98,97.98,7
-2,0.97,-0.57,-2,1.65,-1.5,71.09,8.1,-51.69,-127.31,-23.08,220.19,7
0.11,-0.17,0.05,0.03,0.18,0,80.37,14.96,1.16,58.59,-23.35,14.38,7
0.03,0.07,-0.29,-0.4,0.3,-0.38,100.08,24.4,9.66,107.63,-8.72,43.87,7
-2,0.56,-0.72,-1.75,0.63,-0.44,60.07,-35.73,-21.07,85.27,24.08,48.15,7
-2,0.22,-0.65,-2,0.77,-0.74,12.9,12.97,1.73,-70.86,39.57,11.66,7
-0.24,0.52,-0.32,0.47,0.08,0.39,19.46,-43.72,-83.85,-124.93,-85.64,-92.78,7
0.4,0.03,-0.31,0.43,0.11,0.06,-3.9,-30.5,-34.59,-33.22,-79.46,-84.23,7
0.01,-0.29,0.24,0.21,-0.12,-0.02,11.67,-3.6,-15.41,47.48,-68.99,-58.65,7
-0.02,0.27,0.11,0.06,0.22,-0.46,0.18,-26.2,15.02,115.53,-59.27,-11.47,7
0.05,-0.1,-0.06,-0.09,0.23,-0.32,1.69,-15.95,-7.56,-37.4,-16.82,-52.85,7
0.33,-0.14,-0.16,-0.44,0.3,-0.37,-3.9,14.17,-50.15,-22.96,-5.86,-54.79,7
-0.39,-0.03,-0.11,-1.68,0.25,-0.93,-2.77,8.82,-101.34,15.19,51.47,-44.62,7
-2,-0.01,0.27,-2,0.65,-0.6,9.08,100.33,-40.75,-58.45,31.85,-74.49,7
-1.88,0.46,-0.57,-1.64,0.92,-0.43,-56.76,24.95,2.69,-41.76,21.15,-1.7,7
-1.05,0.17,-0.01,-0.58,0.47,0.18,-102.65,-5.4,2.33,-80.87,47,-46.38,7
-0.29,0.13,-0.04,0.05,0.37,0.65,-60.44,60.19,21.08,-73.74,17.69,-29.92,7
0.22,-0.14,-0.1,0.34,0.3,0.22,-17.82,38.03,26.72,-96.03,8.98,-26.28,7
0.05,0.3,-0.11,0.14,0.14,0,-64.78,55.98,18.21,37.56,-33.97,8.2,7
0.15,0.12,-0.04,0.07,0.19,-0.14,-55.61,80.53,13.15,91.97,-48.86,23.73,7
0.08,-0.04,-0.53,-0.72,0.18,-0.77,-46.13,106.27,-3.22,174.37,-65.22,37.88,7
-2,0.63,-0.77,-1.4,0.56,-0.98,26.55,-72.53,-19,221.24,-34.69,41.93,7
-2,0.38,-0.91,-2,0.8,-0.47,9.48,-26.59,-7.4,-157.74,94.48,-11.01,7
-2,0.73,-0.45,-2,0.82,-0.49,23.4,-36.75,7.57,-187.92,108.27,23.83,7
-2,0.96,-0.9,-2,0.53,-0.78,-50.16,-94.04,61.31,-167.37,64.36,28.5,7
-1.51,0.33,-0.71,-0.78,0,-0.72,-83.6,-92.24,118.98,-123.85,22.4,11.82,7
0.59,-0.38,-0.7,0.19,-0.17,-0.74,-11.59,-53.45,18.84,100.02,-56.68,15.81,7
0.92,0.21,-0.1,0,0.06,-0.59,4.64,-8.05,-17.2,125.44,-50.31,-4.87,7
-0.22,-0.02,0.04,-0.05,0.2,-0.32,19.89,12.17,-42.82,146.01,-45.59,-32.37,7
-0.17,-0.21,0.15,0.02,0.36,-0.05,50.97,22.53,-72.68,131.96,-34.92,-29.99,7
0.2,0.23,-0.16,0.57,0.43,0.32,54.11,-5.95,28.09,27.23,22.08,-22.02,7
0.21,0.08,-0.08,0,0.39,0.03,15.53,25.56,70.63,-20.43,54.29,-10.08,7
-2,0.73,-1.54,-2,0.95,-1.52,125.06,60.95,-68.73,191.32,51.29,35.71,7
-2,0.57,-0.11,-2,0.36,-0.37,-64.09,-13.07,47.92,42.68,110.22,52.49,7
-1.68,-0.16,-0.26,-1.6,0.41,-0.39,57.56,-30.86,14.11,-110.82,111.73,8.09,7
-0.88,0.08,-0.04,-1.07,-0.23,0.21,43.11,3.27,7.75,-162.49,57.86,-14.12,7
-0.01,0.16,-0.35,-0.29,-0.18,0.09,26.53,6.34,2.47,-8.69,-6.76,-10.2,7
0.19,0.09,0.2,0.09,0.25,0.35,-3.7,25.08,-6.62,1.14,4.11,-3.82,7
0.14,-0.11,-0.04,0.03,0.17,-0.06,61.31,41.56,-10.71,140.34,-38.98,20.1,7
0.21,-0.05,-0.26,-0.17,0.24,-0.19,89.27,53.92,-10.74,171.21,-50.67,54.05,7
-1.36,0.05,-0.58,-1.16,0.36,-0.77,22.37,67.6,-42.05,241.25,0.21,86.62,7
-1.85,0.23,0.2,-1.84,0.7,-0.75,-27.27,84.46,47.73,89.47,23.05,7.6,7
-1.49,-0.16,-0.49,-1.86,-0.01,-0.34,19.95,-20.98,13.44,-187.11,51.03,-45.71,7
-1.92,-0.1,-0.42,-1.83,0.15,-0.66,41.84,-52.39,1.38,-123.76,22.67,-37.88,7
-1.78,-0.18,-0.47,-2,0.43,-0.58,31.14,-58.34,-15.53,-66.53,-23.27,-26.25,7
-1.83,-0.2,-0.47,-2,0.54,-0.48,43.18,-67.78,-61.09,-114.7,-23.45,-12.3,7
-1.13,0.49,-0.29,-0.74,0.42,-0.34,20.89,-48.11,-90.21,-66.8,-116.66,-25.02,7
-0.14,0.73,-0.25,0.55,0.1,-0.21,12.82,-70.47,-47.59,-105.27,-128.9,-41.55,7
0.32,0.23,-0.37,0.82,0,0.19,-15.59,-14.52,14.25,10.1,-84.73,-59.31,7
0.25,-0.16,0.15,0.49,0.28,-0.16,-9.84,12.02,36.52,78.76,-46.78,-32.97,7
-0.2,-0.08,0.02,-0.3,0.34,-0.37,-0.99,13.61,32.39,31.73,-17.07,-31.74,7
0.01,-0.25,0.01,-0.36,0.29,-0.37,-10.7,17.5,-1.73,31.49,-28.05,-12.87,7
0.04,-0.23,-0.4,-1.23,0.16,-0.68,8.05,28.98,-68.92,19.88,-7.68,24.27,7
-2,2,-0.12,-2,0.73,-1.08,229.44,-147.01,-231.57,48.38,47.38,32.65,7
-1.92,0.63,-0.43,-1.8,0.27,-0.43,-110.44,1.29,-3.81,-22.66,22.43,-13.37,7
-1.52,0.09,-0.55,-1.16,0.51,-0.14,-105.87,-3.76,3.08,11.1,35.95,-17.53,7
-0.65,0.15,-0.28,-0.11,0.63,0.08,-116.24,37.53,31.33,-61.01,30.82,-20.17,7
0.21,-0.12,0.14,0.3,0.25,0.25,-66.63,4.07,29.39,-150,41.95,-29.08,7
0.26,0.17,-0.11,0.19,0.25,0.12,-103,53.83,30.54,-38.22,14.94,-9.05,7
0.21,0.08,-0.04,-0.06,0.24,-0.06,-80.92,74.21,32.56,-38.86,-4.33,-5.97,7
-0.14,0.19,-0.55,-0.6,0.06,-0.75,-65.56,98.64,25.37,60.05,-23.53,16.42,7
-2,0.6,-0.65,-1.6,0.42,-0.88,26.39,63.37,-40.77,121.47,-63.24,18.57,7
-2,0.63,-0.85,-2,0.68,-0.95,58.4,-20.88,-39.05,-121.37,31.23,-0.91,7
-2,1.31,-1.13,-2,0.5,-1.09,13.33,-37.05,5.6,-196.53,66.6,-9.76,7
-2,0.54,-0.76,-1.62,0.01,-0.8,-61.5,-115.16,71.02,-151.54,27.46,-43.22,7
-0.7,-0.02,-0.52,-0.5,-0.11,-0.37,-86.48,-77.12,98.99,-37.02,-6.79,-23.28,7
0.33,-0.2,-0.42,-0.25,0.05,-0.33,31.03,-55.98,-24.27,20.99,19.79,-25.41,7
0.44,0.25,0.19,-0.12,-0.06,-0.33,-45.25,-6.79,-25.98,88.4,4.4,-4.34,7
0.05,-0.03,-0.02,-0.05,0.35,-0.1,29.85,10.46,-54.74,118.08,-0.3,5.34,7
-0.1,-0.03,0.12,0.14,0.23,0.11,32.59,-0.48,-57.03,46.36,-28.24,-9.51,7
0.26,0.38,-0.15,0.64,0.14,0.28,6.41,23.92,25.76,55.2,-6.24,-8.33,7
-0.26,0.33,-0.34,-1,0.2,-0.66,-25.31,33.09,64.5,130.39,56.51,19.63,7
-2,-0.71,-0.89,-2,0.15,-1.21,-217.74,-245.61,77,158.03,54.58,58.76,7
-2,-0.52,-0.74,-2,0.08,-0.35,-12.6,0.77,32.71,-67.79,118.74,35.27,7
-0.84,0.2,-0.41,-1.02,-0.24,0.05,20.48,24.52,16.78,-35.58,54.22,58.88,7
-0.4,0.29,-0.05,-0.66,-0.13,0.36,63.35,16.65,22.27,-1.93,33.71,80.67,7
0.16,0.04,-0.28,0.23,-0.24,0.07,8.34,24.88,19.68,79.71,-14.78,48.56,7
0.34,0.01,0.07,0.12,0.27,0.07,43.51,31.42,16.84,54.51,-8.19,13.82,7
-0.01,-0.21,-0.14,-0.35,0.14,-0.3,86.65,29.76,-0.82,73.95,-23.72,31.25,7
-1.58,0.1,-0.69,-1.36,0.32,-0.71,67.62,69.87,-21.79,183.93,-5.7,54.45,7
-2,0.37,0.62,-1.8,0.63,-0.73,-46.93,59.56,75.73,150.83,12.93,26.27,7
-1.87,-0.12,-0.44,-2,0.63,-0.32,25.37,-19.02,53.47,-154.85,76.21,-43.22,7
-2,-0.05,-0.57,-2,0.91,-0.81,53.51,-41.65,-2.18,-195.11,52,9.11,7
-2,0.21,-0.51,-2,0.92,-0.41,38.2,-84.77,-33.45,-202.5,-10.14,23.92,7
-1.36,0.17,-0.46,-1.55,0.66,-1.32,57.05,-88.24,-94.21,-138.4,-82.9,6.93,7
-0.18,0.93,-0.64,0.46,-0.44,-0.36,14.74,-18.31,-89.59,-95.53,-74.98,-51.35,7
0.03,-0.05,-0.14,0.99,-0.11,0.05,-17.64,-12.89,22.08,-15.55,-23.3,-125.33,7
-0.02,-0.65,-0.03,0.48,0.07,0.09,-2.32,-0.5,8.26,40.18,-18.69,-124.66,7
0.18,0.12,0.08,-0.02,0.19,-0.24,-35.56,-27.89,43.79,129.82,-28.09,-94.04,7
-0.09,0.18,0,-0.37,0.44,-0.56,-32.08,12.32,34.04,202.63,-39.69,-64.63,7
0.17,-0.2,-0.22,-0.89,0.3,-0.81,0.73,51.34,-72.82,57.53,-24.06,9.82,7
-1.7,0.23,-1.49,-2,0.4,-1.11,55.42,157.07,-155.82,70.92,28.86,85.06,7
-2,0.69,1.07,-2,0.07,-0.96,-142.44,79.56,-33.1,1.49,-2.56,77.24,7
-2,1.21,-0.35,-2,0.34,-0.68,-68.66,-80.55,-7.15,-52.63,19.82,13.17,7
-0.76,0.1,-0.14,-0.34,0.52,-0.08,-110.08,-2.77,23.82,-49.98,10.12,-29.73,7
-0.06,0.18,-0.29,0.21,0.37,0.12,-100.82,-5.08,28.27,-77.44,20.24,-5.19,7
0.67,-0.2,0.26,0.24,0.33,0.14,-15.38,-2.75,12.19,-83.96,20.95,-1.87,7
0.09,-0.01,-0.17,0.09,0.08,-0.11,-66.55,41.07,10.41,-62.59,-10.78,-16.85,7
0.15,-0.06,-0.07,-0.21,-0.16,-0.4,-12.28,104.05,-19.31,53.66,-35.55,9.92,7
-0.08,0.02,-0.32,-1.01,-0.26,-1.01,-37.83,97.52,-36.51,128.26,-24.29,14.42,7
-2,0.82,-2,-2,0.31,-1.08,-63.63,-11.99,-5.49,53.67,12.33,-19.89,7
-2,0.84,-1.14,-2,0.59,-1.25,-37.82,15.84,0.14,-116.27,69.55,-55.32,7
-2,0.41,-0.94,-1.29,0.22,-0.55,-95.8,-132.11,83.72,-125.48,21.54,-43.77,7
-0.63,-0.16,-0.47,-0.46,0.1,-0.17,-77.37,-140.4,88.34,-15.37,-4.83,28.26,7
0.14,-0.95,-0.74,-0.08,-0.04,-0.44,33.93,-55.77,20.21,81.63,-12.56,74.76,7
0.9,0.22,0.18,-0.13,0.13,-0.38,-2.09,-86.79,-11.79,105.87,-14.89,70.02,7
0,-0.07,0,0.06,0.34,-0.13,15.82,-2.11,-35.98,47.05,15.47,35.36,7
-0.01,-0.03,0.01,0.16,0.19,0.04,16.05,3.49,-40.89,35.26,14.95,37.92,7
0.11,0.1,-0.05,0.3,0.21,0.03,15.33,-1.9,-22.56,2.01,14.19,26.98,7
0.26,0.11,0.07,-0.07,-0.12,0.01,17.76,-2.98,9.44,-19.7,48.8,24.72,7
-2,1.04,1.19,-2,0.79,-1.07,-38.22,183.24,69.37,0.7,41.85,-33.29,7
-2,-0.02,0.11,-2,0.26,-0.43,-76.76,-126.08,34.64,-113.05,81.68,-4.64,7
-1.7,-0.22,-0.4,-1.74,0.17,-0.75,131.67,13.34,-2.49,-47.45,4.51,-2.38,7
-0.88,0.06,-0.01,-1.11,0.23,-0.17,48.32,-12.15,-3.99,-83.05,-19.76,-0.23,7
0.03,0.02,-0.28,0.09,-0.2,-0.17,63.17,33.93,2.8,103.37,-16.52,43.03,7
0.2,0,0.04,0.36,-0.04,0.02,32.8,62.86,7.45,94.73,-3.77,14.83,7
0.25,0.1,-0.07,0.26,0.14,-0.19,57.27,59.31,20.73,55.15,-0.98,-12.17,7
0.1,-0.05,-0.12,-0.17,0.16,-0.12,75.85,59.27,9.44,50.93,-1.86,-8.9,7
-2,-0.42,-1.1,-1.77,0.66,-0.55,-73.68,-226.72,-3.05,110.43,18.85,-2.06,7
-2,0.16,0.04,-2,0.71,-0.71,81.98,78.56,40.89,20.6,46.54,-34.17,7
-2,-0.5,-0.46,-2,0.23,-0.51,35.75,-54.38,12.34,-80.36,42.34,-6.77,7
-2,-0.1,-0.72,-2,0.51,-0.87,95.03,-36.75,-16.49,-136.19,19.95,-7.91,7
-1.12,0.3,-0.69,-0.86,0.27,-0.82,80.45,-82.52,-87.53,57.35,-140.25,65.38,7
-0.45,0.47,-0.37,0.19,-0.23,-0.37,69.27,-34.8,-57.23,23.17,-135.17,55.84,7
-0.17,0.38,-0.31,0.37,0.21,0.02,24,-62.31,-22.81,47.18,-116.54,-11.38,7
0.19,0.05,-0.07,0.53,0.26,0.06,9.86,-2.7,9.53,-17.81,-69.81,-44.53,7
0.13,0.31,0.03,0.28,0.26,-0.08,-41.48,-13.08,48.76,-10.15,-30.11,-21.37,7
0.07,0.3,0.09,0.13,0.25,-0.05,-12.92,-1.4,62,7.58,-23.22,-5.54,7
0.04,-0.35,-0.09,-0.12,0.37,-0.28,-23.28,-8.93,22.92,12.66,-19.82,3.34,7
-0.13,-0.31,-0.16,-1.03,0.41,-0.56,32.05,53.38,-49.09,2.95,-21.09,-3.38,7
-2,0.29,0.54,-2,0.57,-1.32,-31.53,68.69,-59.45,4.48,-20.18,16.2,7
-2,1.22,-0.33,-2,0.46,-0.4,34.36,-93.69,-24.56,-88.58,54.37,82.74,7
-1.77,0.63,-0.37,-1.54,0.53,-0.59,-135.37,-9.91,8.92,-179.27,51.79,21.81,7
-0.71,0.04,-0.19,-0.27,0.13,-0.03,-89.47,13.26,7.46,-90.72,31.31,-34.44,7
0.19,-0.02,-0.1,0.13,0.13,-0.04,-14.4,37.4,8.58,-51.19,40.61,0.78,7
0.3,-0.15,0.02,0.11,0.04,0.01,-13.93,42.52,-0.23,-71.28,34.56,-8.16,7
0.11,0.18,-0.07,0.3,-0.01,-0.06,-64.39,43.05,14.18,-27.52,18.85,-19.36,7
0.15,0.04,0.05,0.11,0.09,-0.04,-28.38,75.34,18.72,-9.85,23.8,-27.34,7
-2,0.63,-0.8,-2,0.43,-1.29,97.18,185.79,-70.16,132.6,-15.63,-57.14,7
-2,1.28,0.07,-2,0.75,-1.33,-47.89,-23.83,2.86,204.89,-48.54,-5.32,7
-2,1.36,-1.47,-2,0.66,-1.43,-14.59,-71.17,23.55,52.99,45.16,42.66,7
-2,1,-0.72,-1.62,0.54,-0.92,-116.52,-100.78,88.37,-97.24,45.63,-35.6,7
-0.16,-0.54,-0.6,-0.27,0.18,-0.16,-98.45,-88.18,62.44,-16.32,6.44,33.73,7
0.71,-0.41,-0.8,-0.21,0.09,-0.21,-50.15,-65.78,7.47,25.83,-3.51,65.66,7
0.3,-0.07,0.09,-0.32,0.04,-0.19,11.66,-6.92,-6.64,79.26,-32.89,74.25,7
-0.18,0.03,0.11,0.03,0.08,-0.2,17.52,0.67,-27.11,127.6,-37.03,67.53,7
0.09,0.05,-0.04,0.28,0.13,0.09,14.95,12.75,-16.67,3.4,10.83,10.43,7
0.19,0.04,-0.14,0.2,0.14,0.04,44.16,27.16,-6.33,-34.5,36.01,-12.55,7
0.14,0.11,-0.03,-0.34,0.11,-0.13,17.19,39.06,5.9,-35.86,58.57,-19.4,7
-2,-0.67,-0.21,-2,0.75,-1.64,129.18,-51.99,14.24,59.82,36.47,-67.92,7
-2,0.01,0.04,-2,0.3,-0.43,17.65,-32.47,30.12,-123.58,141.33,6.53,7
-1.56,-0.07,-0.9,-1.64,0.38,-0.69,40.93,42.23,15.91,-103.92,66.5,24.26,7
-0.67,0.21,-0.1,-0.71,-0.06,0.1,12.74,-14.16,11.89,-94.63,10.02,4.56,7
0.01,-0.05,-0.06,-0.04,-0.06,0.27,54.69,7.3,-2.47,-129.32,-3.48,-16.14,7
0.26,-0.05,-0.06,0.13,-0.03,0.08,66.18,19.18,-4.11,46.21,-36.57,-0.47,7
0.06,-0.01,-0.09,0.06,0.15,-0.06,81.66,29.99,-4.66,65.33,-43.63,-3.48,7
0.05,-0.02,-0.27,-0.31,0.08,-0.4,103.83,53.24,0.27,101.41,-48.49,11.71,7
-2,0.1,-0.54,-1.34,0.27,-0.93,50.5,74.18,-39.87,236.56,-6.66,35.23,7
-2,0.01,-0.72,-2,0.24,-0.36,4.56,5.79,17.71,-139.91,85.02,-63.33,7
-2,-0.29,-0.83,-2,0.54,-0.67,11.69,-62.71,-4.81,-151.83,63.89,-23.5,7
-2,0.17,-0.75,-2,0.57,-1.29,35.91,-58.1,-49.77,-46.47,-28.51,20.66,7
-1.69,0.21,-0.49,-1.38,0.74,-0.53,29.89,-87.39,-101.83,-29.3,-86.34,9.68,7
0.27,0.53,-0.39,1.47,-0.02,0.41,22.24,-31.1,-25.22,-35.58,-66.37,-34.87,7
0.38,-0.12,-0.15,0.94,0.05,0.41,34.2,-18.06,-5.5,-12.44,-36.4,-65.69,7
0.01,0,0.06,0.14,0.28,0.15,-15.52,-26.02,6.18,-12.5,-23.15,-77.89,7
0.04,0.36,0.01,-0.08,0.25,-0.2,-45.43,-14.94,41.82,15.3,-45.76,-56.18,7
0.14,-0.28,-0.19,-0.22,0.26,-0.28,-22.58,5.89,-3.79,42.75,-26.82,4.82,7
0.16,-0.23,-0.07,-0.67,0.39,-0.41,11.51,13.69,-33.68,17.82,-10.86,9.3,7
-2,-0.58,-2,-2,0.7,-1.66,31.68,79.15,-97.66,76.54,1.23,26.83,7
-2,0.6,-0.04,-2,0.36,-1.21,-31.31,-60.82,-31.44,23.19,-30.44,72.69,7
-1.43,0.4,-0.55,-1.02,0.41,-0.32,-105.53,9.36,22.27,-1.77,38.77,9.94,7
-0.78,0.09,-0.21,-0.27,0.51,-0.05,-118.96,32.35,26.64,16.91,54.19,-21.19,7
-0.12,0.25,-0.14,0.54,0.42,0.53,-86.76,51.22,32.4,-134.66,70.12,-40.79,7
0.18,-0.18,0,0.32,0.43,0.18,-24.4,17.25,7.93,-165.25,57.63,-41.25,7
0.19,0.02,-0.02,0.13,0.17,-0.02,-18.93,43.67,18.43,-130.34,15.17,-34.06,7
0.17,0.14,-0.2,-0.17,0.2,-0.09,-51.12,69.97,21.73,-109.87,-1.73,-29.19,7
-1.05,0.52,-0.92,-1.3,0.35,-0.61,-78.94,164.77,7.44,39.44,-6.15,-31.94,7
-2,1.39,-0.21,-2,0.95,-1.28,-87.67,-8.76,-10.21,215.79,-103.47,-31,7
-2,1.34,-1.31,-2,0.34,-1.15,-86.28,-88.92,7.8,-56.74,41.6,7.79,7
-2,0.88,-0.66,-1.72,0.58,-1.16,-59.76,-95.44,62.31,-182.89,60.09,-55.57,7
-0.97,-0.1,-0.4,-0.85,-0.04,-0.49,-31.63,-60.99,93.39,-149.76,41.94,-72.47,7
0.2,-0.77,-0.9,-0.18,-0.22,-0.4,28.04,-51.06,35.1,62.71,-2.99,2.02,7
0.08,0.21,0.15,-0.11,0.09,-0.32,26.8,-5.54,-23.18,114.37,-5.69,27.92,7
0,0.05,0.1,-0.05,0.13,-0.22,46.09,-12.24,-40.47,84.89,2.73,13.09,7
-0.06,-0.16,-0.02,-0.05,0.16,0.1,76.07,8.95,-60.85,44.97,-2.8,-7.96,7
0.07,-0.06,-0.07,-0.1,0.12,0.03,68,7.3,-54.82,50.89,-28.71,-28.17,7
-0.37,0.35,-0.65,-0.7,0.21,-0.21,30.66,60.98,23.76,233.02,43.86,35.63,7
-2,0.79,-1.19,-2,0.79,-0.51,-30.42,-248.54,38.47,113.34,58.11,1.95,7
-2,-0.23,-0.49,-2,1.02,-0.48,-116.4,24.44,38.44,-109.58,54.88,-66.82,7
-1.7,-0.3,-0.12,-1.92,0.01,-0.42,68.1,4.83,-3.31,-188.67,84.6,26.61,7
-0.69,0.01,-0.12,-0.98,-0.07,-0.04,30.02,-13.37,28.69,-27.67,-15.03,78.73,7
-0.34,0.03,-0.16,-0.48,-0.19,0.04,23.28,14.73,21.89,6.08,-41.44,68.08,7
-0.19,0.01,-0.24,-0.15,0.02,-0.06,31.08,17.62,20.19,22.23,-16.8,49.85,7
-0.26,-0.07,-0.25,-0.25,0.16,-0.16,39.79,26.53,16.56,-6.57,-11.02,21.89,7
-0.64,-0.01,-0.25,-0.74,0.14,-0.46,13.45,30.17,18.08,-6.94,12.18,23.31,7
-1.13,0.07,-0.48,-1.19,0.26,-0.32,-5.66,28.6,28.31,-45.45,29.89,23.54,7
-1.79,0.02,-0.54,-1.89,0.05,-0.7,11.18,-17.4,27.42,4.31,32.39,30.55,7
-2,-0.1,-0.51,-2,0.47,-1.04,11.29,-13.24,-2.39,38.22,38.94,-2.88,7
-2,0.04,-0.97,-2,0.58,-1.17,41.9,-53.21,-78.35,28.11,-21.88,2.91,7
-1.56,0.25,-0.68,-1.48,0.51,-0.9,78.98,-48.21,-104.89,50.37,-86.19,30.62,7
-0.3,0.55,-0.24,0.71,0.23,0.5,59.69,-49.15,-76.89,-10.24,-136.76,24.66,7
0.08,0.45,-0.57,0.77,0.3,0.44,41.99,-4.59,-20.89,-24.11,-93.27,-40.75,7
0.02,0.05,0.06,0.03,0.12,-0.03,10.55,-16.5,30.82,-39.59,-63.43,-31.04,7
0.04,0.19,-0.06,-0.13,0.16,-0.13,-4.7,-34.94,38.7,-1.65,-63.38,-10.9,7
-0.08,0.01,0.36,-0.05,0.05,-0.22,17.59,-42.25,28.83,69.73,-68.21,23.54,7
0.1,-0.23,-0.37,-0.27,0.22,-0.42,-3.15,0.34,-6.94,74.46,-49.95,36.27,7
-2,0.07,-1.35,-2,0.92,-1.18,250.13,-239.28,-168.82,199.79,30.92,18.94,7
-2,1.05,-0.27,-2,0.93,-1.16,-102.59,151.82,2.75,155.08,-55.63,24.22,7
-1.99,0.72,-0.13,-1.59,0.91,-0.54,-68.79,-27.63,-12.69,-52.5,46.49,-18.02,7
-1.19,0.17,-0.5,-0.88,0.82,-0.01,-135.27,-10.31,4.05,-189.31,85.56,-113.64,7
0.01,0.1,-0.19,0.18,0.3,0.14,-50.88,14.05,16.55,-110.11,27.72,-22.18,7
0.21,0.02,-0.29,0.22,0.28,0.03,-21.6,17.24,24.98,-84.54,26.6,2.07,7
0.16,-0.03,-0.14,0.32,0.17,-0.01,-53.21,55.43,15.28,-49.64,9.71,6.85,7
-0.15,0.13,-0.14,0.08,0.23,-0.13,-60.37,64.64,3.47,-22.34,-5.64,-3.54,7
-2,0.59,-0.43,-1.5,0.41,-0.98,-35.05,13.92,-5.82,65.92,-12.02,-42.44,7
-1.94,0.31,-0.26,-2,0.85,-0.79,-52.01,77.51,-15.1,33.03,-25.8,-48,7
-2,1.1,-0.87,-2,0.56,-1.25,-17.16,-31.84,-23.56,-48.64,18.89,11.5,7
-2,1.09,-1.09,-2,0.71,-0.91,-80.54,-53.56,36.66,-155.08,78.92,-0.12,7
-0.77,-0.1,-0.32,-0.46,0.02,-0.12,-81.45,-66.79,85.76,-12.89,11.23,54.69,7
0.06,-0.61,-0.68,0.02,-0.12,-0.38,-49.69,-60.17,39.74,61.06,-10.86,70.1,7
0.55,-0.29,-0.12,-0.11,0.04,-0.21,3.11,-50.6,-12.27,73.69,-32.91,42.73,7
-0.03,0.14,0.15,-0.13,-0.03,-0.26,29.76,-17.08,-22.75,134.46,-50.95,36.5,7
-0.04,-0.07,0.02,0.13,0.16,0.01,39.64,18.29,-47.02,94.09,-22.37,0.05,7
0.11,0.04,0.01,0.08,0.26,0.04,17.46,5.29,-45.58,63.82,-17.69,-15.41,7
0.21,-0.07,-0.04,0.07,0.15,0.09,69.05,10.34,-41.29,57.42,-19.68,-17.31,7
-0.48,0.2,-0.85,-1.59,0.19,-0.86,37.05,46.15,-9.31,207.06,69.6,-11.73,7
-2,-0.49,-0.36,-2,-0.11,-0.33,-42.57,13.38,33.56,-239.51,103.49,-70.33,7
-2,-0.85,-0.63,-2,0.2,-0.59,90.95,-1.37,7.11,-71,48.79,3.57,7
-1.67,0.05,-0.5,-1.49,0.11,-0.43,82.25,-37.05,8.27,-112.98,-24.15,-5.32,7
-0.72,0.04,-0.14,-0.89,-0.04,-0.04,92.76,-18.69,28.62,-60.52,-54.33,5.4,7
0.16,0.1,-0.16,0.15,-0.01,-0.09,24.31,17.61,31.17,126.62,-21.74,62.35,7
0.27,0.22,-0.09,0.21,0.1,0,-23.9,29.45,29.38,61.09,-11.94,24.66,7
0.02,-0.09,-0.09,0.15,0.14,-0.1,54.92,35.85,17.1,25.47,-7.48,-24.02,7
0.15,-0.08,-0.19,-0.15,0.19,-0.11,54.47,39.6,13.06,62.59,-1.53,-10.09,7
-2,0.15,-1.47,-1.8,0.71,-0.4,-40.04,160.63,66.18,95.95,12.6,-2.89,7
-2,-0.02,-0.66,-2,0.68,-0.22,54.05,78.32,40.15,53.08,2.08,22.67,7
-2,-0.29,-0.76,-2,0.67,-0.42,29.15,-93.18,26.99,-124.27,41.08,55.41,7
-2,-0.06,-0.83,-2,0.6,-0.79,71.29,-39.02,-8.6,-239.49,33.48,42.75,7
-1.53,0.31,-0.59,-1.56,0.5,-0.41,52.11,-75.84,-93.2,-63.98,-36.95,15.56,7
-0.78,0.6,-0.43,-0.55,0.04,-0.3,28.5,-60.34,-82.47,-42.62,-91.62,2.57,7
-0.01,0.58,-0.39,0.76,-0.2,0.04,-2.34,-67.25,-39.56,1.76,-86.85,-16.85,7
0.26,-0.08,-0.09,0.75,0.01,0.07,11.52,-22.42,1.62,28.68,-55.67,-43.9,7
0.11,0.22,0.11,0.3,0.21,-0.15,-37.57,-8.73,30.02,-3.46,-20.27,-71.4,7
0.08,0.29,-0.01,0.07,0.25,-0.15,-35.19,2.11,36.47,-1.95,-14.98,-66.12,7
0.1,-0.17,0.06,-0.24,0.26,-0.25,1.15,24.38,6.59,7.67,-16.22,-58.22,7
0.38,-0.26,-0.34,-0.56,0.36,-0.44,10.4,78.43,-43.68,20.69,-20.27,-56.91,7
-2,0.61,0.16,-2,0.53,-1.06,75.98,-155.07,-35.07,67.75,4.69,-14.75,7
-2,0.77,-0.6,-2,0.48,-0.98,35.36,-68.07,-42.48,105.78,-18.04,57.89,7
-2,0.5,-0.8,-1.67,0.68,-0.47,-120.03,-16.37,-8.2,-25.87,58.14,-23.26,7
-1.34,-0.18,-0.25,-1.15,0.77,0.13,-134.63,-49.08,-11.75,-41.05,50.74,-74.83,7
0.11,0.21,-0.15,0.16,0.68,0.35,-73.94,-7.02,16.2,-212.64,52.21,-15.92,7
0.4,0.09,-0.06,-0.04,0.44,0.35,-84.15,-15.17,30.82,-250.14,50.25,-17.98,7
0.22,0.12,-0.18,0.15,0.09,0.18,-84.99,35.05,23.47,-175.25,0.67,15.99,7
-0.05,-0.02,-0.01,-0.09,0.27,0.08,-65.69,45.57,16.39,-32.61,-46.59,43.21,7
-2,0.24,-0.3,-2,0.71,-0.98,3.44,41.8,-41.67,185.21,-87.84,55.37,7
-2,0.51,-0.4,-2,1.31,-0.99,-20.31,90.47,-27.19,131.49,-111.98,57.99,7
-2,0.92,-0.43,-2,0.69,-1.23,-70.44,-63.66,5.03,-116.98,67.09,44.48,7
-2,0.35,-0.8,-1.59,0.19,-0.77,-85.6,-135.29,79.73,-76.82,79.54,-9.59,7
0,-0.49,-0.54,-0.08,-0.07,-0.29,12.45,-109.86,76.81,9.18,20.41,-27.66,7
0.8,-0.44,-0.53,-0.01,0.1,-0.39,19.79,-65.56,17.85,99.34,-1.23,3.32,7
0.22,0.08,-0.05,-0.07,0.26,-0.44,40.06,-1.64,-12.35,149.51,-21.08,24.85,7
-0.15,-0.02,0.12,-0.16,0.16,-0.14,43.25,-14.33,-35.31,139.86,-23.05,31.56,7
0.11,0.01,-0.02,0.32,0.19,-0.01,51.53,-6.48,-26.7,130.64,-29.44,24.95,7
0.24,0.13,-0.09,0.49,0.06,0.06,38.11,0.64,12.5,123.42,3.15,19.23,7
0.1,0.26,-0.02,-0.2,0.23,-0.19,18.89,32.39,71.47,139.18,47.98,20.39,7
-2,0.75,-0.69,-2,1.04,-1.12,101.36,6.33,11.05,166.18,14.5,-36.71,7
-2,0.39,0.24,-2,0.83,-0.37,-27.2,-47.21,38.31,-39.15,86.37,-16.18,7
-2,0.24,-0.63,-2,0.92,-0.71,-25.83,-43.39,37.01,-91.64,98.39,-1.27,7
-1.36,0.28,-0.13,-1.28,0.3,-0.12,-23.21,-31.99,39.05,-150.14,48.82,-18.35,7
-0.38,0,-0.07,-0.5,0.06,0.04,16.45,-7.28,35.09,-83.31,-12.89,-0.43,7
0.34,-0.02,0.09,0.14,-0.05,0,21.5,43.67,14.43,-24.97,-17.61,11.01,7
0.14,-0.04,-0.04,0.09,0.04,-0.08,54.29,46.58,4.29,-26.12,-15.61,0.53,7
0,-0.18,-0.01,-0.05,0.04,-0.18,85.98,43.31,-7.97,-8.42,-14.48,3.5,7
-0.01,-0.05,-0.35,-0.68,0.24,-0.34,117.87,65.5,-10.27,56.45,-14.33,32.17,7
-2,0.56,0.54,-2,0.58,-0.76,-26.32,57.4,20.39,-8.81,23.79,37.39,7
-2,-0.17,-0.76,-2,0.94,-0.73,44.66,-100.48,-13.71,-129.85,53.02,32.86,7
-2,0.13,-0.8,-2,0.91,-0.77,35.63,-43.49,-33.25,-250.14,44.37,-16.26,7
-2,0.08,-0.6,-1.85,0.65,-0.73,63.8,-75.44,-127.31,-250.14,-20.85,-144.08,7
0.05,1.06,-0.65,0.6,-0.05,0.19,-5.02,-70.62,-53.65,-114.89,-37.65,-137.08,7
0.42,-0.01,-0.35,0.27,0.21,0.28,-22.4,-59.55,-32.66,-94.27,-2.5,-144.9,7
0.21,-0.17,0.07,0.13,0,0.06,-28.31,-8.44,-26.73,65.91,18.35,-66.56,7
0.07,0.23,0.06,0.09,0.43,-0.07,-33.06,-5.07,-5.35,206.48,-29.56,2.53,7
0.04,0.01,0,0.1,0.25,-0.15,-25.8,-2.58,-9.73,39.77,-38.65,-20.14,7
0.35,0,-0.19,-0.03,0.15,-0.29,-26.46,12.11,-19.56,39.4,-19.95,-1.99,7
0.23,-0.14,-0.45,-1.16,0.22,-1,-3.35,28.65,-48.7,100.42,45.59,3.36,7
-2,-0.43,0.09,-2,0.48,-1.24,158.18,152.04,-26.31,38.38,9.37,-56.91,7
-2,0.23,-0.88,-1.86,0.51,-0.38,-47.89,16.53,5.33,-1.16,22.95,15.57,7
-1.14,0.09,-0.21,-0.82,0.39,0.03,-96.45,-36.89,6.98,-65.85,34.21,-7.98,7
-0.25,-0.06,-0.27,0.01,0.34,0.13,-66.94,2.32,22.58,-127.36,31.49,-25.57,7
0.34,-0.03,0.18,0.23,0.02,0.1,-44.38,11.11,31.11,-99.6,19.04,-10.36,7
0.23,0.21,-0.07,0.18,0.19,-0.1,-51.6,51.05,1.67,6.8,-23.24,-13.51,7
0.19,0.09,-0.05,0.05,0.05,-0.09,-48.33,60.36,-4.34,23.01,-34.13,-7.02,7
-0.04,-0.13,-0.56,-0.92,0.17,-0.71,-9.52,104.18,-26.89,123.75,-1.8,19.24,7
-2,0.09,-1.36,-2,0.4,-0.81,-27.39,-131.71,-20.23,2.08,10.12,-9.33,7
-2,0.49,-1.06,-2,0.57,-0.96,-40.97,-50.84,43.82,-40.8,-3.53,13.79,7
-2,0.44,-1.13,-1.78,0.38,-0.89,-89.95,-77.16,85.42,-71.95,15.25,-15.78,7
-1.04,0.04,-0.38,-0.68,0.15,-0.39,-111.41,-87.64,105.81,-92.66,16.4,-1.72,7
0.34,-0.47,-0.52,0.07,-0.32,-0.39,-60.85,-65.18,56.66,-24.63,9.99,49.59,7
0.07,-0.06,0.07,-0.01,0.08,-0.31,-21.7,-2.39,13.82,71.06,-1.66,13.02,7
-0.43,-0.11,0.09,0.02,0.13,-0.32,-9.32,-17.77,-2.71,72.32,-1.2,-1.31,7
-0.04,-0.04,-0.07,-0.04,0.11,-0.37,59.43,23.55,-23.18,125.7,-7.89,7.01,7
0.22,0,0.09,0.06,0.18,-0.09,68.89,33.4,-25.5,143.43,2.42,30.08,7
-0.06,0.23,-0.2,-0.99,0.17,-0.07,55.47,23.6,12.79,91.11,85.79,40.53,7
-2,0.47,-1.33,-2,0.6,-0.97,153.63,-12.06,-46.95,123.65,81.36,37.47,7
-2,0.8,-1.28,-2,0.82,-0.44,-94.56,35.7,46.6,-2.37,60.62,-18.21,7
-2,-0.11,-0.54,-2,0.32,-0.66,165.22,10.68,23.05,-116.08,36.73,-23.08,7
-0.56,0.19,-0.07,-0.67,-0.13,-0.19,60.71,-40.82,25.67,-47.13,-18.47,33.82,7
-0.24,0.03,0.03,-0.17,-0.15,-0.02,25.96,-33.85,30.5,95.38,-28.06,64.46,7
0.16,0.05,-0.06,0.26,-0.01,-0.03,39.36,-9.96,30.51,80.15,-24.66,29.5,7
0.31,-0.06,-0.06,0.16,0.18,-0.2,68.51,8.67,32.53,44.4,-3.44,6.95,7
-0.12,0.17,-0.38,-0.57,0.09,-0.32,73.24,67.35,23.99,85.89,6.79,22.29,7
-2,0.44,-0.77,-1.3,0.41,-0.62,63.63,84.56,3.91,134.4,14.49,33.86,7
-2,0.07,-0.67,-2,0.54,-0.78,21.9,59.39,22.16,68.1,9.18,6.19,7
-2,-0.05,-0.71,-2,0.7,-0.51,0.63,-63.53,2.01,-114.69,38.39,-20.69,7
-2,0.22,-0.64,-2,0.24,-0.82,39.86,-113.95,-86.17,-76.58,-54.29,-4.26,7
-1.58,0.33,-0.51,-1.13,0.43,-0.55,40.78,-112.28,-108.62,-69.94,-90.01,-50.56,7
-0.12,0.56,-0.41,0.3,-0.02,0.11,56.85,-84.89,-87.19,-16.48,-120.22,-28.87,7
0.36,0.23,-0.25,0.29,0.22,-0.09,42.73,-46.88,-19.9,39.83,-83.39,-28.84,7
0.07,0.14,-0.01,0.07,0.22,-0.17,13.34,-21.54,-10.83,23.61,-54.98,-26.2,7
0.08,0.28,0.01,0.19,0.21,-0.23,-1.24,3.16,-0.76,40.46,-44.14,-5.55,7
0.21,0.11,-0.03,0.16,0.16,-0.22,2.32,23.54,3.91,9.84,-18.7,5.67,7
0.22,-0.11,-0.1,-0.11,0.22,-0.25,19.16,47.13,-11.77,-24.62,6.9,5.37,7
-2,-0.55,1.23,-2,0.37,-1.54,-1.24,228.37,-30.04,27.11,4.92,-26.86,7
-2,0.69,-0.52,-2,0.58,-1.04,-39.79,-43.64,-40.4,67.9,-22.11,44.62,7
-1.8,0.44,-0.83,-1.65,0.63,-0.41,-95.39,7.74,-16.75,-46.3,44.31,-6.78,7
-0.97,0.1,-0.26,-0.49,0.37,-0.01,-105.27,2.84,-4.44,-95.84,40.08,-48.92,7
0.22,-0.08,-0.02,0.29,0.36,0.27,-55.2,-2.74,20.34,-166.23,19.89,-72.38,7
0.43,-0.14,0.09,0.15,0.2,0.05,-86.15,15.28,18.6,-152.62,18.2,-69.11,7
0.28,0.21,-0.14,-0.03,0.2,0.09,-95.79,73.21,14.23,-70.09,12.38,-31.56,7
0.03,0.25,-0.17,-0.23,0.2,-0.13,-86.5,92.42,7.84,-59.23,15.15,-20.66,7
-2,0.49,-2,-1.87,0.38,-1.18,13.75,-77.6,-49.59,47.04,-47.02,-66.95,7
-2,0.57,-0.17,-2,0.68,-1.38,-98.85,76.33,-4.97,65.27,-76.63,-9.32,7
-2,0.97,-1.5,-2,0.51,-1.24,-42.18,-84.17,-0.41,-108.66,8.11,-17.1,7
-2,0.66,-0.74,-1.74,0.26,-0.77,-98.19,-97.52,77.17,-200.39,28.76,-21.76,7
-0.08,-0.61,-0.63,-0.36,-0.41,-0.53,-40.39,-78.44,57.82,85.76,-19.46,85.81,7
0.31,-0.51,-0.27,-0.23,-0.23,-0.68,20.69,-78.08,23.59,122.69,-4.69,89.62,7
0.36,0.25,-0.15,-0.05,-0.25,-0.41,-57.73,17.52,0.89,96.47,23.64,56.31,7
-0.08,-0.06,0.19,-0.14,0.05,-0.13,12.36,1.77,-23.48,91.33,27.37,26,7
-0.02,0,0.14,0.18,0.14,0.08,27.64,-21.58,-37.45,110.36,1.89,23.15,7
0.22,0.21,-0.06,0.39,0.22,0.24,23.76,-7.7,10.38,127.02,18.38,24.68,7
-0.4,0.72,-0.47,-1,0.62,-0.49,6.62,53.74,43.68,56.63,107.7,10.25,7
-2,-0.05,-1,-2,0.62,-1.08,-108.58,16.79,79.74,-31.89,32.07,-23.04,7
-2,0.09,-0.4,-2,0.02,-0.72,83.46,0.63,4.96,-103.06,56.63,69.49,7
-1.6,0.31,-0.21,-1.38,-0.09,-0.54,-13.82,-65.82,1.85,-78.4,36.44,35.73,7
-0.39,0.25,-0.19,-0.51,-0.1,0.02,29.36,-12.26,15.52,-88.49,-28.42,-5.96,7
0.31,0.05,-0.12,0.24,-0.12,0,15.5,28.34,27.68,52.49,-34.17,9.34,7
0.1,-0.08,-0.09,0.09,0.09,-0.18,61.4,41.48,7.26,54.63,0.88,-1.11,7
0.08,-0.01,-0.17,-0.09,0.25,-0.17,70.4,47.23,5.28,38.74,0,0.29,7
-0.01,-0.01,-0.25,-0.57,0.05,-0.51,111.44,66.91,-4.54,79.37,17.73,35.39,7
-2,0.32,-1.51,-1.84,0.39,-0.79,12.85,-25.7,14.7,38.22,54.74,30.63,7
-2,0.07,-0.77,-2,0.35,-1.01,48.73,-42.88,-11.6,-155.24,38.56,-10.26,7
-2,0.36,-0.75,-2,0.3,-1.23,74.11,-48.32,-31.3,-54.82,-26.83,-1.1,7
-2,0.33,-0.58,-1.96,0.66,-0.94,88.76,-91.34,-103.35,-17.77,-126.5,-32.3,7
-0.32,0.49,-0.15,0.22,-0.05,-0.28,78.84,-46.09,-96.94,-22.83,-150.98,-57.44,7
0.47,0.02,-0.04,0.46,0.34,0.09,22.53,-7.63,-12.05,72.56,-50.47,-110.69,7
0.07,0.04,-0.02,0.23,0.35,-0.1,-4.66,-3.62,-10.63,71.36,-35.44,-114.85,7
-0.02,0.23,0.12,0.03,0.33,-0.16,-7.65,-19.89,2.44,72.05,-45.1,-97.26,7
0.09,0.09,0.03,-0.05,0.4,-0.2,10.51,-7.82,3.41,61.58,-35.66,-56.86,7
0.21,-0.22,-0.12,-0.34,0.42,-0.28,36.05,50.38,-46.5,-32.77,-17.78,5.29,7
-0.41,0.22,-0.63,-1.45,0.21,-1.22,27.01,22.21,-57.69,9.36,77.24,41.89,7
-2,-0.11,-0.17,-2,-0.3,-0.82,250.13,210.59,-27.82,-150.33,34.99,6.53,7
-2,0.38,-0.22,-2,-0.4,-0.5,-97.6,-60.31,-40.89,-9.24,40.79,30.63,7
-1.32,-0.25,-0.38,-1.31,0.13,-0.25,-97.51,-34.42,-23.43,-88.64,33.27,-24.56,7
-0.88,-0.26,-0.33,-0.66,0.14,0.05,-47.54,-27.97,-34.31,-65.84,13.63,-16.85,7
-0.17,0.07,-0.16,0.05,0.08,0.25,-50.31,-14.94,-7.68,-43.49,-1.79,-20.31,7
0.1,0.27,-0.13,0.11,0.17,0.26,-87.02,22.04,10.77,22.44,0.48,-10.94,7
0.12,0.1,-0.1,-0.02,0.26,0.11,-91.44,31.08,23.2,-29.83,-2.57,-13.31,7
0.06,0.16,-0.13,-0.21,0.27,0,-98.62,49.15,24.92,-35.47,-5.31,-4.82,7
-0.88,-0.07,-0.47,-1.26,0.43,-0.26,-16.72,91.85,2.63,-11.32,-7.43,-12.4,7
-2,0.46,-0.19,-2,0.72,-0.86,-159.6,5.08,1.44,-47.8,-34.57,-29.94,7
-2,0.76,-0.98,-2,0.23,-0.9,-34.11,-72.47,37.29,-78.85,-26.86,78.29,7
-2,0.64,-0.85,-1.88,0.14,-1,-71.74,-89.69,103.1,-41.28,-46.07,60.01,7
-1.12,0.19,-0.36,-0.72,0.01,-0.58,-76.75,-88.31,134.67,41.56,-40.43,59.22,7
0.06,-0.56,-0.38,-0.03,-0.24,-0.86,-45.4,-60.06,78.53,138.62,-15.36,88.8,7
0.27,0.02,0.11,-0.07,-0.07,-0.56,11.67,7.11,-4.57,187.08,-7.37,54.6,7
-0.28,-0.06,0.2,-0.1,0.13,-0.43,-5.37,-13.82,-15.93,175.87,-2.86,25.49,7
-0.09,-0.04,-0.09,-0.02,0.2,-0.23,40.74,38.85,-26.8,183.09,25.61,11.38,7
0.12,-0.12,0,-0.04,0.42,-0.06,82.77,44.72,-26.31,142.72,30.6,-8.4,7
-0.13,0.35,-0.04,-0.79,0.44,0.08,-33.37,2.17,22.05,18.07,131.15,0.98,7
-2,0.67,-1.85,-2,0.75,-0.87,145.76,79.41,-25.2,9.28,100.6,-25.38,7
-2,0.73,-0.32,-2,0.71,-0.67,-55.7,49.79,62.74,-7.38,65.98,2.15,7
-2,-0.33,-0.08,-2,0.47,-0.72,92.48,-36.37,35.52,-14.35,33.44,25.37,7
-0.66,0.24,-0.12,-0.66,0.09,-0.18,46.91,-16.47,43.66,-8.34,-37.76,41.88,7
-0.09,0.19,-0.12,-0.09,-0.2,-0.19,38.94,1.66,40.35,73.17,-18.81,44.59,7
0.11,-0.13,-0.12,0.08,0.16,-0.26,48.17,25.73,17.6,44.32,-8.01,1.24,7
0.16,-0.03,0.06,0.09,0.01,-0.14,62.47,29.19,18.68,-6.24,13.52,-16.01,7
-0.03,0.13,-0.16,-0.46,0.11,-0.13,73.11,56.64,15.43,5.56,18.74,-0.1,7
-1.33,0.39,-0.71,-1.21,0.29,-0.48,44.88,104.24,2.27,11.02,19.4,1.3,7
-2,0.45,0.31,-2,0.42,-0.61,-34.63,-14.75,33.05,16.44,7.18,-11.97,7
-2,0.03,-0.83,-2,0.38,-0.67,11.34,-56.5,0.02,-67.06,15.45,-32.97,7
-2,0.12,-0.59,-2,0.65,-1.25,40.22,-101.16,-40.5,-64.54,-18.57,37.58,7
-2,0.22,-0.71,-1.92,0.42,-0.83,35.52,-77.48,-75.38,-88.02,-40.55,4.92,7
-1.26,0.43,-0.54,-0.79,0.28,-0.51,59.79,-93.72,-99.24,5.53,-90.5,-7.89,7
0.03,0.6,-0.32,0.49,-0.18,-0.01,11.43,-79.58,-48.53,-49.15,-100.06,-24.53,7
0.22,0,-0.04,0.46,0.35,0.03,-7.35,-6.16,-2.39,-24.69,-32.56,-57.31,7
0.07,0.1,0.03,0.08,0.23,-0.05,-11.97,-2.34,13.12,-72.69,-20.02,-61.48,7
-0.01,0.18,0.07,0.09,0.3,-0.12,-27.82,1.15,22.59,-35.89,-11.9,-27.95,7
0.06,0.06,0.07,0.07,0.15,-0.05,-10.58,10,20.56,3.6,-16.5,9.43,7
0.31,-0.29,-0.21,-0.42,0.3,-0.32,33.1,45.7,-24.96,32.84,-18.9,22.56,7
-0.95,-0.07,-1.25,-2,0.62,-1.32,101.18,155.15,-81.16,91.18,24.98,-11.41,7
-2,1.69,0.26,-2,0.34,-1.69,-114.29,120.06,-23.76,178.64,-124.82,68.13,7
-2,0.68,-0.25,-2,0.44,-0.45,-61.79,-83.37,-39.18,50.67,53.02,66.47,7
-0.79,0.12,-0.15,-0.38,0.4,-0.02,-104.6,-21.09,-19.37,-47.49,28.1,-47.11,7
-0.36,0.21,-0.25,-0.05,0.51,0.28,-112.63,11.74,-5.51,-62.25,19.03,-54.95,7
-0.01,-0.03,-0.11,0.08,0.46,0.09,-20.7,17.3,-1.89,-132.24,7.58,-60.06,7
0.12,-0.05,-0.04,0,0.3,-0.06,-53.62,9.98,5.05,-113.37,-5.65,-36.04,7
-0.16,0.15,-0.35,-0.33,0.33,-0.18,-31.08,69.49,-13.92,-68.05,-21.76,-14.36,7
-0.82,0.26,-0.83,-0.95,0.44,-0.25,-31.95,114.21,-30.02,-41.3,-36.68,-23.16,7
-1.9,0.48,0.01,-1.64,0.74,-0.61,-39.95,75.12,-19.05,-13.82,-58.82,-6.7,7
-2,0.41,-0.71,-2,0.72,-0.93,37.17,26.72,-38.66,-106.57,-34.6,63.31,7
-2,0.66,-1.19,-1.76,0.54,-0.79,-86.07,-89.71,75.73,-29.44,19.83,12.31,7
-1.86,0.43,-0.78,-0.91,0.5,-0.44,-108.53,-99.37,105.52,29.68,34.18,-2.05,7
-0.45,-0.43,-0.2,-0.47,-0.19,-0.31,-31.78,-70.42,108.05,-12.31,21.42,-43.07,7
0.52,-0.52,-0.3,-0.19,-0.22,-0.74,-27,-47.62,29.73,117.08,-35.24,27.8,7
-0.02,0.04,0.05,-0.22,-0.13,-0.34,32.82,-6.56,-23.57,207.12,-23.57,70.62,7
-0.25,-0.04,0.16,-0.14,0,-0.32,56.5,-15.24,-38.4,207.58,-14.36,34.21,7
0.07,-0.02,0.1,0.13,0.1,-0.32,50.76,25.14,-56.11,143.5,-35.36,-31.89,7
0.29,0,0.15,0.45,0.28,0.14,56.75,16.67,-41.75,173.74,-26.38,-29.66,7
-2,0.14,-1.56,-2,0.6,-1.13,106.44,172.62,-35.31,191.41,104.74,-40.21,7
-2,0.07,-0.12,-2,1.59,-0.6,-79.63,73.54,43.02,-70.77,53.96,-140.25,7
-2,-0.43,-0.56,-2,0.41,-0.36,8.27,-10.89,46.85,-131.21,103.23,-47.11,7
-1.82,-0.26,-0.78,-1.75,0.43,-0.65,80.61,-8.86,35.61,0.43,59.92,42.51,7
-0.58,0.06,-0.22,-0.6,-0.07,-0.04,13.05,-31.86,55.36,-6.03,1.98,52.96,7
-0.18,0.01,-0.11,-0.2,-0.11,0,18.66,-25.75,45.17,40.35,-13.49,54.27,7
-0.01,0.11,-0.2,-0.11,0.15,-0.13,-18.28,-7.12,35,50.4,-2.77,22.73,7
-0.15,0.01,-0.13,-0.25,0.26,-0.13,2.42,1.9,16.09,-11.31,3.5,-16.95,7
-0.48,0.09,-0.46,-0.63,0.27,-0.27,55.76,29.61,8.47,6.23,-3.86,-4.02,7
-0.77,0.02,-0.28,-0.81,0.28,-0.27,41.99,97.06,3.4,33.16,0.58,19.12,7
-1.59,0.23,-0.6,-1.54,0.47,-0.43,60.81,78.09,7.14,13.64,-2.95,9,7
-1.58,-0.14,-0.29,-1.84,0.27,-0.33,33.4,-2.47,24.55,-26.95,-2.64,12.72,7
-2,0.02,-0.75,-2,0.43,-0.77,10.74,-64.1,-5.04,-124.16,18.59,-9.59,7
-2,-0.11,-0.66,-2,0.42,-0.94,-4.08,-83.01,-22.3,-115.92,11.29,-20.09,7
-2,0.1,-1,-2,0.59,-0.85,23.58,-77.65,-80.28,-5.57,-14.75,-3.1,7
-1.15,0.43,-0.63,-0.98,0.6,-0.36,21.43,-60.82,-90.13,-54.28,-61.47,-24.23,7
0.29,0.33,-0.13,1.04,-0.03,0.18,-38.53,-35.37,-14.18,156.33,-116.59,16.91,7
0.16,-0.08,0.03,0.61,0.32,0.1,-42.78,-12.96,-4.06,217.51,-107.02,36.9,7
0.04,0.02,0.1,0.2,0.49,-0.22,-40.6,-14.01,13.34,109.93,-74.14,33.34,7
0.11,0.29,0.08,0.12,0.56,-0.21,-46.27,-9.56,23.7,-59.84,-21.79,7.37,7
0.25,-0.27,-0.27,-0.12,0.09,-0.34,10.11,16.47,-29.95,-164.5,-12.41,-13.11,7
0.12,-0.26,-0.28,-0.78,0.11,-0.77,38.44,20.96,-50.34,-103.44,10.36,-8.13,7
-2,0.11,-2,-2,0.23,-1.34,60.84,-203.41,-165.26,-30.69,7.97,-19.06,7
-2,0.83,-0.61,-2,0.53,-1.2,-51.89,10.18,-23.4,-41.44,44.19,-36.83,7
-1.7,0.07,-0.55,-1.42,0.41,-0.17,-114.27,-15.8,-8.24,-197.5,92.31,-146.15,7
-1.01,0.07,-0.28,-1.02,0.36,0.18,-101.57,-9.99,-8.3,-82.23,80.8,-98.73,7
-0.37,0.15,-0.19,-0.46,0.31,0.23,-77.07,-1.7,-0.37,-66.18,18.86,-77.31,7
-0.22,0.03,-0.09,-0.16,0.36,0.26,-44.4,2.04,-1.91,-102.47,-9.87,-65.12,7
0.08,0.15,-0.15,-0.21,0.31,0.01,-47.95,26.58,2.54,35.93,-37.66,17.67,7
-0.2,0.08,-0.34,-0.34,0.41,-0.12,-35.4,49.64,-3.51,34.18,-39.02,22.43,7
-0.64,0.17,-0.69,-0.57,0.46,-0.29,-23.69,134.54,-17.45,-5.58,-44.98,12.47,7
-1.19,0.28,-0.22,-1.17,0.53,-0.42,-40.73,73.69,3.27,-48.86,-48.21,15.75,7
-2,0.5,-0.84,-2,0.01,-1.39,39.42,34.97,-25.4,-12.46,-21.12,137.44,7
-2,1.1,-1.52,-2,-0.35,-1.41,32.96,13.83,2.44,47.4,-2.44,82.51,7
-2,0.87,-1.3,-1.76,-0.08,-0.57,-86.47,-66.76,77.11,-24.27,69.67,-108.75,7
-1.09,0.06,-0.65,-1.36,0.37,-0.46,-119.23,-75.16,93.87,30.39,105.87,-114.26,7
0.6,-0.43,-0.11,-0.21,0.07,-0.11,-53.44,-54.3,5.91,-51.44,61.63,18.03,7
0.44,-0.09,-0.01,-0.2,-0.03,0.02,8.31,-12.42,-12.28,33.31,29.19,64.54,7
-0.09,-0.05,0.01,-0.11,0.24,-0.11,53.95,-3.6,-34,165.58,8.18,97.78,7
-0.11,-0.15,0.06,0.03,0.23,0.04,109.47,21.73,-43.11,79.6,2.3,43.96,7
0.16,-0.01,0.02,0.24,0.14,0.2,98.98,-6.65,-39.64,14.81,12.76,42.98,7
0.18,0.31,-0.16,-0.21,0.08,0,93.65,-19.43,-0.27,16.66,40.59,58.58,7
-2,0.29,-1.68,-1.94,0.44,-0.61,76.6,-70.05,-33.79,115.18,7.4,36.76,7
-2,0.34,-1.34,-2,1.09,-0.99,-111.19,34.59,61.19,106.02,-0.6,21.12,7
-1.52,-0.07,-0.57,-1.74,0.16,-0.53,36.69,17.59,8.38,-105.41,23.24,46.5,7
-1.23,0.03,-0.17,-1.3,0.25,-0.32,24.76,-33.82,13.21,-72.42,6.21,86.5,7
-0.68,-0.06,-0.26,-0.6,-0.02,-0.16,22.95,-15.83,14.26,-127.41,-35.72,42.61,7
-0.18,0.12,-0.11,0,-0.18,-0.04,10.9,-4.22,23.89,-32.22,-36.3,29.95,7
0.02,0.01,-0.24,-0.13,0.14,-0.2,22.52,19.11,28.71,45.44,-24.46,19.09,7
-0.15,-0.06,-0.32,-0.25,0.16,-0.23,13.18,41.15,21.92,31.71,-15.86,10.11,7
-0.66,-0.03,-0.41,-0.43,0.19,-0.23,-9.04,83.76,12.9,46.29,-7.47,18.02,7
-1.26,-0.05,-0.26,-1.26,0.5,-0.4,-3.65,29.08,35,40.78,12.23,21.07,7
-2,-0.08,-0.74,-2,0.69,-0.43,5.81,0.43,39.1,-11.89,10.81,15.21,7
-2,-0.17,-0.61,-2,0.89,-0.57,33.64,-46.34,22.69,-27.38,3.78,21.27,7
-2,-0.02,-0.96,-2,1.03,-0.63,59.14,-45.94,-20.53,-88.51,17.52,8.14,7
-2,0.21,-0.95,-1.91,0.74,-0.66,99.4,-39.52,-77.04,-93.15,-5.4,-55.33,7
-0.24,0.85,-0.28,-0.08,-0.13,-0.04,-1.5,-100.21,-54.29,110.98,-115.25,-21.42,7
0.02,0.66,-0.4,0.49,0.22,-0.54,-42.94,-53.01,-13.76,85.5,-94.27,-40.5,7
-0.02,-0.15,0.01,0.41,0.31,0.08,-24.28,-39.79,8.01,33.38,-28.69,-62.73,7
0.2,-0.04,-0.06,0.31,0.24,-0.01,-35.61,-23.49,22.97,25.45,-16.18,-57.85,7
0.18,0.06,0.04,0.2,0.31,-0.11,-16.4,1.31,18.05,0.56,-0.07,-41.67,7
0.19,-0.23,0,0.14,0.15,-0.12,1.81,15.61,-1.05,-16.22,-8.66,-48.28,7
0.1,-0.32,-0.29,-0.66,0.37,-0.37,82.53,50.73,-30.47,5.27,2.24,-43.55,7
-2,-0.05,-1.77,-2,0.62,-1.54,165.62,110.35,-68.21,68.76,-7.97,-16.17,7
-2,0.75,-0.58,-2,0.39,-0.69,-66.92,-27.38,-9.94,-42.4,28.25,58.11,7
-1.95,0.31,-0.86,-1.52,0.54,-0.62,-102.62,-9.63,-5.78,-102.59,52.76,-3.2,7
-1,0.01,-0.26,-0.77,0.27,-0.1,-87.14,-27.6,-4.65,-48.1,46.49,-32.08,7
-0.27,0.11,-0.2,-0.22,0.28,0.1,-59.22,-16.27,2.93,-77.18,19.18,-25.24,7
0.17,-0.01,-0.08,0,0.14,0.12,-38.56,-7.84,15.3,-123.4,8.86,-24.29,7
0.04,0.04,-0.1,0.01,0.12,0.04,-31.36,19.85,12.59,-88.05,0.31,-22.32,7
-0.22,0.19,-0.43,-0.36,0.29,-0.06,-37.22,65.7,-3.52,-16.79,-0.52,-28.54,7
-1.17,0.11,-0.39,-0.68,0.37,-0.2,17.44,120.49,-27.31,8.69,-23.19,-51.73,7
-1.73,0.39,-0.63,-1.88,0.69,-0.53,7.08,79.09,-33.41,-41.47,-42.42,-27.89,7
-1.97,0.55,-0.84,-2,0.68,-0.67,-22.28,17.27,-34.04,-99.98,-40.24,3.85,7
-2,0.66,-1.31,-2,0.72,-0.85,-32.6,-66.94,-26.21,-132.62,-31.88,25.34,7
-2,0.68,-0.95,-1.98,0.53,-0.72,-66.35,-93.67,19.44,-102.05,-8.44,14.47,7
-0.83,-0.21,-0.75,-0.57,0.31,-0.25,-69.72,-92.27,77.5,2.85,17.64,4.37,7
-0.13,-0.62,-0.56,-0.32,-0.05,-0.35,-58.74,-88.61,51.24,37.95,-2.48,26.6,7
0.43,-0.26,-0.16,-0.22,-0.06,-0.48,6.76,-60.06,4.62,106.99,-16.58,75.21,7
0.31,0.18,-0.04,-0.06,-0.32,-0.25,22.32,-37.5,-2.37,125.43,-10.94,77.6,7
-0.09,-0.04,0.03,0.11,0.2,-0.09,24.17,-2.42,-24.21,119.56,13.22,23.77,7
0.05,-0.06,0,0.32,0.22,-0.08,14.87,-6.69,-30.74,127.74,8.01,17.4,7
0.38,0.14,-0.02,0.25,0.33,0.35,39.26,15.13,-6.86,65.17,26.29,-12.17,7
-0.03,0.09,-0.22,-0.83,0.51,-0.02,25.18,32.66,18.6,107.8,54.43,1.53,7
-2,0.85,-0.51,-2,0.7,-0.49,-39.06,50.8,25.98,57.44,37.68,49.34,7
-2,-0.23,-0.3,-2,0.06,-0.38,-61.6,-29.18,41.61,-42.72,77.02,8.53,7
-1.7,-0.31,-0.71,-1.7,0.52,-0.54,78.22,-8.09,13.62,-12.7,25.79,-11.72,7
-1.28,0.06,-0.17,-1.37,0.19,-0.15,71.05,-27.81,15.05,-97.3,-3.41,-6.52,7
-0.4,0.04,-0.23,-0.37,0.1,-0.17,75.67,-13.84,22.79,94.5,-36.24,69.47,7
-0.17,0.07,-0.22,-0.16,0.12,-0.15,61.81,9.15,24.53,76.51,-35.34,42.37,7
-0.14,0.09,-0.15,-0.15,0.19,-0.21,41.09,30.98,18.11,60.26,-27.53,11.92,7
-0.22,0.06,-0.18,-0.22,0.16,-0.19,29.31,45.62,17.03,50.58,-17.95,-3.43,7
-1,0.09,-0.41,-0.92,0.32,-0.34,6.63,75.38,16.63,45.56,20.13,-6.17,7
-1.6,0.08,-0.46,-1.4,0.43,-0.31,9.52,66.74,22.37,-29.35,30.35,-35.4,7
-1.71,0.14,-0.52,-1.68,0.32,-0.32,-9.85,25.86,51.62,-31.44,36.27,-32.85,7
-1.91,-0.08,-0.67,-2,0.46,-0.62,20.76,-8.61,27.04,-44.3,32.71,-26.44,7
-2,0.16,-1.05,-2,0.61,-0.87,60.97,-36.74,-25.71,-41.58,10.47,5.84,7
-2,0.27,-0.88,-2,0.67,-0.81,69.38,-51.19,-64.78,-16.97,-9.71,21.07,7
-1.13,0.58,-0.44,-0.89,0.33,-0.34,45.55,-77.98,-92.97,-63.88,-47.82,2.1,7
-0.06,0.76,-0.29,-0.3,-0.15,0.17,17.53,-82.31,-41.84,-53.6,-86.57,-1.36,7
0.17,-0.12,0.04,0.77,0.2,0.12,1.4,-23.86,-3.92,-34.02,-72.61,-37.76,7
0.1,-0.11,0.11,0.62,0.18,-0.12,-5.53,-24.24,12.43,-60.4,-58.19,-51.44,7
0.15,0.15,0.02,0.29,0.19,-0.22,-2.45,-12.37,35.61,-20.42,-30.82,-47.56,7
0.14,-0.01,-0.04,-0.09,0.32,-0.35,21.82,21,22.7,-15.85,-15.05,-37.56,7
-1.29,0.37,-0.79,-1.58,0.36,-1,40.56,25.28,-45.89,-11.95,37.21,-22.85,7
-2,0.25,-2,-2,0.44,-1.25,16.24,-34.6,-89.45,23.75,9.89,-15.5,7
-2,0.86,0.18,-2,0.46,-0.83,-16.64,-31.86,-45.54,59.73,-6.35,32.09,7
-1.83,0.63,-0.84,-1.86,0.51,-0.47,-63.6,-6.85,-29.15,-40.91,48.43,-14.37,7
-0.87,0.06,-0.24,-0.92,0.35,-0.02,-64.79,-11.15,-42.4,-58.24,48.46,-82.25,7
-0.38,0.17,-0.07,-0.51,0.28,0.1,-64.52,-8.94,-38.62,-43.29,12.5,-57.5,7
0.02,0.04,-0.17,0.07,0.22,0.1,-43.99,-3.2,-13.8,-66.41,1.97,-30.18,7
-0.06,0,-0.22,-0.01,0.12,0.19,-39.83,16.76,-6.15,-72.32,-10.41,-27.83,7
-0.35,0.18,-0.28,-0.28,0.34,-0.04,-42.11,53.07,-5.63,27.48,-31.38,-9.89,7
-0.68,0.02,-0.32,-0.56,0.4,-0.13,-9.89,71.98,-2.05,2.92,-34.03,-15.1,7
-1.17,0.04,-0.28,-1.1,0.46,-0.34,6.15,58.15,-6.32,-37.09,-35.76,-12.85,7
-1.82,0.32,-0.77,-1.82,0.51,-0.53,6.78,23.95,-25.52,-57.53,-47.45,12.08,7
-2,0.38,-0.87,-2,0.6,-0.66,-11.66,-41.22,2.56,-156.53,-6.59,63.7,7
-2,0.53,-1.29,-2,0.5,-0.56,-14.63,-73.37,37.47,-184.37,13.98,34.9,7
-2,0.57,-0.87,-1.64,0.36,-0.48,-77.81,-113.24,89.39,-80.47,5.61,-20.42,7
-1.09,-0.07,-0.69,-1.1,0.38,-0.33,-132.4,-99.31,114.68,-16.59,-36.44,-38.66,7
0.58,-0.1,-0.24,-0.04,-0.17,-0.55,-62.14,-60.07,29.63,55.96,-60.88,90.66,7
0.68,-0.04,-0.08,0,-0.26,-0.51,-13.86,-24.6,-1.89,106.96,-40.46,95.85,7
-0.13,-0.08,0.08,0.05,-0.06,-0.42,-0.22,-20.15,-29.13,151.28,-13.47,53.53,7
-0.13,-0.04,-0.01,0.15,0.12,-0.19,14.16,-7.27,-47.56,106.56,-3.82,25.69,7
0.37,0.11,-0.11,0.37,0.46,0.4,28.2,13.66,-11.71,84.36,-7.14,-25.22,7
0.15,0.06,-0.19,-0.2,0.48,0.08,31.13,53.88,15.25,53.09,-11.37,-43.27,7
-1.84,0.2,-0.79,-2,0.77,-0.66,73.28,117.26,-9.48,133.15,63.04,54.93,7
-1.91,0.46,-0.61,-2,0.22,-0.41,0.55,89.53,18.65,117.47,44.67,110.06,7
-1.83,-0.03,-0.56,-2,0.49,-0.08,41.28,6.02,26.36,14.45,57.44,28.13,7
-1.6,0.17,-0.39,-1.66,0.47,0,35.31,-8.22,24.89,19.83,53.04,0.11,7
-1.17,0.18,-0.34,-1.31,0.53,0.03,58.6,-5.79,33.9,-64.94,50.58,-47.19,7
-0.7,0.05,-0.29,-0.75,0.21,-0.1,50.46,-1.85,28.56,-86.71,32.31,-60.95,7
-0.18,0.16,-0.21,-0.27,0.15,-0.07,30.89,32.31,18.84,12.64,16.96,-44.89,7
-0.21,0.08,-0.17,-0.23,0.2,-0.13,35.69,44.82,13.51,41.37,12.89,-40.6,7
-0.2,-0.04,-0.21,-0.27,0.25,-0.15,50.12,50.04,9.24,81.56,9.81,-22.26,7
-0.46,0.09,-0.46,-0.53,0.29,-0.18,32.27,61.46,3.81,70.8,18.94,-10.85,7
-1.72,0.23,-0.46,-1.88,0.39,-0.54,-3.82,34.38,17,38.99,26.22,-29.68,7
-1.93,0.02,-0.87,-2,0.43,-0.45,-1.15,-20.97,16.99,29.09,9.74,-37.16,7
-1.66,-0.06,-0.77,-1.89,0.51,-0.44,8.67,-53.06,5.48,-24.8,23.22,-1.47,7
-1.79,-0.17,-0.73,-1.95,0.36,-0.76,51.62,-71.63,-10.74,-88.86,12.81,34.4,7
-1.78,0.53,-0.83,-1.61,0.38,-0.54,54.73,-100.95,-84.21,-48.81,-64.51,19.13,7
-1.06,0.72,-0.08,-0.71,0.33,-0.34,63.99,-110.3,-86.32,-19.06,-95.95,5.82,7
-0.04,0.74,-0.54,0.19,-0.28,-0.03,1.47,-106.28,-48.81,10.29,-119.67,-1.9,7
0.13,0.3,-0.16,0.36,0.08,-0.21,-2.75,-14.84,1.69,132.21,-89.19,-11.03,7
0.1,-0.01,-0.01,0.14,0.22,-0.19,-15.57,-4.05,9.98,49.44,-48.68,-23.51,7
0.09,0.28,0.02,0.09,0.32,-0.32,-24.03,-0.65,14.11,5.39,-27.65,-24.73,7
-0.01,-0.08,0.04,0.04,0.19,-0.17,23.54,18.34,4.35,-41.58,-5.45,-23.47,7
0.15,-0.25,-0.42,-0.58,0.19,-0.51,53.05,41.75,-22.41,-27.68,4.24,-19.64,7
-2,1.08,-0.15,-2,0.45,-1.39,-9.89,116.87,-58.38,100.37,-46.86,-0.67,7
-1.98,1.08,-0.8,-2,0.38,-0.79,-13.04,8.85,-27.69,5.16,50.07,19.35,7
-1.48,0.37,-0.47,-1.31,0.54,-0.44,-103.6,17.17,-11.56,-110.16,66.55,-38.32,7
-0.93,-0.02,-0.31,-0.6,0.39,-0.05,-89.28,20.02,-27.19,-86.11,66.43,-67.34,7
-0.24,0.08,-0.27,-0.11,0.4,0.04,-72.02,12.78,-0.52,-96.68,18.41,-55.85,7
-0.21,0.04,-0.23,-0.15,0.29,0,-60.82,16.63,8.66,-155.77,10.15,-53.05,7
-0.2,0.05,-0.3,-0.25,0.17,-0.06,-33.9,33.13,13.06,-82.56,-11.71,-18.5,7
-0.61,0.12,-0.51,-0.51,0.3,-0.16,-11,77.97,11.95,-14.3,-24.95,-8.85,7
-1.05,0.31,-0.45,-1.19,0.44,-0.49,-18.06,73.37,3.36,15.88,-63.67,-31.89,7
-1.25,0.49,-0.6,-1.73,0.5,-0.72,-22.32,72.09,-8.18,23.85,-59.27,4.7,7
-1.9,0.65,-0.9,-2,0.54,-0.8,8.54,31.21,-29.79,-34.92,-38.47,46.01,7
-2,0.9,-1.22,-2,0.54,-0.92,-20.71,-56.78,-41.4,-118.65,2.4,24.37,7
-1.7,0.4,-0.96,-1.38,0.29,-0.5,-65.27,-115.44,44.6,-63.88,49.56,-27.35,7
-1.08,0.16,-0.68,-1,0.2,-0.24,-68.01,-110.41,70.82,-54.72,35.98,-44.03,7
-0.14,-0.55,-0.34,-0.48,-0.12,-0.46,-43.19,-100.23,34.23,13.96,3.97,17.53,7
0.55,-0.34,-0.32,-0.18,-0.2,-0.44,-20.66,-63.37,-18.66,73.73,-27.34,60.85,7
-0.02,-0.09,0.1,0.01,0.02,0.01,24.5,-0.98,-64.73,89.89,-9.94,35.52,7
-0.09,-0.13,0.03,0.19,0.17,0.27,33.08,0.56,-80.49,21.94,-5.27,1.23,7
0.33,0.34,-0.09,0.47,-0.04,0.46,30,12.27,-37.31,31.84,-39.42,-12.95,7
0.1,0.38,-0.14,0.15,0.35,0.23,-25.54,46.97,30.85,120.17,-3.95,17.93,7
-2,-0.06,-0.58,-2,0.73,-1.12,-5.34,235.76,21.83,180.39,-53.22,20.11,7
-2,-0.02,-0.69,-2,0.09,-0.66,-103.15,50.54,21.67,15.5,76.35,29.62,7
-1.79,-0.33,-0.63,-1.97,0.09,-0.48,18.21,40.78,8.06,-133.92,127.18,-54.14,7
-1.02,0.19,-0.55,-1.21,-0.06,-0.2,6.56,22.43,22.56,-221.12,113.82,-61.98,7
-0.46,-0.02,-0.36,-0.55,-0.27,0.04,35.47,4.4,16.71,-12.66,8.3,14.3,7
-0.28,0.07,-0.36,-0.36,0.11,-0.02,36.12,6.82,22.39,42.56,-7.01,10.45,7
-0.22,0.04,-0.31,-0.39,0.11,-0.11,30.52,16.68,17.61,17,-12.18,-1,7
-0.41,-0.05,-0.39,-0.51,0.14,-0.17,31.24,34.86,11.84,31.54,-7.68,7.18,7
-1.09,0.01,-0.62,-1.2,0.1,-0.28,22.35,10.73,19.73,17.82,-4.34,13.77,7
-1.41,-0.03,-0.69,-1.82,0.05,-0.33,15.02,-26.34,27.09,6.12,-12.66,23.89,7
-1.79,-0.17,-0.86,-2,0.25,-0.63,-1.61,-64.75,21.53,-1.34,-4.46,15.85,7
-1.87,-0.26,-0.64,-2,0.3,-0.67,21.72,-59.66,5.22,-7.25,-3.84,31.85,7
-1.74,0.09,-0.86,-1.81,0.54,-0.84,108.85,-25.25,-63.41,37.98,-47.42,21.47,7
-0.6,0.64,-0.04,-0.33,0.11,0.02,45.05,-44.61,-50.4,-38.52,-75.58,-4.6,7
0.28,0.49,-0.54,0.77,-0.1,0.17,38.69,-14.77,-22.69,-1.24,-74.11,-41.15,7
0.09,0.09,0.07,0.59,0.16,0.26,17.96,13.95,20.92,25.27,-35.37,-63.84,7
0.06,0.2,0.02,0.05,0.21,-0.08,-17.98,0.47,45.92,5.48,-29.66,-56.51,7
0.06,0.05,0.18,-0.04,0.23,-0.27,0.89,-10.85,37.48,38.27,-26.57,-29.69,7
0,-0.23,-0.19,-0.53,0.15,-0.75,15.1,15.91,-6.77,102.08,-30.42,10.76,7
-2,0,-1.67,-2,0.59,-1.48,146.48,176.24,-93.19,205.92,-18.21,59.18,7
-1.53,0.66,-0.63,-2,0.4,-0.72,23.79,-7.65,-9.31,-58.86,114.28,26.97,7
-1.87,0.3,-1.04,-1.48,0.47,-0.44,-73.94,7.24,-1.35,-179.41,111.85,-57.07,7
-1.11,0.06,-0.47,-1.04,0.29,0.08,-49.97,4.34,7.34,-63.15,77.89,-53.05,7
-0.45,0.15,-0.42,-0.64,0.4,0.23,-33.97,10.52,6,19.15,11.92,-0.71,7
-0.1,0.13,-0.13,-0.14,0.28,0.13,-51.91,0.72,4.82,-16.98,-12.6,13.57,7
-0.08,0.15,-0.17,-0.07,0.2,0.07,-54.6,13.55,3.15,-17.93,-13.57,12.47,7
-0.13,0.13,-0.25,-0.21,0.31,-0.15,-41.21,27.52,-0.96,-32.34,-16.63,-0.12,7
-1.16,0.2,-0.56,-0.73,0.29,-0.47,5.59,47.69,-22,-10.7,-34.15,-24.92,7
-2,0.84,-0.83,-2,0.54,-1.16,25.48,0.51,-26.48,43.15,-41.11,-36.98,7
-2,0.94,-0.94,-2,0.28,-1.18,1.23,-41.02,-11.68,-41.98,2.18,-11.53,7
-2,0.82,-1.17,-1.84,0.35,-1.17,-125.71,-99.25,46.56,-100.17,25.93,-60.82,7
-1.44,0.03,-0.54,-1.11,0.32,-0.55,-96.44,-92.82,68.45,-48.31,27.92,-46.83,7
0.25,-0.37,-0.31,-0.26,0.07,-0.23,-60.36,-80.41,2.48,-32.87,19.84,28.66,7
0.2,-0.01,-0.3,-0.18,0.19,-0.08,-8.33,-34.14,-28.26,-50.84,2.12,36.14,7
0.14,-0.01,0.09,0.01,0.02,0.09,-16.98,-25.14,-35.95,-18.53,-16.58,57.45,7
0.05,0.06,0.02,0.1,0.06,0.21,-6.66,-18.43,-27.94,-34.54,-8.64,51.75,7
0.25,0.23,-0.14,0.09,0.1,0.07,-23.71,38.76,6.2,-32.01,6.68,32.37,7
0.19,0.16,-0.01,-0.28,0.05,-0.17,-33.4,57.62,16.53,-39.31,27.86,33.05,7
-2,0.36,-1.02,-2,0.53,-1.38,-14.54,-47.4,-27.78,103.63,40.66,27.6,7
-2,0.12,-0.43,-2,0.32,-0.88,-7.76,35.47,-8.95,90.24,-9.76,13.09,7
-1.54,-0.08,-0.52,-1.56,0.14,-0.43,65.27,-4.68,11.54,-77.11,31.44,-35.89,7
-0.98,0.06,-0.22,-1.08,0.03,-0.13,79.82,-18.74,13.95,-47.98,5.62,-2.44,7
-0.49,0.05,-0.26,-0.51,0,-0.12,71.74,-11.32,9.31,21.43,-20.85,6.66,7
-0.34,0.24,-0.18,-0.31,0.21,-0.11,31.95,6.44,4.19,78.21,-18.76,8.02,7
-0.3,-0.12,-0.21,-0.39,0.29,-0.14,24.18,28.35,-15.82,39.41,-2.27,-26.17,7
-0.39,-0.01,-0.34,-0.57,0.3,-0.2,-1.87,72.37,-20.66,24.85,8.86,-21.19,7
-0.9,0.12,-0.58,-0.83,0.05,-0.16,-21.42,100.82,-24.34,29.39,21.56,-10.44,7
-1.53,-0.28,-0.4,-1.52,0.07,-0.36,1.18,30.66,-10.41,-25.18,26.07,-23.48,7
-1.78,-0.24,-0.76,-1.97,-0.22,-0.49,33.43,-35.37,11.13,-44.3,-15.66,-1.92,7
-2,-0.28,-0.56,-1.99,-0.02,-0.55,19.57,-94.15,36.94,-59.16,-41.77,15.9,7
-1.76,-0.43,-0.63,-1.66,0.05,-0.59,71.99,-94.97,30.11,-33.43,-62.02,40.34,7
-1.35,-0.25,-0.4,-0.98,0.04,-0.48,52.19,-78.04,1.33,99.53,-68.26,36.5,7
0.05,0.27,-0.06,0.18,0.17,0.28,-69.44,-30.7,-15.49,41.17,-15.82,-11.16,7
0.42,0.34,-0.13,0.1,0.16,0.51,-35.69,-30.05,5.6,8.4,-5.91,-7.95,7
0.59,-0.05,-0.16,0.01,0.23,0.2,-60.92,39.79,12.51,-38.35,12.27,-31.44,7
0,0.21,-0.17,-0.32,0.26,0.02,-24.48,50.15,-1.77,-80.03,2.76,-44.69,7
-1.89,0.47,-0.56,-1.66,0.77,-1.2,-40.88,85.38,-2.27,173.95,-71.45,12.15,7
-1.94,1.22,-0.35,-1.53,0.53,-1.25,21.96,103.6,24.51,49.36,-44.86,11.75,7
-1.12,0.51,-0.58,-1.3,0.27,-1.04,3.19,73.01,7.62,-8.24,31.87,15.64,7
-1.63,0.34,-0.77,-1.48,0.4,-0.88,25.98,49.88,-2.85,-19.26,60.99,-12.88,7
-0.93,0.55,-0.62,-0.92,0.35,-0.21,-43.57,-19.57,4.24,23.16,39.98,0.9,7
-0.7,0.45,-0.44,-0.58,0.44,-0.06,-49.63,5.47,14.69,20.63,38.21,11.92,7
-0.31,0.16,-0.27,-0.36,0.52,0.24,-52.52,-0.97,18.82,-64.13,26.15,-0.49,7
-0.04,0.01,-0.24,-0.14,0.33,0,-24.82,9.06,8.05,-68.11,-5.09,23.48,7
-0.5,0.09,-0.43,-0.36,0.34,-0.15,17.79,50.57,-12.14,-31.47,-37.39,47.28,7
-1,0.35,-0.56,-0.75,0.53,-0.34,15.52,43.11,-15.25,-19.24,-45.18,39.65,7
-1.3,0.73,-0.79,-1.48,0.63,-0.68,56.37,47.95,-18.21,0.06,-47.77,29.46,7
-1.88,0.77,-1.31,-2,1.03,-0.83,20.36,-38.01,-29.3,-59.31,-22.54,-3.6,7
-2,0.89,-1.28,-2,0.82,-1.03,-54.79,-116.34,28.54,-93.93,9.46,-86.64,7
-1.74,0.72,-1.12,-1.62,0.65,-0.77,-129.96,-127.27,47.79,-99.83,7.35,-116.47,7
-0.73,-0.07,-0.23,-0.82,0.38,-0.26,-113.73,-132.67,34.38,-30.98,-7.98,-48.31,7
0.2,-0.56,-0.6,0.07,-0.07,-0.21,-3.03,-86.04,0.82,13.65,-35.6,31.82,7
0.13,0.04,0.01,0.01,-0.24,-0.31,38.14,18.29,-43.14,90.71,-25.42,33.23,7
-0.07,-0.06,0.12,0.09,-0.14,-0.12,30.49,4.44,-64.9,122.98,-27.79,34.45,7
-0.04,0.04,0.12,0.33,-0.03,-0.07,18.71,-13.41,-57.15,104.36,-25.39,19.95,7
0.31,0.14,-0.14,0.56,0.19,0,4.07,24.92,11.73,71,10.85,-3.92,7
-2,0.42,-1.98,-1.82,0.73,-0.54,48.41,-192.02,-76.83,-0.32,52.44,-64.77,7
-2,0.57,0.06,-2,0.38,-0.56,-60.53,54.69,29.34,-12.22,65.13,-61.44,7
-2,-0.55,-0.51,-2,0.52,-0.14,12.44,-57.77,-15.57,-161.53,98.97,-60.21,7
-1.62,-0.04,-0.63,-1.63,0.13,-0.24,48.22,40.08,-7.89,-130.63,59.1,-9.18,7
-0.61,-0.05,-0.22,-0.58,-0.18,0.07,48.71,12.82,4.06,-21.32,-13.82,11.74,7
-0.39,0.01,-0.22,-0.44,-0.04,0.01,33.95,14.12,8.47,44.76,-14.11,23.97,7
-0.32,-0.02,-0.25,-0.36,0.15,-0.09,45.43,19.21,14.41,33.18,-14.45,8.06,7
-0.39,0.04,-0.19,-0.42,0.12,-0.16,25.21,26.57,11.89,46.48,-18.35,13.41,7
-0.41,0.01,-0.35,-0.48,0.09,-0.3,-6.39,75.18,10.86,90.04,-14.33,22.35,7
-0.54,-0.09,-0.2,-0.47,0.16,-0.31,-1.06,92.66,4.63,71.24,-2.62,7.11,7
-0.98,-0.04,-0.48,-0.84,0.26,-0.32,-2.73,87.68,13.82,1.18,31.88,-23.06,7
-1.23,0,-0.86,-1.47,0.17,-0.36,-13.07,71.76,27.54,-83.16,62.55,-51.77,7
-1.82,0.01,-0.93,-2,0.08,-0.79,-24.22,-51.27,39.64,-112.53,54.14,-24.66,7
-1.87,-0.03,-1.22,-2,0.13,-1.16,-0.14,-72.69,30.35,-80.31,13.28,32.52,7
-2,-0.01,-1.41,-2,0.44,-1.61,49.49,-125.63,3.36,67.81,-84.77,100.38,7
-1.88,0,-1.15,-1.36,0.71,-0.71,79.52,-125.83,-51.9,31.33,-102.19,32.56,7
0.16,0.69,-0.02,0.74,0.12,0.64,45.13,-109.83,-41.46,-32.3,-104.37,-12.25,7
0.66,0.22,-0.23,0.82,0.15,0.73,0.72,-26.47,0.17,-47.83,-61.53,-26.48,7
0.26,0,-0.02,0.39,0.28,0.36,-4.77,-1.14,27.57,20.81,-35.67,-19.31,7
-0.16,0.15,0.13,0.03,0.35,-0.1,-10.51,-13.13,63.7,54.24,-68.19,2.98,7
0.09,-0.34,-0.2,-0.68,0.45,-0.44,24.44,47.59,27.89,2.97,-81.58,20.24,7
0.17,-0.06,-0.06,-0.7,0.3,-0.81,42.13,54.34,-10.75,59.85,-90.05,72.14,7
-2,0.67,-1.21,-2,0.54,-1.04,141.05,171.41,-80.39,91.81,-35.15,125,7
-2,0.83,-0.85,-2,0.7,-1.15,79.55,18.08,-46.81,60.78,35.39,33.18,7
-1.64,0.72,-0.8,-1.51,0.6,-0.13,-73.12,15.47,10.16,-174.49,92.17,-94.73,7
-1.18,0.2,-0.46,-1.03,0.33,-0.02,-54.4,0.85,8.24,-21.47,83.07,-58.98,7
-0.37,0,-0.35,-0.48,0.63,0.36,-56.6,11.12,7.27,214.1,43.82,-15.01,7
0.13,-0.07,-0.15,0.16,0.6,0.11,-19.01,26.62,-0.88,70.49,18.76,-44.08,7
-0.02,0.07,-0.24,-0.03,0.26,0.12,-9.65,74.08,7.52,63.23,19.03,-14.95,7
-0.01,0.26,-0.16,-0.15,0.27,-0.12,-29.81,68.91,8.47,57.75,17.63,-0.4,7
-0.86,0.33,-0.52,-0.87,0.38,-0.39,24.34,122.45,-5.45,-11.43,22.76,-16.62,7
-1.54,0.5,-0.97,-1.63,0.37,-0.85,-23.41,23.93,-14.04,22.88,-1.55,-18.92,7
-1.54,0.7,-1.06,-2,0.65,-0.81,-29.37,-28.04,-14.25,-176.61,29.99,-65.4,7
-1.83,0.75,-1.31,-2,0.35,-1,-27.35,-31.53,-14.98,-184.63,22.25,-71,7
-2,1.17,-1.54,-1.9,0.24,-1.26,-73.04,-91.96,18.3,-73.28,-6.66,-48.86,7
-1.52,0.59,-0.84,-1.14,0.32,-0.87,-127.49,-86.23,59.5,7.63,-17.22,-52.24,7
0.42,-0.41,-0.41,0.06,0.09,-0.45,-60.89,-84.61,1.79,-17.27,2.64,15.58,7
0.99,-0.16,-0.03,-0.02,0.03,-0.28,-7.11,-44.56,-12.59,-12.34,10.49,39.92,7
-0.01,-0.15,0.1,0.01,0.05,-0.09,4.31,6.11,-49.16,37.58,-2.68,40.49,7
-0.27,-0.05,0.01,-0.07,0.23,0.05,38.48,-9.53,-78.23,1.44,-15.83,7.92,7
0.29,0.21,-0.12,0.24,0.18,0.21,18.73,14.56,-43.32,45.56,-11.99,27.51,7
0.19,0.25,0,-0.14,0.19,0,-9.31,10.81,-3.43,-9,30.92,21.58,7
-2,0.09,-1.17,-2,0.73,-0.46,26.64,40.59,-54,-43.18,63.23,-13.51,7
-2,0.92,-0.89,-2,0.36,-0.73,-103.58,52.53,36.95,-42.14,31.41,-18,7
-1.55,0.05,-0.45,-1.45,-0.17,-0.63,42.55,32.02,-6.84,-44.05,-22.04,23,7
-1.21,0.24,-0.47,-1.11,-0.17,-0.4,5.93,-7.3,14.01,-22.79,-32.85,39.58,7
-0.6,-0.01,-0.25,-0.65,-0.07,-0.14,36.24,-3.66,9.56,17.5,-22.74,35.35,7
-0.44,0.05,-0.34,-0.38,0.05,-0.23,8.84,2.53,12.95,68.01,-14.92,31.4,7
-0.47,-0.02,-0.3,-0.44,0.23,-0.24,17.76,4.55,10.3,12.49,-4.15,-0.24,7
-0.51,0,-0.34,-0.54,0.21,-0.3,26.38,22.16,7.24,18.84,1.57,4.85,7
-0.82,0.02,-0.32,-0.92,0.16,-0.45,22.18,25.5,-1.02,34.66,9.64,11.27,7
-1.27,-0.02,-0.38,-1.28,0.12,-0.48,31.45,-20.51,-5.52,27.74,13.05,27.49,7
-1.59,-0.03,-0.49,-1.48,0.19,-0.44,66.95,-22.85,8.67,36.15,-5.39,-0.63,7
-1.42,-0.04,-0.38,-1.38,0.16,-0.31,59.96,-34.06,17.81,26.89,-14.46,-13.06,7
-1.21,-0.15,-0.37,-1.17,0.15,-0.18,72.34,-27.82,26.9,85.04,-28.05,3.21,7
-0.84,-0.13,-0.24,-0.76,0.3,-0.11,82.79,-21.59,33.82,105.75,-33.6,19.76,7
-0.42,-0.07,-0.19,-0.36,0.22,-0.02,55.2,-37.07,32.99,45.52,-21.64,28.27,7
-0.4,-0.02,-0.12,-0.35,0.21,-0.03,37.57,-37.95,28.76,50.26,-20.4,34.14,7
-0.59,-0.1,-0.17,-0.58,0.21,-0.15,26.73,-28.33,15.99,76.29,-21.87,33.85,7
-1.11,0.3,-0.35,-1.34,0.35,-0.39,9.45,-2.18,0.84,150.53,-36.67,21.37,7