-0.43,-0.02,-0.1,-0.57,0.33,0.02,39.47,-19.17,8.09,-98.46,-35.59,-80.34,2
0.34,0.03,-0.34,0.17,0.36,-0.18,16.15,-27.82,4.59,-98.37,-12.04,-20.28,2
0.61,-0.04,-0.59,0.67,0,-0.02,17.54,53.98,-5.42,-66.08,-6.68,26.63,2
-0.12,0.04,0.11,0.18,0.09,-0.24,29.48,51.4,2.18,52.16,-12.96,57.06,2
-2,0.37,0.27,-2,0.47,-1.39,-5.95,-5.58,14.56,112.34,75.56,-10.87,2
-2,0.1,0.41,-2,-1.55,1.48,23.21,-1.31,18.54,250.13,18.02,0.22,2
-1.02,0.02,0.21,-0.05,1.3,-0.99,7.49,-68.37,19.59,196.21,-50.95,-23.54,2
-0.17,0.02,-0.04,-0.14,0.34,-0.16,-7.11,-45.12,6.53,-250.14,-40.06,-128.83,2
0.58,0.05,-0.66,0.35,-0.16,0.05,2.61,33.36,-5.66,-61.36,-22.71,-1.3,2
0.08,0.08,-0.15,0.21,-0.01,-0.31,12.24,62.05,-6.65,92.95,-19.27,13.02,2
-0.3,0.1,0.23,0.08,0.49,-0.25,15.57,46.05,-2.71,154.21,-31.31,46.62,2
-0.61,0.03,0.03,-0.7,0.38,-0.48,-30.69,-19.58,-10.85,82.11,-2.56,54.63,2
-2,0.21,-0.56,-2,0.6,-1.71,8.33,62.71,13.53,19.82,92.94,29.98,2
-2,0.18,0.93,-2,0.44,-0.72,-7.59,24.26,-5.7,20.38,97.53,23.72,2
-1.74,0.08,0.23,-1.38,0.83,-1.31,32.93,-31.92,14.58,226.02,-53.05,32.68,2
-0.47,0.08,-0.06,-0.24,0.6,-0.29,10.6,-15.5,7.63,-250.14,-10.52,-151.57,2
0.74,0,-0.59,0.5,-0.09,0,-9.3,-33.75,11.63,-43.67,-14.16,10.19,2
0.19,-0.05,-0.42,0.24,0.11,-0.05,23.44,54.93,17.08,39.18,3.75,18.96,2
-0.22,0.06,0.08,-0.02,0.42,-0.15,4.4,55.89,15.4,13.4,-9.95,13.77,2
-0.36,0.07,0.09,-0.39,0.31,-0.22,-1.72,6.64,4.98,-41.24,-16.61,9.99,2
-2,0.73,1,-2,0.1,-1.5,-21.52,23.11,-26.5,153.49,22.78,54.34,2
-2,0.61,-0.17,-2,0.61,-1.29,-19.53,15.56,7.86,171.64,15.61,17.85,2
-2,0.22,0.12,-2,2,1.81,-15.71,16.53,13.42,250.13,-40.18,57.98,2
-0.92,-0.02,0.02,-0.37,2,-0.26,-10.64,-19.56,16.31,-218.93,13.21,-98.13,2
0.36,-0.19,-0.26,0.17,0.14,-0.23,-1.76,-24.52,10.67,-250.14,10.42,-89.37,2
0.57,-0.18,-0.32,0.42,-0.01,0.03,-1.15,13.15,-18.97,-39.49,-37.5,-7.89,2
0.1,0.18,-0.18,0.28,0.23,-0.21,-7.11,59.82,-27.22,65.17,-39.56,35.69,2
-0.34,0.05,0.06,-0.23,0.34,-0.3,-18.6,50.66,-16.49,68.05,-33.54,66.47,2
-2,0.31,0,-2,0.32,-1.29,-38.54,-0.88,17.37,64.5,42.92,42.5,2
-2,-0.39,0.22,-2,0.62,-1.09,16.84,23.2,-2.44,114.39,88.45,26.94,2
-1.93,0.08,0.25,-2,0.2,1.17,47.27,-19.88,8.28,180.09,-39.53,33.24,2
-0.73,0.09,-0.01,-0.64,0.64,0.17,53.19,-19.82,15.66,-197.95,-12.63,-83.69,2
0.6,-0.2,-0.27,0.47,-0.14,-0.24,40.21,-16.45,7.47,-76.05,-43.87,29.3,2
0.27,-0.02,-0.34,0.31,-0.08,-0.28,56.92,57.87,-7.75,85.01,-16.82,51.79,2
-0.22,0.14,0.16,0.16,0.36,-0.11,39.24,48.47,-18.42,108.94,-28.14,44.64,2
-0.42,0.07,0.08,-0.1,0.28,-0.23,3.08,-17.94,-1.99,43.12,-30.39,25.59,2
-2,0.53,0.8,-2,0.47,-1.23,-34.3,-5.34,-31.72,113.76,83.32,-6.88,2
-2,-0.03,-0.07,-2,-0.18,1.34,-22.58,24.82,-11.64,250.13,-39.02,91.57,2
-2,0.16,0.4,-1.68,1.64,-0.57,-24.47,0.36,15.12,-12.53,-62.81,-72.37,2
-0.78,0.01,0.01,-0.62,0.64,-0.77,-33.86,-26.08,14.07,-250.14,6.92,-219.61,2
0.63,0.03,-0.45,0.47,-0.05,0.27,-29.05,27.39,19.31,56.5,-19.47,-7.12,2
0.23,-0.02,-0.14,0.33,0.15,-0.22,-11.8,58.76,14.27,111.56,-23.6,22.07,2
-0.18,0.01,0.2,0.16,0.41,-0.34,23.55,29.72,-10.46,95.57,-19.54,9.63,2
-0.55,-0.15,0.12,-0.35,0.5,-0.33,-6.83,-28.98,-17.72,31.47,-19.66,8.56,2
-2,0.16,0.51,-2,0.42,-1.31,-28.67,25.96,-15.4,72.56,72.92,128.18,2
-2,0.07,0.11,-2,1.14,-0.8,38.79,11.2,2.01,-24.52,80.23,123.13,2
-2,0.03,0.42,-2,1.18,-0.99,37.32,-18.05,1.32,201.73,-56.61,42.95,2
-1.05,0.13,0.25,-0.99,0.87,0.21,67.03,-41.86,11.56,-209.65,-4.59,-98.18,2
0.33,0.05,-0.17,0.4,-0.05,-0.15,30.46,-71.39,2.56,-58.41,-45.46,15.08,2
0.54,0.01,-0.39,0.62,-0.09,-0.36,27.77,-55.69,3.48,69.8,-42.05,45.47,2
0.27,0.1,-0.28,0.22,0.28,-0.48,38.61,42.55,11.2,144.51,-7.49,43.85,2
-0.07,0.03,0.15,0.1,0.45,-0.21,5.8,35.42,-6.79,89.37,8.79,43.28,2
-2,0.15,0.1,-1.72,0.46,-0.7,-55.22,-9.98,-20.34,-35.34,85.87,7.34,2
-2,0.53,1.27,-2,-0.57,0.2,14.37,45.17,12.18,100.85,25.65,38.2,2
-2,0.09,0.2,-2,1.39,-1.07,-13.66,-1.06,2.74,250.13,-13.33,-9.06,2
-1.94,0.24,0.84,-1.83,0.59,-0.21,9.83,-6.34,11.49,-173.27,-41.5,-97.15,2
0.07,0,-0.22,0,0.13,0.02,-17.08,-32.08,3.43,-167.38,-10.77,-37.05,2
0.78,0.03,-0.26,0.36,0.12,0.13,-14.57,-17.28,-1.66,-73.69,-24.32,11.36,2
0.27,-0.01,-0.37,0.39,-0.06,-0.19,32.52,93.91,3.85,-11.07,-14.88,34.18,2
-0.24,0.1,-0.07,0.18,0.04,-0.29,9.07,90.82,-7.36,63.18,-9.72,42.76,2
-1.47,-0.09,0.08,-1.23,0.38,-0.65,-65.47,-70.2,-13.39,95.82,-5.3,19.88,2
-2,1.02,0.76,-2,0.47,-1.38,-28.24,48.56,-28.92,132.48,22.34,10.73,2
-2,-0.17,-0.03,-2,-0.65,0.08,18.27,-3.79,3.82,140.49,36.48,28.56,2
-2,0.19,0.55,-1.91,1.7,-1.17,-10.54,3.91,2.54,195.15,-56.02,-9.57,2
-0.26,0.08,-0.06,0,0.04,-0.42,1.2,-36.63,5.56,-250.14,-11.36,-105.53,2
0.31,-0.02,-0.42,0.31,-0.25,0.02,-12,-26.66,3.25,-9.89,-9.58,-18.56,2
0.41,-0.02,-0.19,0.48,0.17,-0.15,-5.16,16.78,-3.44,91.18,-22.21,24.55,2
-0.01,0.04,-0.04,0.25,0.33,-0.34,16.27,31.41,5.45,55.4,-11.82,25.91,2
-0.27,0.01,0.05,-0.36,0.2,-0.36,-6.34,-5.58,-11.58,42.24,17.75,38.31,2
-2,-0.17,0.19,-1.73,0.4,-1,-91.94,-76.59,-49.82,85.89,57.6,70.63,2
-2,0.55,-0.51,-2,1.04,-1.24,-11.57,18.28,19.96,73.52,84.76,65.74,2
-2,0.31,0.37,-2,1.28,-1.17,-14.28,-0.53,21.42,220.5,-41.67,-37.3,2
-0.61,-0.09,0.07,-0.3,0.04,-0.22,14.66,-55.77,20.68,-250.14,-29.41,-72.85,2
0.05,-0.17,-0.18,0.12,0,-0.23,8.63,-64.58,5.15,-162.98,-25.21,-31.97,2
1.02,0.1,-0.59,0.58,-0.04,-0.14,-43.45,-23.57,-20.31,61.43,-26.92,24.76,2
0.1,0.14,-0.23,0.21,0.2,-0.39,32.77,78.54,6.27,53.02,12.05,41.44,2
-0.64,-0.21,0.16,-0.43,0.28,-0.19,-11.91,-3.92,-17.37,-108.51,45.83,-8.26,2
-1.35,-0.08,-0.01,-1.54,0.22,-0.38,-31.5,-67.02,-37.9,-100.33,46.69,-5.45,2
-2,0.36,0.43,-2,-0.06,-1.02,20.9,50.12,-12.16,61.62,13.25,11.01,2
-2,-0.03,0.33,-2,0.36,-0.76,30.78,-5.27,-20.54,250.13,-57.24,79.26,2
-0.68,0.24,0.07,-0.39,0.24,-0.12,25.15,-32.21,19.47,-190.04,-45.1,-42.1,2
0.18,-0.17,-0.15,0.17,0.09,0,0.92,-11.63,35.53,9.47,-34.39,15.95,2
0.74,-0.32,-0.33,0.52,0.18,-0.05,13.98,19.11,19.83,24.87,-25.35,14.79,2
-0.07,0.06,-0.03,0.29,0.18,-0.25,10.43,53.18,0.96,0.03,7.4,-3.41,2
-0.51,-0.08,0.15,-0.48,0.39,-0.4,22.8,-9.97,-1.21,-43.01,18.72,4.73,2
-1.56,0.08,0.35,-1.19,0.39,-0.58,-22.4,-35.38,-24.37,-63.21,30.91,2.55,2
-2,0.4,0.44,-2,0.45,-0.93,-32.4,-53.77,-17.2,8.69,64.08,-5.06,2
-2,0.01,0.2,-2,0.2,0.25,21.99,1.66,-16.44,250.13,-20.44,55.19,2
-0.79,0.15,0.21,-0.63,0.34,-0.26,11.89,-77.25,22.27,-250.14,-21.67,-35.18,2
0.28,-0.06,-0.19,0.04,0.13,-0.06,7.66,-21.15,19.68,-155.98,-37.45,4.02,2
0.55,-0.02,-0.25,0.49,0,-0.03,0.41,31.34,-5.24,32.74,-35.27,47.41,2
0,-0.05,-0.12,0.32,0.12,-0.28,13.55,42.66,-16.5,103.84,7.24,48.86,2
-0.35,0.05,0.08,-0.26,0.42,-0.36,-36.38,8.52,-13.84,-125.32,24.72,-37.68,2
-1.67,0.18,0.24,-1.22,0.18,-0.69,-84.66,-20.2,-28.01,-127.39,59.96,-47.63,2
-2,0.34,-0.31,-2,0.27,-1.05,-52.63,51.56,36.17,-5.03,92.27,-36.97,2
-2,0.08,0.62,-2,0.98,-0.51,1.44,65.44,5.31,190.73,5.89,-15.82,2
-0.7,0.02,-0.08,-0.72,0.24,-0.05,38.54,16.34,10.8,-238.87,24.26,-149.6,2
0.34,0.24,-0.36,0.19,-0.15,-0.03,38.18,47.35,12.72,76.05,-50.85,-12.38,2
0.27,-0.14,0,0.5,0.19,-0.05,33.79,66.47,6,177.11,-42.14,53.4,2
-0.13,0.06,0.01,0.3,0.14,-0.35,11.17,16.61,-19.97,189.34,-16.77,51.82,2
-0.29,-0.04,0.04,-0.23,0.34,-0.34,-9.79,-3.08,-0.52,113.49,-17.72,8.53,2
-2,-0.28,-0.01,-1.69,0.31,-1.11,-36.55,-80.2,-38.21,122.82,26.4,2.97,2
-2,0.44,-0.8,-2,1.27,-1.5,35.7,50.11,-1.32,54.93,115.76,-74.5,2
-2,0.51,0.76,-2,-0.36,1.42,41.88,-18.17,14.44,177.33,20.91,67.01,2
-0.22,0.04,0.06,-0.15,0.31,-0.16,23.29,-11.86,22.89,-121.73,-52.93,-44.98,2
0.56,-0.08,-0.09,0.47,0.19,0.07,-8.15,-35.33,-7.89,-146.09,-57.19,-66.8,2
0.43,0.12,-0.39,0.4,0.12,-0.05,-2.65,43.86,-13.34,-55.44,-19.98,-29.27,2
-0.34,0.11,-0.09,0.03,0.18,-0.3,8.15,57.73,-1.12,54.79,30.62,-0.95,2
-1.72,-0.08,0.06,-1.39,0.37,-0.82,-75.79,-88.31,-7.62,-5.38,39.46,17.7,2
-2,0.1,-0.29,-2,0.72,-1.02,-5.2,20.58,-7.59,-72.52,59.31,11.25,2
-2,0.19,0.41,-2,-0.26,-0.67,40.46,30.84,16.87,144.73,12.92,51.05,2
-1.94,-0.06,0.1,-1.55,0.37,-0.51,27.62,-70.5,1.33,-118.79,-20.36,-28.5,2
0.1,0.26,-0.72,0.01,0.14,-0.08,-5.09,-13.44,9.52,-151.08,-18.11,-38.62,2
0.45,-0.1,-0.24,0.17,-0.02,0.01,28.62,29.42,17.36,-96.6,1.93,20.02,2
0.21,0.04,-0.07,0.39,-0.04,-0.07,-4.71,48.36,14.54,3.97,-1.88,60.46,2
-0.07,0.14,0.04,0.21,0.02,-0.15,-20.42,38.53,2.63,73.05,-6.12,36.34,2
-1.03,-0.07,-0.03,-0.91,0.35,-0.56,-30.68,-49.36,-7.09,47.2,4.27,1.2,2
-2,0.25,0.59,-2,0.44,-1.32,-20.28,35.81,-27.85,48.31,35.87,5.87,2
-2,0.17,-0.23,-2,0.43,-0.97,41.23,-24.92,-0.02,20.55,33.4,32.99,2
-1.75,0,0.25,-1.88,0.75,-0.4,13.34,12.17,-11.09,189.73,-74.41,51.07,2
-0.01,0.19,-0.09,0.08,0.18,-0.04,16.6,-24.77,-13.54,-171.06,-44.11,-49.69,2
0.54,0.09,-0.21,0.51,-0.05,-0.01,-16.75,-2.11,2.51,-83.7,-26.6,11.15,2
0.27,-0.01,-0.17,0.36,-0.06,-0.27,9.12,55.29,1.47,67.29,-5.15,34.62,2
-0.24,0.03,0.12,0.3,0.2,-0.29,1.78,41.38,-0.27,106.99,-11.6,23.04,2
-1.64,-0.17,-0.09,-1.35,0.48,-0.48,-74.33,-70.35,-13.44,22.89,5.62,-0.41,2
-2,0.15,0.2,-2,0.37,-1.43,-23.64,-7.92,-12.71,38.08,91.52,39.53,2
-2,-0.12,0.17,-2,0.01,0.58,19.18,34.56,10.79,95.98,44.55,24.5,2
-1.88,-0.01,0.25,-1,1.01,-0.66,46.98,-75.56,21.29,-81.74,-37.68,-57.88,2
0.08,0.05,-0.34,-0.07,0.03,-0.12,20.01,-55.09,10.99,-83.34,-62.5,-18.37,2
0.7,-0.03,-0.4,0.14,0.16,-0.06,8.04,0.9,11.09,-10.52,-38.18,46.02,2
0.3,-0.05,-0.12,0.31,0.07,-0.32,31.39,66.27,-1.77,13.47,4.74,68.34,2
-0.22,0.09,0.1,0.25,0.16,-0.26,22.05,32.28,-9.44,41.99,2.52,50.33,2
-0.95,0.02,-0.03,-0.87,0.2,-0.48,-33.49,-41.89,-6.67,-9.07,15.52,0.52,2
-2,0.21,0.45,-2,0.36,-1.04,-94.78,42.94,-31.14,67.18,46.69,-0.6,2
-2,0.02,-0.13,-2,-0.59,0.2,13.34,-19.58,20.68,250.13,-2.11,80.62,2
-2,0.13,0.54,-2,2,-0.65,57.92,19.56,28.57,-97.24,-0.35,-63.32,2
-0.31,0.13,-0.12,-0.21,0.2,-0.08,7.06,-26.42,12.79,-99.23,-27.99,-53.21,2
0.22,0.12,-0.17,0.12,0.14,0.08,0.44,-16.68,7.43,-30.91,-19.88,0.54,2
0.62,-0.08,-0.32,0.37,0.16,-0.07,5.51,3.45,7.45,1.58,-15.06,29.46,2
0.14,-0.05,-0.42,0.28,-0.03,-0.24,11.16,65.87,-8.88,50.96,8.8,22.92,2
-0.71,0.01,0.23,-0.36,0.33,-0.19,-6.65,-0.24,-12.77,-9.44,2.92,-5.5,2
-1.57,-0.08,-0.11,-1.32,0.36,-0.3,-58.24,-86.11,-22.3,-17.49,3.35,-30.69,2
-2,0.46,0.21,-2,0.44,-1.15,-14.45,35.43,-4.53,53.64,19.85,-15.67,2
-2,0.11,0.2,-2,-0.34,-0.41,9.77,10.47,7.27,62.92,28.43,47.67,2
-1.1,0.05,0.02,-0.76,0.89,-0.3,19.11,-50.71,-1.66,-86.69,62.05,-66.11,2
-0.45,0.19,-0.2,-0.5,0.14,-0.06,-0.25,-48.27,-4.92,-134.24,-23.05,-57.28,2
0.43,0.11,-0.36,0.22,0.16,0.08,4.4,9.31,11.37,-59.41,-10.3,9.31,2
0.43,-0.07,-0.18,0.61,-0.09,0.09,10.74,46.77,14.65,-39.04,-12.92,41.46,2
-0.2,-0.06,0.01,0,-0.03,-0.22,1.53,-2.11,-2.62,34.31,-19,3.52,2
-0.64,-0.1,0.22,-0.5,0.37,-0.32,-8.66,-39.78,-22.03,65.81,-17.96,-16.95,2
-1.39,0.01,0,-1.43,0.53,-0.45,-49.2,-62.26,-34.69,1.67,-13.32,-44.23,2
-2,0.52,0.23,-2,0.4,-1.33,-22.27,43.87,-6.52,-11.37,54.38,45.88,2
-2,0.14,0.62,-2,0.55,-0.14,49.92,-20.57,11.56,77.31,-43.26,16.95,2
-0.85,0.11,0.08,-0.87,0.25,-0.01,58.6,-74.97,17.81,-20.78,-40.34,-52.7,2
0,-0.01,-0.3,-0.02,0.34,-0.12,3.7,-53.46,7.47,0.5,-49.6,1.84,2
0.71,0.02,-0.62,0.2,0.24,0.02,10.95,11.82,10.43,29.37,-25.7,43.65,2
-0.27,0.21,0.1,0.12,0.08,-0.38,17.85,73.75,11.97,-2.15,3.33,38.94,2
-0.56,-0.08,0.07,-0.11,0.27,-0.08,-9.15,-7.57,-8.1,6.5,-12.47,18.8,2
-1.63,0.05,0.31,-1.25,0.35,-0.69,-56.27,-17.41,-29.14,16.8,7.74,-2.44,2
-2,0.47,-0.08,-2,0.86,-1,-47.89,5.33,3.66,-42.02,61.11,-58.47,2
-2,0.25,0.57,-2,-0.87,1.22,19.26,-1.57,25.14,48.48,-4.77,27.31,2
-1.18,0.08,0.18,-1.29,0.69,0.26,17.99,-47.35,27.56,88.41,-78.06,25.37,2
-0.34,-0.03,-0.08,-0.52,0.33,0.16,-3.6,-30.95,13.82,-179.1,-6.38,-56.01,2
0.61,-0.03,-0.24,0.28,0.03,0.13,-25.08,-24.69,1.69,-25.47,-80.92,29.23,2
0.15,-0.03,-0.18,0.39,0.13,-0.29,13.27,56.62,-9.31,90.8,-27.69,68.48,2
-0.3,0.09,0.13,0.04,0.32,-0.31,-8.18,39.63,-7.44,44.33,-13.31,31.05,2
-1.35,0.06,0.15,-0.87,0.59,-0.35,-27.92,-34.75,-32.29,-62.44,12.92,-53.82,2
-1.78,0.43,0.39,-1.86,0.53,-0.5,-32.27,12.18,-28.53,-22.53,19.18,-55.4,2
-2,0.02,0.54,-2,0.72,-0.79,1.9,18.59,9.97,-134.44,109.76,-52.8,2
-2,0.16,0.5,-1.84,0.59,-0.21,20.21,-49.92,11.43,-208.21,93.06,-52.31,2
-0.69,0.21,0.1,-1.13,-1.02,0.75,5.82,-64.03,26.27,154.35,-101.79,21.25,2
0.39,-0.01,-0.21,0.01,0.12,0.22,-8.93,-10.42,7.71,117.44,-24.16,50.01,2
0.31,0.02,-0.37,0.34,0.09,-0.02,-5.34,41.88,-3.3,-29.29,-31.64,43.58,2
-0.14,0.07,-0.1,0.19,0.04,-0.05,2.75,56.88,-0.37,5.3,-12.12,46.04,2
-0.37,-0.03,0.18,-0.06,0.32,-0.1,-0.79,6.97,10.02,11.79,-0.18,8.13,2
-1.73,-0.2,0.25,-1.39,0.66,-0.45,-44.73,-58.7,-15.85,26.02,-0.42,-49.25,2
-2,0.25,0.25,-2,0.59,-1.37,-95.49,10.26,11.08,189.37,28.92,29.56,2
-2,0.17,0.7,-2,0.53,-0.62,31.19,39.31,31.34,19.86,76.62,11.73,2
-1.28,0.17,0.24,-1.23,0.7,-0.07,29.39,-62.07,28.05,-250.14,98.01,-100.03,2
-0.27,-0.05,-0.37,-0.55,-0.36,0.42,-6.13,-49.64,19.75,130.95,59.81,14.32,2
0.61,0.02,-0.4,0.27,0.39,0.22,-9.85,33.91,-7.47,10.98,-35.52,24.6,2
0.01,0.04,-0.23,0.21,0.17,-0.22,16.48,74.41,-30.6,-102.09,6.5,22.91,2
-0.47,-0.03,0.24,-0.01,0.21,-0.23,-2.47,21.5,-9.2,-61.71,17.19,16.48,2
-1.33,-0.04,0.1,-1.02,0.57,-0.43,-52.79,-58.87,-34.19,-77.02,32.86,-42.67,2
-2,0.06,0.16,-2,0.2,-1.24,-21.28,-18.44,33.02,3.74,48.56,-30.24,2
-2,0.09,0.53,-2,-0.08,-0.13,30.91,-2.1,10.47,250.13,-40.81,143.18,2
-1.19,0.12,0.14,-0.32,1.23,-0.56,32.05,-49.96,6.68,-40.89,5.81,-1.42,2
-0.36,0.06,-0.11,-0.28,0.03,-0.1,16.18,-39.4,0.53,-250.14,-23.53,-64.44,2
0.57,-0.03,-0.27,0.3,-0.21,-0.06,14.49,4.02,-16.89,-37.56,-45.87,30.81,2
0.05,0.02,-0.09,0.28,-0.04,-0.17,8.05,40.1,-14.77,113.04,-32.5,49.5,2
-0.12,0.04,0.08,0.07,0.25,-0.12,-7.02,18.03,-11.43,81.25,-30.01,23.9,2
-0.8,-0.06,-0.06,-0.57,0.53,-0.34,-33.77,2.42,-23.47,-27.31,10.84,-51.84,2
-2,0.64,-0.06,-2,0.32,-0.92,-46.44,30.01,16.24,-88.08,33.53,-60.47,2
-2,-0.22,0.43,-2,0.24,-0.93,57.31,30.37,17.12,-111.41,69.78,7.42,2
-1.52,0,0.23,-1.62,-0.62,0.42,39.47,-35.31,10.93,178.99,-43.3,41.71,2
-0.47,0.14,-0.09,-0.73,0.29,0.21,31.79,-13.61,4.84,110.29,-15.08,25.47,2
0.61,-0.04,-0.45,0.6,-0.21,-0.12,6.23,42.87,10.6,-36.54,-38.16,0.74,2
0.15,0.02,-0.23,0.17,-0.03,-0.12,9.02,71.42,-9.18,97.93,-3.02,-8.96,2
-0.43,0.1,0.35,-0.03,0.4,-0.22,25.61,34.02,-10.57,96.79,10.86,1.85,2
-0.77,-0.1,0.02,-0.83,0.51,-0.39,-17.05,-34.21,-8.63,11.72,10.18,0.08,2
-2,0.65,-0.15,-2,0.49,-1.04,-14.9,56.23,14.44,69.41,50.11,37.02,2
-2,0.27,0.49,-2,0.14,-0.81,38.1,36.35,20.05,173.66,32.86,69.87,2
-2,0.01,0.52,-2,1.28,-0.44,27.64,-33.62,9.61,250.13,-60.58,51.14,2
-0.82,0.04,-0.08,-0.82,0.89,0,16.5,-27.47,3.24,-218.5,22.98,-102.53,2
0.79,0.07,-0.55,0.41,-0.1,0.04,3.2,33.58,14.66,-37.6,-14.37,19.95,2
0.4,0.08,-0.1,0.28,-0.25,-0.26,21.64,67.4,7.28,34.6,-3.7,16.6,2
-0.19,0,0.03,0.06,0.32,-0.22,0.98,57.5,-4.4,62.85,16.23,12.16,2
-0.38,0.06,0.13,-0.1,0.28,-0.11,-3.41,29.72,-5.24,-13.23,1.52,-2.07,2
-1.65,0.06,0.04,-1.19,0.5,-0.69,-73.05,-60.35,-34.54,-41.34,20.27,-1.84,2
-2,0.5,-0.19,-1.92,0.45,-0.99,-70.54,-15.7,-11.06,-110.5,63.31,-30.72,2
-2,-0.28,0.62,-2,0.52,-0.84,41.79,3.93,22.89,50.56,23.69,-6.31,2
-2,0.06,0.2,-2,0.77,-0.3,26.38,-86.89,-4.76,33.33,-55.47,13.39,2
-0.18,0.31,-0.05,-0.11,0.26,-0.04,17.17,-25.34,14.93,-125.85,-42.97,31.76,2
0.35,-0.05,-0.13,0.16,-0.07,-0.02,6.93,-17.99,24.11,-114.65,-37.51,34.26,2
0.54,-0.01,-0.09,0.42,-0.29,-0.16,-1.73,7.56,10.32,7.43,-20.27,17.9,2
0.08,-0.03,-0.13,0.16,-0.03,-0.36,-3.27,35.79,-9.95,55.11,8.11,-0.53,2
-0.38,0.05,0.02,-0.51,0.26,-0.3,0.79,9.08,10.19,13.85,-1.4,-1.34,2
-0.79,0.07,0.03,-0.87,0.07,-0.57,-7.18,-7.22,0.61,32.97,2.64,9.95,2
-2,0.66,0.66,-2,0.43,-1.18,-85.31,10.27,-43.56,123.52,53.95,27.38,2
-2,0.37,-0.34,-2,0.53,-0.68,18.29,15.21,19.64,250.13,-78.11,106.12,2
-1.08,0.15,0.16,-1.02,0.42,-0.06,20.07,-30.21,5.59,-250.14,15.24,-124.03,2
-0.55,0.11,-0.03,-0.1,0.1,-0.07,22.05,-59.31,6.39,-150.5,-39.69,-53.11,2
0.64,-0.07,-0.11,0.34,0.25,-0.04,-20.55,-58.89,1.37,-39.76,-38.14,4.34,2
0.43,-0.02,-0.35,0.31,0.16,-0.24,0.11,50.82,-15.2,-63.12,-20.53,-7.89,2
-0.33,0.05,-0.1,-0.1,0.12,-0.3,-31.66,51.37,-4.3,-26.78,-9.29,3.47,2
-0.59,-0.07,0.27,-0.52,0.33,-0.45,-27.62,-7.3,-19.3,-57.6,5.72,2.8,2
-2,0.01,0.13,-1.65,0.18,-0.68,-53.76,-49.24,-32.97,-85.7,35.18,2.02,2
-2,0.41,0.12,-2,0.29,-0.68,25.34,15.51,-4.11,-31.27,27.87,15.27,2
-2,-0.09,0.42,-2,0.73,0.01,46.66,-60.25,-3.27,-250.14,-72.63,-132.6,2
-1,-0.05,0,-1.02,0.39,-0.18,49.63,-74.78,1.32,-250.14,6.73,-122.23,2
0.32,-0.02,-0.23,0.27,0.17,0.16,45.64,-58.53,-4.27,-182.91,-67.76,-3.83,2
0.84,0.46,-0.74,0.4,-0.22,-0.14,-34.85,-3.31,-26.77,28.08,-75.84,60.53,2
-0.1,-0.11,0.02,0.27,0.43,-0.34,-0.24,39.6,9.21,64.42,4.46,18.94,2
-0.23,0.01,-0.12,-0.37,0.47,0.02,24.98,22.2,6.74,-145.6,28.26,-41.01,2
-1.45,0.07,0.04,-1.49,-0.06,-0.01,47.91,-11.47,-6.01,-202.78,24.72,-42.35,2
-2,0.41,0.6,-1.86,0.02,-0.55,12.35,15.92,16.43,-5.61,9.48,7.11,2
-2,-0.06,0.44,-2,0.6,-0.27,-38.53,17.02,-0.46,35.74,47.91,-47.95,2
-1.75,0.25,0.79,-2,-0.28,0.6,-8.22,-22.6,0.63,154.85,-19.37,-7.19,2
-0.61,0.15,-0.04,-0.51,0.12,-0.03,29.28,-38.97,-1.31,200.08,-19.69,46.71,2
0.24,0.11,-0.2,0.3,0.54,0.19,5.65,-15.52,23.45,70.18,-51.64,47.51,2
0.27,-0.08,-0.08,0.19,0.14,-0.16,9.99,9.27,-1.43,48.22,12.92,14.65,2
-0.33,0,0.17,-0.21,0.51,-0.02,-27.85,22.47,-11.12,19.73,15.96,-8.81,2
-0.88,0.09,0,-1.17,0.53,0.1,-37.39,-18.97,-5.06,-146.66,-7.22,-30.53,2
-2,-0.03,0.24,-1.97,0.01,-0.56,-58.13,-15.41,-7.95,-159.04,1.83,33.73,2
-2,0.03,0.79,-2,0.7,-0.63,25.53,27.74,20.94,-46.12,54.04,-17.64,2
-2,0.15,0.56,-1.99,0.28,0.1,14.86,-45.63,10.21,18.36,25.03,-48.43,2
-0.58,0.19,-0.19,0.02,0.07,-0.54,8,-69.53,9.16,233.4,24.8,48.61,2
0.35,0.14,-0.41,0.14,0.36,0.21,-10.18,20.13,13.95,52.71,-9.92,37.18,2
0.12,-0.09,-0.06,0.21,-0.17,-0.22,21.23,24.22,-3.47,6,23.93,12.79,2
-0.31,0,0.02,0.08,0.22,-0.11,7.55,17.34,-1.73,105.05,6.81,27.93,2
-0.11,0.03,0.05,-0.23,0.42,-0.12,-22.95,7.56,5.71,35.66,-1.74,15.35,2
-1.12,0.19,0.01,-1.23,0.31,-0.14,14.22,-15.78,-13.51,-62.63,-1.95,-5.84,2
-2,0.4,0.35,-2,0.6,-1.18,9.11,8.93,-2.63,95.98,45.67,34.76,2
-2,0.08,0.05,-2,0.83,-0.75,-30.8,39.87,1.01,102.84,24.44,10.63,2
-1.64,0.09,0.71,-1.53,0.85,-0.15,21.69,-54.6,-11.97,64.14,-44.49,-14.12,2
-0.52,0.19,-0.28,-0.51,0.39,-0.12,33.54,-39.3,-19.35,-34.09,-10.16,8.6,2
0.73,-0.03,-0.4,0.51,-0.17,0.04,4.59,6.12,30.51,-72.19,-34.97,-7.93,2
0.31,-0.08,-0.39,0.41,-0.2,-0.16,15.32,72.2,-0.59,45.16,-19.8,-0.98,2
-0.15,0.08,0.15,0.22,0.32,-0.22,-22.93,37.42,-21.07,120.1,-7.11,6.66,2
-0.35,-0.03,0.13,-0.05,0.38,-0.16,-7.01,11.49,-1.17,13.89,-14.05,-12.35,2
-2,-0.22,0.05,-1.91,0.42,-0.89,-49.39,-96.71,-51.25,-25.38,32,2.32,2
-2,0.79,0.73,-2,0.41,-1.21,5.69,64.29,-38.45,4.44,63.27,36,2
-2,-0.23,0.54,-2,0.23,0.16,5.28,44.99,15.53,250.13,-3.45,137.25,2
-2,-0.07,0.37,-1.55,1.21,-0.85,20.56,-48.16,5.8,-199.26,-19.22,-155.69,2
-0.05,0.12,-0.34,-0.04,-0.07,0.12,16.33,-46.02,-0.37,-148.34,-39.76,-49.28,2
0.75,0.03,-0.25,0.3,-0.03,0.1,24.44,4.3,11.7,-0.59,-29.85,51.08,2
0.28,0.06,-0.15,0.3,0.05,-0.24,39.85,56.11,10.57,43.35,-12.55,49.24,2
-0.16,0.03,0.11,0.06,0.23,-0.05,10.76,56.6,5.99,44.55,-25.68,41.73,2
-1.17,-0.03,-0.12,-1.06,0.41,-0.6,-20.87,-24.56,-14.9,-17.87,21.03,5.89,2
-2,0.08,0.39,-1.78,0.46,-1.02,-47.14,3.56,-21.32,-55.17,66.71,-8.04,2
-2,0.33,-0.47,-2,0.35,-0.99,-8.84,52.21,17.5,-89.85,91.06,-68.7,2
-2,0.13,0.61,-2,1.22,-0.33,23.86,-24.82,-2.49,250.13,-57.02,111.79,2
-0.47,0.08,-0.16,-0.41,0.41,-0.11,27.67,-58.19,-11.57,-250.14,-12.51,-103.51,2
0.45,0.33,-0.31,0.24,0.08,0.22,-8.16,-49.46,-3.95,-171.6,-26.44,-32.37,2
0.44,-0.16,-0.53,0.53,-0.04,-0.24,55.27,25.06,12.64,25.83,-32.57,33.4,2
-0.03,-0.08,0.07,0.26,0.16,-0.39,10.63,39.07,3.79,49.74,4.97,24.34,2
-0.47,0.09,-0.01,-0.66,0.37,-0.62,-4.15,-8.13,-6.37,-37.87,28.06,14.82,2
-2,-0.19,0.12,-1.74,0.24,-1.29,-44.97,-103.2,-33.38,9.21,83.95,6.47,2
-2,0.46,-0.05,-2,-1.77,0.78,-32.05,-5.46,9.39,250.13,-14.27,130.17,2
-2,0.08,0.11,-2,1.83,-1.55,54.64,80.73,9.79,250.13,-33.71,48.74,2
-0.68,0.06,0.1,-0.38,0.05,-0.16,-9.56,-48.19,-5.19,-220.22,-44.15,-117.02,2
0.26,0.01,-0.4,0.03,0.15,0.25,-31.9,-23.37,-4.24,36.91,-39.4,-1.81,2
0.84,-0.04,-0.5,0.49,0.3,0.11,-10.93,26.87,13.21,83.73,-38.36,44.01,2
0.09,0.06,-0.19,0.25,0.08,-0.29,-1.5,98.15,5.3,76.18,-11.12,41.98,2
-0.69,-0.13,0.06,-0.3,0.12,-0.44,-10.65,5.9,-6.55,-30.91,13.15,15.73,2
-2,-0.06,0,-1.55,0.18,-1.04,-59.97,-70.44,-32.41,-6.56,55.74,28.79,2
-2,0.7,-0.15,-2,-0.04,0.68,-59.58,28.37,13.19,72.89,45.2,72.62,2
-2,-0.05,0.5,-2,1.18,-1.32,39.45,38.48,17.14,250.13,-42.05,31.83,2
-0.74,0.02,-0.1,-0.5,0.1,-0.26,7.11,-77.11,3.66,-196.83,-29.6,-99.26,2
0.42,0.14,-0.55,0.09,0.13,0.11,-28.55,-34.29,10.57,-9.75,-19.7,-5.29,2
0.63,-0.03,-0.31,0.4,0.21,0.02,22.44,57.37,18.91,17.56,-21.14,35.53,2
0.06,-0.08,-0.03,0.23,0.11,-0.22,10.28,69.8,-5.14,-14.18,-0.3,39.03,2
-0.28,-0.02,0.01,-0.23,0.22,-0.24,-12.15,-7.24,-18.76,-23.49,-10.76,14.82,2
-2,0.05,-0.09,-1.67,0.19,-0.87,-77.25,-92.77,-38.63,19.64,31.61,-2.96,2
-2,0.14,-0.26,-2,0.48,-1.35,-9.66,16.71,8.11,63.29,59.84,23.4,2
-2,0.21,0.22,-2,0.19,-0.31,17.38,30.55,8.33,250.13,-0.5,81.97,2
-0.82,0.01,0.13,-0.6,0.71,-0.26,38.68,-38.9,10.55,-250.14,-12.58,-134.31,2
0.03,-0.04,-0.18,0.07,0.11,-0.09,17.72,-50.48,10.89,-117.98,-14.82,-18.44,2
0.84,-0.02,-0.47,0.35,0.12,0.12,5.83,-11.05,-0.73,-15.53,-21.48,37.97,2
0.2,0.07,-0.19,0.25,-0.04,-0.1,36.28,66.95,0.5,21.99,-1.5,39.22,2
-0.45,-0.04,0.11,-0.24,0.3,-0.29,21.11,28.66,-7.13,14.51,-12.97,14.54,2
-1.99,-0.09,-0.07,-1.77,0.29,-0.98,-84.57,-97.76,-28.2,57.01,27.47,15.58,2
-2,0.55,-0.21,-2,0.53,-1.13,-38.36,25.44,15.08,90.5,64.34,37.03,2
-2,-0.13,0.56,-2,0.96,0.73,24.98,27.29,16.5,250.13,-9.54,162.05,2
-0.68,0.15,0.04,-0.38,0.77,-0.22,26.34,-34.27,2.79,-250.14,29.18,-216.33,2
0.17,0.1,-0.24,0.15,0,-0.04,7.46,-50.4,8.62,-250.14,-15.22,-84.41,2
0.7,-0.06,-0.59,0.4,0.04,0.08,16.92,16.91,17.04,-22.04,-23.66,15.88,2
0.16,-0.04,-0.01,0.29,0.12,-0.07,12.68,54.07,3.12,97.05,-9.24,35.79,2
-0.37,0.03,0.23,-0.06,0.34,-0.16,6.62,-3.6,1.6,50.05,-27.92,38.44,2
-1.42,0.01,0.24,-1.21,0.48,-0.41,-33.66,-78.02,-32.1,24.89,9.24,19.11,2
-2,0.81,-0.07,-2,0.94,-1.43,-44.63,57.66,4.37,-22.82,40.97,-32.93,2
-2,-0.19,0.6,-2,0.52,-0.82,36.28,-1.24,-17.49,-62.69,31.08,19.98,2
-0.78,0.02,-0.09,-0.54,1.2,-0.56,-0.98,-88.24,-2.88,-155.33,-113.21,8.7,2
0.24,0.21,-0.2,-0.06,0.32,-0.13,-12.51,-39.62,-3.06,-170.31,-20.95,-7.22,2
0.65,0.03,-0.47,0.9,-0.32,-0.13,-12.56,1.11,4.98,-83.44,-27.84,18.85,2
0.21,-0.05,-0.13,0.47,0.03,-0.25,1.23,59.09,-3.73,-55.64,5.08,-1.53,2
-0.38,-0.02,0.1,-0.24,0.31,-0.17,-28.05,13.92,-6.05,46.21,33.31,-18.59,2
-1.38,0.06,-0.15,-1.35,0.34,-0.35,-71.83,-48.57,-23.62,19.31,28.71,-14.58,2
-2,0.47,0.39,-2,0.32,-1.08,-47.76,34.47,9.4,211.64,24.28,56.21,2
-2,-0.18,0.56,-2,0.68,-0.76,21.9,36.07,10.83,250.13,-20.53,139.02,2
-0.83,-0.01,0,-0.62,0.75,-0.25,19.12,-7.9,14.79,-250.14,63.03,-204.94,2
-0.02,0.06,-0.24,0.14,-0.02,0.14,7.91,-19.33,19.87,-234.42,-8.82,-68.55,2
0.78,-0.12,-0.54,0.3,0,0.14,0.03,-16.21,18.93,-52.64,-37.28,28.67,2
0.22,0.02,-0.25,0.28,-0.11,-0.31,14.18,69.9,-0.59,123.02,-18.25,39.77,2
-0.6,-0.03,0.33,-0.14,0.41,-0.26,1.46,-11.84,-10.98,51.6,-19.53,16.56,2
-0.9,-0.13,-0.03,-1,0.48,-0.41,-41.66,-68.43,-10.51,-14.58,17.92,11.9,2
-2,0.38,0.31,-2,0.45,-0.99,-66.24,24.32,-38.28,-43.97,77.67,17.56,2
-2,0.04,0.55,-2,-0.7,-0.21,23.16,8.58,19.78,124.5,17.8,59.5,2
-1.15,0.07,0.19,-1.34,0.82,0.13,41.24,-44.21,7.89,-211.61,-50.59,-119.79,2
-0.09,0.04,-0.23,0.02,0.03,-0.11,27.39,-8.05,3.54,-243.63,-9.41,-72.69,2
0.83,-0.02,-0.32,0.41,0.06,0.11,-4.84,-12.54,1.58,-75.9,-24.5,19.2,2
0.26,0.03,-0.23,0.41,-0.06,-0.27,17.73,72.64,-0.95,56.11,-10.84,36.83,2
-0.51,0.02,0.07,0.04,0.28,-0.4,0.98,7.69,-7.96,44.58,6.96,-2.66,2
-0.81,-0.03,-0.08,-0.85,0.4,-0.53,-26.74,-70.07,-21.98,-7.15,32.24,-45.9,2
-1.76,0.11,0.3,-1.98,0.03,0.04,-99.87,-27.12,-27.81,30.73,11.79,17.1,2
-2,0.35,-0.17,-2,-0.26,-0.55,27.19,56.03,31.68,179.18,13.32,95.83,2
-1.8,0.09,0.36,-1.58,0.99,-0.47,20.41,-51.54,1.27,-95.48,-62.56,-75.62,2
-0.91,0.05,-0.04,-0.83,0.5,-0.36,21.79,-41.81,-6.41,-91.49,-9.47,-24.52,2
0.03,0.19,-0.28,-0.07,0.23,-0.01,8.11,-20.94,9.68,-50.82,3.37,52.87,2
0.51,-0.1,-0.24,0.36,-0.29,0.14,16.85,15.49,14.25,-36.21,-6.19,34.97,2
0.06,0.07,0.01,0.1,0.11,-0.05,-3.47,38.36,-8.78,-3.95,-34.39,-11.5,2
-0.29,0,0.13,-0.11,0.39,-0.31,12.84,4.41,-3.35,-8.5,-24.73,5.16,2
-0.86,-0.13,-0.04,-0.84,0.44,-0.44,-30.53,-32.81,-6.64,-98.34,1.25,-4.66,2
-1.74,0.26,0.01,-1.66,-0.03,-1.11,-50.11,45.89,-26.54,-2.97,28.36,9.2,2
-2,-0.02,0.32,-2,0.38,2,27.26,7.53,-0.73,250.13,-52.66,79.15,2
-1.97,0.21,0.04,-1.74,1.16,-0.97,54.93,-5.21,3.04,72.2,-53.21,-31.27,2
-0.64,0.15,0,-0.47,0.49,-0.3,30.33,-3.56,1.22,-217.08,2.02,-121.01,2
0.23,0.13,-0.07,0.41,0.31,-0.12,14.56,-19.36,10.11,-119.99,-1.85,-46.08,2
0.19,0.01,-0.1,0.31,0.11,-0.14,-1.56,54.73,14.22,43.27,13.82,10.34,2
-0.23,0.15,0.01,0.07,0.3,-0.04,-5.02,45.87,14.84,46.27,7.1,-1.92,2
-0.39,0.22,0.03,-0.23,1.31,-0.16,-3.4,3.83,9.05,-215.24,21.56,-75.87,2
-1.98,0.05,-0.36,-1.54,0.57,-0.42,-80.66,-131.76,-20.73,-250.14,47.44,-87.12,2
-2,-0.08,0.01,-2,0.05,-0.89,-35.79,-17.08,-3.69,-101.92,4.45,-47.07,2
-2,0,0.58,-2,-0.18,-0.69,-0.6,-4.62,-13.66,16.67,30.59,7.41,2
-1.25,0.24,0.08,-1.35,0.15,-0.16,20.58,-66.09,-2.97,94.58,-32.22,11.95,2
-0.04,0.08,-0.93,-1.14,0.02,0.52,30.99,-32.55,8.56,133.37,-250.14,44.08,2
0.5,-0.01,-0.4,0.67,0.1,0.14,4.81,14.25,-6.21,83.47,3.88,40.01,2
0.35,0.11,-0.34,0.29,-0.03,-0.13,-14.69,69.15,2.63,55.57,-11.77,9.61,2
-0.26,0.08,0.17,0.19,0.32,-0.29,-0.52,41.51,5.28,11.42,-9.43,-0.47,2
-0.63,-0.03,-0.02,-0.55,0.42,-0.28,-20.75,-21.29,-5.18,-76.17,3.73,-11.57,2
-1.68,0.89,-0.64,-2,0.59,-0.84,-40.93,7.97,32.63,-162.41,23.13,-36.55,2
-2,-0.11,-0.65,-2,0.13,-1.14,36.17,34.74,9.76,-76.32,32.5,45.27,2
-2,0.23,0.98,-2,0.02,-0.52,58.71,8.02,14.73,64.57,7.34,61.81,2
-1.17,0.09,-0.16,-1.4,-0.06,0.09,23.34,-85.37,5.14,64.54,-40.84,-12.15,2
0.4,0.13,-0.11,0.19,0.14,0.1,39.39,58.64,10.9,63.24,-14.69,27.85,2
0.42,-0.07,-0.03,0.63,0.1,-0.06,7.31,37.86,-9.14,-17.16,10.49,4.05,2
-0.05,0.07,-0.04,0.14,0.37,-0.15,-10.03,6.2,-7.5,23.9,15.06,17.85,2
-0.29,0.13,-0.02,0.01,0.49,-0.27,-23.76,3.05,-3.06,14.24,22.53,44.05,2
-1.4,-0.2,-0.11,-1.33,-0.04,-0.33,-74.15,-46.71,-40.8,-106.98,-0.32,-18.96,2
-2,0.52,-0.2,-2,0.21,-0.94,-61.39,8.82,-23.88,149.89,-11.23,47.8,2
-2,0.37,-0.02,-2,0.07,-0.7,24.66,8.45,35.06,250.13,-72.37,193.02,2
-2,0.2,0.3,-1.67,1.85,-1.07,18.79,-45.03,26,-4.67,-10.8,-61.27,2
-0.17,-0.11,-0.18,-0.08,0.19,-0.07,19.89,-56.34,20.43,-192.69,-15.31,-79.64,2
0.51,-0.12,-0.22,0.21,0.22,0.1,2.47,-39.66,1.85,-81.6,-19.78,-23.37,2
0.47,0.03,-0.25,0.15,0.24,0.01,32.02,19.95,-7.87,-58.66,-16.42,20.75,2
0.01,0.09,-0.1,-0.05,0.12,-0.21,15.27,35.79,-12.71,-32.92,-9.88,31.01,2
-0.79,0.01,0.07,-0.68,0.22,-0.42,-28.66,-11.47,-37.56,-96.02,-8.95,15.51,2
-1.8,0.05,0.16,-1.45,0,-0.75,-82.28,-43.44,-50.63,-48.44,32.24,1.02,2
-2,0.48,-0.24,-2,0.37,-0.54,-46.57,23.37,27.76,68.45,41.79,-13.32,2
-2,0.13,0.58,-2,0.76,-0.53,-0.28,22.04,27.15,185.2,20.31,4.79,2
-0.48,0.05,-0.08,0.06,0.4,-0.15,-6.51,-40.68,13.65,-130.52,89.21,-33.83,2
0.41,-0.18,-0.26,0.27,0.13,0.1,-48.79,-31.02,-10.23,-17.04,-49.41,34.37,2
0.7,0.04,-0.55,0.4,-0.34,-0.08,1.85,24.36,6.31,1.5,-42.66,-2.5,2
-0.06,0.1,-0.07,0.06,0.17,-0.21,-16.36,61.27,-15.6,114.64,3.3,4.2,2
-0.44,-0.05,0.08,-0.42,0.37,-0.22,-17.27,-3.8,-2.67,-95.03,15.15,16.72,2
-1.22,-0.16,-0.01,-1.07,-0.02,-0.53,-55.36,-42.11,-9.18,-102.62,29.05,6.15,2
-2,0.8,0.69,-2,0.32,-1.28,-19.35,48.34,13.71,122.24,46.78,16.96,2
-2,-0.21,0.31,-2,0.09,-0.46,18.27,43.58,6.5,250.13,-48.73,162.99,2
-0.88,-0.12,-0.12,-0.26,1.05,-0.5,13.27,-86.45,-21.21,-250.14,54.96,-156.6,2
0.32,0.28,-0.43,0.29,0.06,-0.15,14.83,-23.23,-5.92,-250.14,-40.66,-82.22,2
0.91,-0.02,-0.14,0.49,-0.21,0.01,6.38,53.85,-10.32,20.69,-53.56,37.52,2
-0.06,-0.03,-0.33,0.32,-0.02,-0.62,-2.92,80.06,-14.55,166.96,-11.08,44.34,2
-0.7,-0.08,0.02,0.01,0.4,-0.21,9.45,-3.05,1.85,113.63,-18.38,33.45,2
-0.37,-0.07,-0.06,-0.42,0.46,-0.13,-35.93,-62.15,10.81,25.84,8.2,41.2,2
-2,-0.11,-0.03,-1.65,0.45,-0.76,-48.73,-56.69,-22.98,-15.22,83.29,44.23,2
-2,0.72,-0.74,-2,-0.31,-0.51,36.46,45.63,26.04,213.91,44.26,92.93,2
-1.82,-0.06,0.37,-1.34,1.42,-0.33,4.32,-20.73,13.5,-250.14,-45.57,-124.98,2
-0.83,0.06,-0.01,-0.41,0.37,-0.16,11.59,-3.08,6.84,-250.14,25.63,-172.15,2
0.07,0.1,-0.17,0.23,0.09,0.1,-23.45,-22.02,13.1,-83.98,-15.35,-56.41,2
0.78,0.07,-0.21,0.32,-0.04,-0.08,3.77,9.68,18.73,36.08,-28.44,5.44,2
-0.18,0,-0.11,0.09,0.21,-0.37,-17.99,35.56,-11.91,83.6,-7.7,-12.08,2
-0.33,-0.06,-0.05,-0.06,0.33,-0.17,-5.95,25.78,-22.75,23.16,-1.22,-0.53,2
-0.71,-0.11,-0.04,-0.86,0.15,-0.2,-39.61,-27.4,-4.73,0.72,29.65,57.35,2
-2,-0.03,0.31,-2,0.16,-1.02,-36.28,-0.62,-39.56,59.18,56.99,79.35,2
-2,0,0.56,-2,0.4,-0.15,40.31,32.56,10.4,226.15,10.31,41.85,2
-1.79,-0.02,0.4,-2,1.14,0.18,45.04,-6.15,6.57,-6.15,-53.99,-37.6,2
-0.51,0.18,-0.16,-0.43,0.17,-0.18,26.16,-16.07,-3.93,-225.25,-23.83,-115.91,2
0.4,0.3,-0.28,0.27,0,0.14,-18.69,-24.19,13.56,-85.05,-30.68,-45.34,2
0.1,-0.13,0.03,0.09,0.21,-0.23,8.04,36.31,0.18,35.19,-24.25,-11.85,2
-0.17,0.01,0.04,0.14,0.28,-0.45,-6.88,19.96,-4.34,-6.72,-10.24,-17.52,2
-0.4,0.09,-0.02,-0.08,0.39,-0.45,-5.79,3.89,-0.4,-57.92,16.29,5.96,2
-1.09,-0.03,-0.16,-1.15,0.03,-0.7,-41.98,-53.32,-8.84,-27.92,46.29,52.72,2
-2,0.12,-0.04,-2,-1.2,-0.15,-6.76,-15.64,6.59,250.13,-16.39,111.73,2
-2,0.27,0.35,-1.93,1.74,-0.73,36.11,4.77,22.31,-92.21,8.21,-56.53,2
-0.95,0.1,0.01,-0.73,0.44,-0.07,35.95,-55.37,16.89,-228.62,39.98,-96.72,2
-0.03,0.07,-0.26,0.11,0.06,-0.06,-15.69,-53.96,7.23,-66.24,-21.7,-5.63,2
0.57,-0.03,-0.61,0.21,0.09,-0.25,34.73,17.61,-1.85,16.53,-30.48,21.02,2
0.08,0.01,-0.16,0.16,0.08,-0.41,-7.85,50.53,-13.93,12.05,-14.47,16.93,2
-0.3,-0.05,0.21,0.06,0.03,-0.17,24.4,40.8,-23.9,21.32,-9.97,-0.6,2
-0.58,-0.13,0.01,-0.67,0.08,-0.4,-35.27,-37.08,-19.44,7.9,2.12,17.55,2
-2,0.53,0.6,-2,0.29,-1.18,24.05,48.66,14.66,50.19,65.06,40.08,2
-2,-0.14,0.33,-2,0.13,-0.84,5.17,-30.67,13.46,195.57,0.37,42.46,2
-2,0.06,0.43,-1.68,1.51,-0.74,36.19,-22.59,3.64,10.54,-17.58,-28.02,2
-0.73,0.12,0.01,-0.67,0.33,-0.1,18.32,-39.23,-0.85,-169.84,-16.05,-53.28,2
0.55,0.01,-0.28,0.27,-0.06,0,-13.27,-44.01,18.37,-90.47,31.38,7.07,2
0.57,0.01,-0.15,0.35,-0.03,0.13,10.02,24.31,8.17,-58.85,19.6,-9.42,2
0.03,-0.07,-0.17,0.27,0.05,-0.19,18.31,50.34,-4.15,11.17,-37.99,-20.98,2
-0.16,-0.08,0.07,0.13,0.37,-0.46,15.99,19.56,-24.3,41.71,-39.45,-6.05,2
-2,0.11,-0.04,-1.6,0.22,-1.09,-69.64,-5.53,-47.82,110.95,35.24,88.16,2
-2,0.33,0.41,-2,-0.05,-0.69,20.4,40.78,1.52,131.26,50.53,73.66,2
-2,-0.13,0.12,-2,0.99,-1.93,33.02,1.66,25.65,250.13,-48.79,-21.05,2
-1.62,-0.22,0.05,-1.28,0.7,-0.27,17.85,-47.92,7.69,-229.59,65.12,-119.51,2
0.15,0.13,-0.19,0.25,0.22,0.1,-10.59,-58.4,3.73,-4.05,-21.53,37.77,2
0.7,0.2,-0.26,0.43,0.23,0.07,-23.12,-36.88,9.44,-11,-18.39,55.18,2
0.39,0.06,-0.25,0.32,0.07,-0.09,19.23,13.48,12.02,-30.41,-16.98,19.41,2
0.01,-0.05,-0.02,0.28,0.1,-0.29,12.93,51.75,0.44,11.12,-30.76,3.27,2
-0.66,-0.08,0.01,-0.7,0.45,-0.52,-17.21,8.39,-15.9,27.24,-13.98,24,2
-1.94,-0.16,-0.29,-1.58,0.36,-0.98,-77.55,-68.46,-29.95,25.45,34.05,36.88,2
-2,0.36,0.09,-2,0.61,-1.24,-49.9,34.15,23.64,-3.45,102.28,44.43,2
-2,-0.19,0.49,-2,0.49,-0.82,10.66,37.74,22.98,155.62,33.16,-6.08,2
-0.7,0.15,0.03,-0.53,0.16,-0.39,1.71,-16.5,26.39,-165.73,9.26,-90.63,2
-0.09,0.02,-0.13,-0.2,0.04,-0.15,-27.21,-28.74,10.08,-92.8,-5.07,-51.49,2
0.75,0.04,-0.68,0.36,0.13,-0.12,-36.75,25.63,7.54,-80.34,-4.63,-23.47,2
0.19,0.06,-0.31,0.28,-0.09,-0.03,-24.25,56.92,-15.91,-70.88,39.64,-6.57,2
-0.36,-0.06,0.2,0.07,-0.29,0.04,13.44,15.47,16.66,-15.41,1.37,-20.53,2
-0.42,-0.11,0.06,-0.41,-0.06,0.05,-4.95,-20.55,12.88,32.34,-33.66,-26.84,2
-1.61,-0.17,-0.12,-1.77,0.15,-0.98,-34.05,-49.31,-16.85,143.3,-26.68,32.49,2
-2,0.37,0.13,-2,0.42,-1.45,83.95,69.29,27.6,96.98,30.24,69.54,2
-2,0.27,0.2,-1.88,0.83,-0.43,22.59,-32.91,-12.35,-32.31,6.01,-74.4,2
-0.98,0.24,-0.17,-1.24,0.44,0.22,12.83,-41.14,-4.36,-15.24,-102.79,-66.12,2
0.08,0.11,-0.04,0.03,0.38,0.37,22.77,-16.49,-0.34,-29.69,-22.53,-0.02,2
0.64,-0.05,-0.28,0.28,0.07,0.33,3.87,-49.24,4.5,-65.59,-28.58,14.43,2
-0.13,0.11,0.01,0.11,0.16,-0.2,-15.52,52.21,-6.1,45.69,-53.12,0.02,2
-0.33,0.11,0.18,0.13,0.31,-0.37,-13.59,27.65,1.73,52.17,-54.22,12.82,2
-0.46,-0.07,0.04,-0.41,0.37,-0.24,-12.48,-21.7,5.08,32.42,-21.79,44.29,2
-2,-0.28,-0.03,-1.73,0.44,-0.89,-42.79,-69.22,-27.04,16.62,38.79,66.07,2
-2,-0.23,0.45,-2,0.45,-0.68,47.33,-30.03,-5.18,-90.89,43.53,-34.16,2
-1.28,0.06,0.17,-1.04,0.34,-0.3,54.76,-29.33,22.21,-105.31,22.28,-14.3,2
-0.19,-0.01,-0.2,-0.33,-0.27,0.27,31.4,-22.89,11.91,84.45,-29.77,13.85,2
0.5,0.08,0.04,0.39,0.14,0.17,-4.92,-47.11,4.31,41.12,-50.08,14.11,2
0.17,0.1,-0.34,0.15,0.29,-0.15,24.47,75.19,-2.34,-10.04,12.77,-16.44,2
-0.35,-0.05,0.26,0,0.25,-0.2,8.63,62.18,-6.47,-56.93,17.17,-31.99,2
-0.65,-0.13,0.11,-0.8,0.39,-0.13,-0.06,-16.79,-14.37,-119.79,0.29,-30.53,2
-2,0.04,-0.24,-1.79,0.01,-1.22,-93.96,-64.49,-66.6,-10.26,18.83,23.69,2
-2,-0.14,0.24,-2,0.79,-0.15,23.53,27.2,8.79,134.09,31.95,-19.4,2
-1.21,-0.21,-0.16,-0.55,0.89,-0.45,29.14,-14.34,7.35,146.51,3.32,-11.63,2
-0.22,0.16,0.03,-0.07,0.64,-0.14,12.16,-42.41,-8.41,-250.14,1.57,-111.18,2
0.66,0.29,-0.26,0.74,-0.16,0.32,-26.21,-38.73,27.24,-87.01,-62.06,-1.32,2
-0.11,-0.01,-0.01,0.17,1.03,-0.68,14.86,54.55,-1.21,121.61,21.77,11.07,2
-0.47,0.01,0.1,-0.04,0.76,-0.41,-21.82,35.7,-27.98,-135.69,50.89,-19.81,2
-0.43,0.03,-0.14,-0.87,-1.02,0.22,-23.79,-25.41,2.89,-75.35,39.37,55.82,2
-2,-0.15,-0.08,-1.68,-0.24,-0.68,-94.69,-55.52,-25.74,132.42,19.36,57.26,2
-2,-0.18,0.3,-2,0.86,-1,0.92,11.08,13.53,94.95,8.27,-7.68,2
-1.82,0.23,0.46,-1.59,0.76,-0.04,34.5,-31.15,17.76,-49.37,-52.82,-33.74,2
-0.57,-0.01,-0.12,-0.52,0.3,-0.04,9.27,-45.83,16.44,-158.31,-16.79,-42.98,2
0.34,0.01,-0.13,0.63,-0.03,0.04,-30.93,-45.3,19.7,-95.92,-43.39,-0.11,2
0.24,-0.16,-0.45,0.02,0.38,-0.83,58.7,58.94,12.56,145.68,4.36,40.15,2
-0.66,-0.1,0.02,-0.06,0.97,-0.57,72.34,59.11,-31.69,-135.57,48.51,10.31,2
-0.62,0.07,0.28,-0.92,-0.83,0.12,-95.18,-37.1,-20.24,-250.14,7.82,-5.43,2
-1.79,0.12,0.21,-1.78,-0.08,-0.71,-27.65,-34.89,-21.83,96.15,31.17,78.84,2
-2,0.15,0.29,-2,0.86,-0.89,11.1,35.4,13.25,250.13,-64.35,69.46,2
-1.79,0.1,0.62,-1.5,1.6,-0.4,35.38,-37.73,21.42,-164.24,-32.96,-49.14,2
-0.48,-0.02,-0.13,-0.58,0.17,-0.13,27.21,-56.66,6.13,-250.14,34.69,-80.86,2
0.74,0,-0.37,0.29,0.21,0.27,13.17,-15.99,-8.02,-90.72,-10.66,47.53,2
-0.11,0.13,-0.16,0.32,-0.04,-0.49,20.58,62.69,-5.96,44.27,-0.42,90.57,2
-0.25,0.08,0.13,0.15,0.04,-0.22,1.55,38.31,-13.5,0.79,9.08,28.69,2
-0.26,0.09,0.09,-0.22,0.21,-0.12,-6.62,12.55,-13.74,-137.14,13.96,-22.16,2
-1.99,0.06,-0.12,-1.8,-0.2,-0.44,-72.46,-67.36,-23.27,7.27,27.52,-23.64,2
-2,-0.19,0.16,-2,1.77,-1.2,-2.89,8.58,-7.41,250.13,-29.15,-23.88,2
-1.88,0.4,0.48,-1.48,1.02,-0.43,-18.15,7.02,6.1,-178.31,-5.64,-159.85,2
-0.51,0.12,-0.03,-0.25,0.31,0.04,-17.27,-14.44,13.27,-162.89,0.92,-99.79,2
0.39,-0.09,-0.22,0.4,0.06,0.14,-20.33,-53.85,26.07,-63.02,-35.54,-12.63,2
0.15,0.03,-0.24,0.17,0.11,-0.39,-2.31,79.33,-1.83,56.8,-10.89,5.68,2
-0.29,0.07,0.18,0.04,0.34,-0.25,-6.02,56.6,-11.46,29.6,-2.37,13.36,2
-0.61,-0.09,0.2,-0.37,0.35,-0.35,12.27,-14.24,-10.32,-34.95,2.11,33.8,2
-1.72,-0.16,-0.15,-1.49,0.23,-0.96,-54.21,-76.98,-19.51,-14.94,34.27,53.42,2
-2,0.13,0.4,-2,0.18,-0.83,28.05,-17.59,16.82,250.13,-52.11,174.36,2
-2,0.2,0.7,-1.99,2,-0.8,48.03,-22.53,22.62,-25.63,-26.54,-46.15,2
-0.85,0.08,-0.12,-0.36,0.36,-0.18,41.23,-54.32,23.85,-250.14,40.9,-126.83,2
-0.08,0.01,-0.21,-0.07,-0.1,0.12,14.39,-48.17,8.4,-89.79,-25.92,-47.63,2
0.66,0.03,-0.5,0.37,0.27,-0.02,29.7,23.2,1.08,14.56,-34.56,8.95,2
-0.03,0.03,-0.21,0.1,0.28,-0.21,18.37,77.58,-6.92,4.1,-11.21,11.61,2
-0.45,0.05,0.34,-0.18,0.4,-0.24,-15.5,7.58,-11.85,-28.52,-14.51,5.92,2
-1,-0.02,0.01,-1.14,0.4,-0.46,-37.37,-38.3,-21.52,-50.13,2.54,32.65,2
-2,0.42,-0.21,-2,0.46,-1.42,0.68,17.32,23.76,165.1,60.44,102.92,2
-2,0.14,0.71,-2,2,1.34,22.51,-9.24,13.88,250.13,-37.9,110.15,2
-0.88,0.02,0.01,-0.09,1.26,-0.43,38.6,-59.24,12.98,-245.72,-25.44,-78.78,2
-0.01,0.09,-0.28,0,-0.16,-0.02,-20.27,-52.76,11.64,-250.14,-49.46,-95.44,2
0.57,-0.06,-0.52,0.36,-0.07,-0.1,25.07,60.41,2.68,32.03,-16.14,32.97,2
0,0.16,-0.2,0.15,0.22,-0.28,-5.94,92.05,2.15,118.5,-4.97,42.54,2
-0.64,0.13,0.53,-0.1,0.35,-0.31,-0.97,20.91,7.62,89.05,-14.83,28.58,2
-1.05,0.03,-0.08,-1.06,0.38,-0.59,-44.81,-56.88,-10.56,21.02,10.69,15.18,2
-2,0.67,-0.53,-2,0.45,-1.72,17.36,73.16,50.6,87.55,90.61,15.21,2
-2,-0.31,0.97,-2,1.53,0.7,55.03,1.11,3.44,250.13,-41.19,98.05,2
-1.24,-0.01,-0.03,-1.13,2,-0.88,48.54,-49.48,-3.3,-250.14,-10.63,-107.15,2
-0.27,0.06,-0.34,-0.18,0.18,-0.29,1.73,-8.48,7.58,-250.14,-23.69,-147.78,2
0.76,-0.02,-0.17,0.35,0.11,0.3,1.47,-69.05,-11.26,34.66,-34.45,25.85,2
0.26,-0.02,-0.52,0.27,0.26,-0.07,44.36,69.34,-11.35,42.18,-25.21,33.09,2
-0.33,0.02,0.14,0.05,0.3,-0.21,9.15,76.19,-11.64,-5.68,-20.96,14.32,2
-0.73,0.06,-0.02,-0.55,0.41,-0.21,-21.27,4.85,-10.66,-21.14,-22.19,-13.31,2
-2,0.54,-0.11,-2,0.2,-1.6,-45.31,49.41,11.79,201.45,21.31,64.96,2
-2,-0.56,0.98,-2,0.9,-0.94,48.19,7.69,-1.58,133.04,71.05,60.26,2
-1.78,0.02,0.11,-2,0.34,0.39,24.37,-93.2,-13.57,-58.6,33.12,-53.7,2
-0.43,0.28,-0.36,-0.49,1.12,0.21,11.66,-11.18,5.07,33.31,33.71,6.79,2
0.61,-0.07,-0.33,0.38,0.17,-0.03,12.96,-29.49,21.6,-250.14,-14,-2.57,2
0.33,-0.05,-0.42,0.42,-0.17,-0.06,8.24,32.48,10.27,-180.83,4.12,1.4,2
0,0.03,-0.03,0.25,0.09,-0.01,-4,62.41,-5.2,6.98,-0.05,-0.23,2
-0.22,0.06,0.13,0.01,0.35,-0.14,1.85,44.92,0.23,53.06,-37.53,-5.76,2
-2,-0.15,0.59,-2,0.48,-2,-94.23,12,-41.56,199.88,34.67,36.82,2
-2,0.94,-0.75,-2,-1.75,0.49,-48.8,9.58,44.91,250.13,108.33,62.82,2
-2,0.15,1.3,-2,2,-1.73,63.9,1.29,11.91,-93.62,20.15,-71.65,2
-0.9,0.15,0.04,-0.29,0.32,-0.14,53.9,-39.08,8.53,-250.14,61.49,-189.29,2
0.52,-0.13,-0.13,0.6,0.15,0.21,-1.05,-18.63,-3.34,-26.31,-13.8,-34.47,2
0.67,0.05,-0.05,0.48,0.09,0.02,-29.91,-44.71,-6.44,133,-16.27,-7.73,2
-0.05,0.05,-0.34,-0.05,0.98,-0.44,-28.83,46.74,1.44,181.46,-1.93,12.26,2
-0.49,0.16,0.07,-0.04,0.62,-0.29,-26.45,24.76,-12.39,-101.12,44.99,51.52,2
-1.64,-0.3,0.13,-2,-1.72,-0.38,-95.57,-52.56,-33.52,-139.8,33.69,25.43,2
-2,0.7,0.01,-2,0.39,-1.5,-0.05,55.44,11.69,142.44,16.84,20.31,2
-2,-0.24,0.56,-2,1.14,-1.4,53.72,-10.57,10.37,250.13,-49.92,16.92,2
-1.73,0.18,0.34,-1.28,0.91,-0.3,44.01,-100.34,-0.31,-250.14,-40.82,-115.5,2
-0.06,0.13,0.04,0.02,0.2,-0.08,-12.53,10.5,-3.89,-11.49,-3.07,-18.91,2
-0.05,0.03,-0.05,0,0.14,-0.03,-3.98,24.04,-1.48,-26.02,-1.18,-11.2,2
-0.16,0.06,0,-0.76,0.2,-0.21,9.89,26.9,-5.92,13.28,2.83,7.42,2
-2,0.71,0.19,-2,0.54,-1.38,-7.99,49.33,-10.22,129.66,3.98,43.44,2
-0.26,0.13,-0.17,-0.14,0.01,0.01,-1.13,14.38,9.15,-45.95,-3.32,-13.61,2
0.2,0.05,-0.02,0.33,0.09,0.07,2.17,8.55,16.15,-40.52,0.6,-1.47,2
0.3,-0.02,-0.13,-0.03,0.16,0,0.28,4.44,4.83,-38.55,-1.43,-12.96,2
-0.04,0.1,-0.03,0.03,0.15,-0.03,-9.81,20.83,-5.47,-14.83,-8.34,-12.54,2
0.03,0.02,-0.08,-0.23,0.09,-0.1,-9.83,31.71,-5.38,-17.76,-4.1,3.72,2
-0.75,0.03,0.02,-1.23,0.2,-0.41,10.2,20.48,-15.8,50.46,0.72,28.85,2
-2,0.24,0.27,-2,0.56,-1.1,-45.09,9.47,11.16,127.98,-18.47,53.98,2
-2,0.39,0.77,-2,0.68,-0.95,-29.56,-69.04,0.83,74.66,8.16,50.47,2
-1.02,0.04,-0.11,-0.94,0.46,-0.22,13.56,-21.35,-0.41,-87.61,24.71,-32.63,2
-0.22,0.14,-0.08,-0.21,-0.01,0.07,12.86,-1.47,8.96,-38.47,6.73,7.89,2
0.31,0.03,-0.08,0.26,-0.1,0.08,19.76,-6.63,17,-9.54,-0.42,7.47,2
0.21,0.06,-0.1,0.05,0.19,0.05,-1.62,7.95,0.07,-14.68,-5.85,-16.38,2
-0.04,0,-0.07,-0.05,0.13,-0.04,5.6,19.98,-2.96,-8.87,-10.47,-17.51,2
0.11,0.01,-0.13,-0.1,0.17,-0.14,12.9,38.59,-4.27,-22.06,-4.76,-5.55,2
-0.82,0.2,0.1,-1.13,0.14,-0.64,0.83,24.65,-4.56,28.33,16.42,19.92,2
-2,0.39,0.17,-2,0.62,-1.14,-9.21,21.84,23.65,85.99,-1.63,13.22,2
-2,0.28,0.07,-2,0.65,-0.69,1.14,-49.13,1.79,-15.72,10.56,-3.17,2
-1.2,0.17,-0.03,-1.21,0.46,-0.34,15.01,-7.81,3.45,-60.07,5.79,-15.39,2
-0.09,0.03,-0.01,0.1,-0.15,0.19,15.01,10.09,12.98,-50.22,-5.4,-3.15,2
0.4,0.01,-0.18,0.14,-0.01,0.06,4.62,-16.4,5.52,-40.22,-6.6,-21.98,2
-0.07,0.13,0.03,-0.01,0.11,-0.06,0.75,0.85,-6.43,24.57,-19.21,-13.6,2
-0.05,0.08,-0.1,0.03,0.17,-0.11,-0.24,10.98,-3.02,21.14,-23.08,-7.82,2
0.06,0.04,-0.02,-0.05,0.13,-0.09,9.89,23.68,-6.29,6.65,-14.1,8.63,2
-0.64,0.14,0.08,-1.17,0.21,-0.41,21.67,24.59,-11.57,50.4,0.23,32.31,2
-2,0.45,0.58,-2,0.78,-0.81,-16.22,-12.34,-12.93,26.24,-5.77,11.56,2
-2,0.19,0.62,-2,0.6,-0.77,-22.41,-87.56,-0.27,26.11,18.33,14.16,2
-1.39,0.01,-0.03,-1.14,0.59,-0.37,-4.89,-48.79,-8.56,-37.5,0.71,-26.99,2
-0.17,0.09,-0.06,-0.2,-0.02,0.18,7.49,-9.63,6.91,-6.58,-4.17,15.67,2
0.46,0.01,-0.14,0,0.17,0.06,-0.34,-0.97,6.11,-41.5,-0.63,1.5,2
0.03,0.04,-0.08,0.04,0.08,0,-0.38,17.92,-0.55,-33.98,-5.19,-13.62,2
-0.03,0.09,0,0.05,0.1,-0.07,-5.05,20.18,-3.28,-6.27,-16.22,-11.68,2
0.06,0.02,-0.1,-0.06,0.09,-0.02,-0.08,39.18,-2.92,9.48,-15.37,0.82,2
-2,0.33,0.48,-2,0.64,-0.71,84.4,-30.82,-33.95,16.88,32.6,17.5,2
-2,0.45,0.54,-2,0.79,-1.42,7.5,-9.59,4.92,44.42,-7.15,-12.56,2
-2,0.18,0.72,-2,0.76,-0.6,-52.15,-48.12,1.51,10.1,39.27,-16.17,2
-1.32,-0.03,-0.07,-1.05,0.64,-0.43,-11.86,-27.05,2.89,-76.85,13.15,-58.67,2
0.21,0.15,-0.23,0.25,-0.01,0.18,-34.51,16.95,26.98,-33.02,0.08,13.6,2
0.46,-0.12,-0.01,0.05,0.1,0.1,1.07,-12.24,15.05,-50.68,2.76,-5.62,2
0.02,0.06,-0.09,0.03,0.12,0.01,-19.69,17.65,-0.02,-35.27,-3.03,-23.76,2
-0.08,0.1,0.03,0.06,0.12,0.01,-23.79,22.04,0.85,-27.16,-13.44,-17.59,2
0.02,0.02,-0.01,-0.47,0.1,-0.23,-5,37.47,5.63,16,-0.99,20.48,2
-1.88,0.22,0.16,-1.9,0.4,-0.65,17.65,5.38,-7.92,73.94,10.39,33.62,2
-2,0.27,0.25,-2,0.87,-1.18,10.87,39.15,5.46,81.19,-20.5,14.07,2
-2,0.31,0.7,-2,0.67,-0.77,-22.71,-73.52,3.73,14.34,32.47,10.02,2
-0.53,0.12,0,-0.5,0.27,0.01,2.35,-10.09,5.47,-31.04,7.85,-1.24,2
0.04,0.06,-0.12,0.1,-0.01,0.14,21.12,10.87,15,-19.58,-3.6,11.76,2
0.42,-0.08,-0.12,0.1,0.13,0.11,23.85,2.7,6.36,-52.6,8.94,-7.18,2
0.07,0.1,-0.05,0,0.1,0.05,2.31,17.8,-4.61,-34.48,-0.52,-17.08,2
-0.01,0.03,-0.08,-0.02,0.11,-0.02,5.66,25.29,-5.5,-5.24,-17.08,-5.66,2
0.06,0.08,-0.03,-0.11,0.11,-0.1,4.67,31.13,-6.12,3.91,-8.77,8.41,2
-1.14,0.25,0.21,-1.66,0.31,-0.62,17.14,31.22,-14.87,70.34,21.45,32.22,2
-2,0.49,0.14,-2,0.66,-1.28,17.73,54.29,27.18,113.7,-6.29,3.24,2
-2,0.25,0.06,-2,0.71,-0.6,-8.91,-65.43,5.18,-50.51,10.52,-55.25,2
-0.89,0.19,-0.11,-0.72,0.49,-0.28,5.89,-19.86,9.24,-73.72,13.02,-57.1,2
0.07,0.13,-0.04,0.18,0.08,0.24,13.35,13.1,20.66,-56.26,0.48,-14.99,2
0.38,-0.11,-0.17,0,0.12,0.07,14.05,-7.61,4.73,-52.95,2.8,-24.34,2
-0.08,0.07,0.03,0.01,0.12,-0.04,6.78,15.98,-11.66,22.82,-20.56,-1.05,2
-0.04,0.05,-0.04,0.02,0.15,-0.05,7.28,17.85,-10.51,12.5,-21.14,5.86,2
0.03,0.06,-0.11,-0.02,0.12,-0.08,10.8,30.32,-7.5,-8.18,-11.46,12.53,2
-0.67,0.21,0.32,-1.33,0.25,-0.48,-11.89,70.4,-7.11,42.98,14.96,29.79,2
-2,0.06,0.41,-2,0.64,-0.87,30.22,3.19,-5.89,89.81,-22.64,24.86,2
-2,0.27,0.06,-2,0.77,-0.86,-20.56,-64.94,-11.13,33.73,15.89,9.76,2
-1.22,0.14,-0.08,-1.17,0.54,-0.3,-3.98,-38.06,3.11,-143.21,30.22,-45.79,2
-0.13,0.15,-0.01,0.04,-0.14,0.07,-1.79,13,15.7,-100.56,14.15,-11.8,2
0.46,-0.11,-0.1,0.01,0.08,0.05,7.18,1.45,3.27,-59.39,8.19,-26,2
0.02,0.04,-0.07,0.02,0.08,0.02,0.78,19.37,-6.47,-25.84,2.21,-26.66,2
-0.07,0.11,-0.01,0.04,0.07,-0.06,-2.48,18.88,-5.24,6.92,-8.53,-11.73,2
0.01,0.04,-0.11,-0.06,0.14,-0.1,2.87,26.05,0.08,1.38,-9.15,-4.21,2
-2,0.74,-0.26,-2,0.38,-1.31,11.1,-54.77,-57.6,208.75,-3.74,43.82,2
-2,0.45,-0.13,-2,0.65,-1.2,60.06,28.17,16.88,224.4,-28.1,32.15,2
-2,0.21,0.1,-2,0.61,-0.88,-45.31,-68.71,7.52,95.88,28.57,21.47,2
-1.45,0.08,-0.13,-1.29,0.54,-0.34,-1.45,-9.18,3.36,-123.91,30.38,-43.5,2
0.1,0.08,-0.05,0.28,-0.14,0.11,7.16,2.02,18.03,-120.81,6.54,-20.74,2
0.3,-0.1,-0.15,0.08,0.11,0,8.92,-11.35,16.59,-59.85,1.35,-6.43,2
0.13,0.01,-0.08,0.05,0.04,-0.07,1.4,3.31,-2.65,-9.96,-16.75,1.25,2
-0.09,0.1,-0.02,0.05,0.13,-0.03,-7.88,2.63,-8.53,16.78,-22.49,3.71,2
0.01,0.11,0.16,-0.22,0.07,-0.24,7.25,-2.98,-6.88,-7.78,4.08,6.24,2
-1.18,0.25,0.01,-1.75,0.18,-0.54,14.12,25.79,-15.12,39.61,22.96,19.98,2
-2,0.37,0.42,-2,0.72,-1.15,47.82,55.95,11.81,64.82,-7.76,-7.02,2
-2,0.19,0.68,-2,0.55,-1.05,-29.97,-45.96,6.27,41.66,14.68,13.12,2
-0.62,0.23,-0.13,-0.59,0.24,-0.1,6.44,19.78,11.28,-106.23,13.99,-28.44,2
-0.09,0.15,-0.09,0.19,0.02,0.11,-1.17,25.66,19.07,-124.2,1.31,-30.95,2
0.36,-0.07,-0.04,0.09,0.02,0.04,-4.85,-5.65,8.38,-68.68,-0.59,-27.33,2
0.1,0.01,-0.04,-0.05,0.1,-0.03,-0.28,12.02,-6.91,21.64,-15.51,-16.02,2
-0.04,0.07,-0.12,-0.02,0.12,-0.08,-5.1,21.32,-11.35,13.66,-19.5,-1.85,2
0.02,0.08,-0.05,-0.07,0.12,-0.17,-4.82,22.73,-9.69,7.44,-10.32,13.53,2
-1.3,0.29,-0.03,-1.65,0.11,-0.56,4.73,10.02,-16.62,71.49,2.48,44.29,2
-2,0.35,0.23,-2,0.74,-1.16,50.65,38.35,10.34,100.28,-19.58,26.33,2
-2,0.2,-0.07,-2,0.47,-0.63,1.94,-44.49,5.34,-4.93,16.34,-8.53,2
-1.15,0.16,-0.03,-0.93,0.45,-0.37,1.28,-16.44,7.67,-69.22,13,-25.87,2
-0.18,0.12,0,0.03,0,0.04,7.26,19.01,18.47,-38.92,10.1,2.56,2
0.34,0.01,-0.08,0.19,-0.01,0.11,0.07,-18.63,14.64,-20.24,-2.06,-6.24,2
-0.02,0.07,-0.04,0.01,0.1,-0.04,8.19,14.14,-4.67,11.02,-10.89,-13.37,2
-0.08,0.09,0,0,0.16,-0.04,3.72,20.31,-5.08,9.93,-14.41,-10.44,2
-0.03,0.07,-0.04,-0.09,0.1,-0.12,2.72,18.06,-6.54,6.69,-11.89,4.66,2
-0.52,0.2,0.08,-1.14,0.25,-0.25,12.36,24.4,-9.62,39.59,4.13,31.08,2
-2,0.08,0.38,-2,0.6,-0.93,18.66,-29.85,-13.34,40.08,-18.49,24.5,2
-2,0.31,0.32,-2,0.55,-1,-0.85,-58.6,-9.4,50.56,-5.06,34.69,2
-1.38,0.2,-0.03,-1.24,0.49,-0.39,15.07,-29.26,-2.53,5.85,-2.08,-1.19,2
-0.22,0.2,-0.09,-0.05,0.11,0.12,13.72,19.15,4.82,-56.11,-2.53,-16.11,2
0.37,-0.07,-0.17,-0.02,0.09,0.07,20.97,-10.64,1.28,-47.78,2.04,-18.95,2
0.11,0.07,-0.07,0.06,0.07,-0.01,10.6,13.56,-4.58,-8.19,-13.08,-13.35,2
-0.08,0.12,-0.01,0.04,0.13,-0.11,6.74,5.98,-6.24,18.14,-20.51,0.1,2
0.02,0.03,-0.07,0.01,0.1,-0.05,5.05,14.47,-4.27,16.93,-16.08,9.82,2
-2,0.21,0.06,-2,0.4,-0.65,15.85,-32.27,-31.82,114.3,3.5,54.79,2
-2,0.41,0.03,-2,0.77,-1.2,-1.89,50.24,24.6,168.17,-26.44,58.04,2
-2,0.26,1.22,-2,0.8,-0.82,-6.71,-92.63,5.31,91.74,6.33,48.63,2
-1.82,0.18,0.07,-1.54,0.81,-0.44,13.78,-37.64,1.25,-55.05,5.99,-28.57,2
0.04,0.08,-0.26,0.25,0.06,0.12,10.59,11.15,14.45,-70.53,0.25,-13.69,2
0.46,-0.04,-0.13,0.18,-0.03,0,0.86,3.81,10.45,-52.64,9.74,-6.05,2
0.13,0.03,-0.06,-0.02,0.05,0.02,1.24,18.82,-0.39,-37.38,-5.5,-21.91,2
-0.1,0.09,-0.01,0.08,0.1,-0.15,-0.15,16.63,-2.07,45.02,-17.26,-8.92,2
0.08,-0.01,-0.09,-0.01,0.17,-0.1,10.4,33.47,-6.05,17.45,-15.67,2.35,2
-0.12,0.05,0.04,-0.7,0.29,-0.12,8.11,25.74,-6.89,22.9,0.17,21.39,2
-2,0.66,-0.55,-2,0.51,-1.1,4.79,-11.25,-13.91,100.45,10.34,58.4,2
-2,0.2,0.56,-2,0.75,-0.94,-2.92,-17.68,-10.36,60.3,-0.92,24.19,2
-1.36,0.12,-0.01,-1.2,0.48,-0.29,-3.95,-36.12,1.58,-28.53,6.66,-37.92,2
-0.39,0.2,0,-0.22,0.18,0.06,1.34,-10.66,7.66,-41.56,9.82,-19.01,2
0.29,-0.06,-0.12,0.32,0.04,0.15,17.25,-10.63,11.7,-46.11,9.21,-6.18,2
0.43,-0.04,-0.16,0.04,0.19,0.01,11.98,3.4,1.21,-13.3,-2.95,-17.56,2
-0.09,0.12,0,0.04,0.19,-0.03,-2.4,12.5,0.98,3.17,-5.15,-9.87,2
-0.01,0.06,-0.06,-0.05,0.2,0,0.01,19.49,-0.21,-22.23,-1.31,-6.13,2
0.08,0.06,-0.08,-0.34,0.17,-0.06,4.08,33.78,-5.98,-41.05,5.62,0.01,2
-2,0.28,0.04,-1.78,0.47,-0.64,28.45,8.84,-15.86,11.65,19.54,15.53,2
-2,0.43,0.95,-2,0.58,-1.01,12.47,-44.64,-2.28,55.73,-7.89,21.39,2
-2,0.29,0.23,-2,0.75,-0.69,-21.6,-40.58,6.98,10.58,3.66,-19.54,2
-0.83,0.17,0.04,-0.71,0.37,-0.18,-7.11,-13.17,14.13,-31.78,1.81,-23.9,2
0.01,0.06,-0.15,0.17,-0.04,0.04,16.71,29.06,12.28,-14.59,-2.95,10.47,2
0.29,0,-0.11,-0.03,0.09,0.02,9.42,5.68,-5.73,-29.71,-5.46,-15.76,2
-0.03,0.09,-0.04,0.04,0.08,-0.05,-1.48,19.93,-7.89,11.97,-7.86,-7.85,2
-0.07,0.06,-0.03,0.05,0.13,-0.07,3.52,19.27,-8.28,-0.29,-6.01,-4.87,2
0.04,0,-0.13,-0.12,0.17,-0.08,17.95,35.16,-8.95,-33.11,3.17,-2.66,2
-2,0.58,-1.1,-2,0.4,-1.3,48.81,-142.29,-53.69,82.51,22.94,49.89,2
-2,0.7,0.05,-2,0.64,-1,20.82,-31.1,-0.95,73.36,-5.71,23.51,2
-2,0.32,0.17,-2,0.76,-0.69,-23.47,-64.68,17.02,-0.09,24.21,-12.6,2
-1.21,0.01,-0.06,-1.21,0.55,-0.38,1.58,-20.02,1.31,-85.8,14.6,-60.7,2
0.19,0.1,-0.07,0.26,-0.02,0.11,12.05,-10.38,16.48,-42.53,-2.28,10.59,2
0.42,-0.13,-0.14,0.14,0.06,0.05,9.58,-3.55,11.97,-34.92,-2.71,-2.66,2
0.1,0.05,-0.04,0.04,0.15,0.01,-8.79,24.54,2.27,11.17,-9.3,-3.65,2
0,0.09,-0.05,0.07,0.15,-0.03,-11.56,26.92,1.67,32.28,-14.4,0.87,2
-0.01,0,0.02,-0.31,0.21,-0.13,-6.52,43.01,-5.04,-31.48,11.93,13.64,2
-1.72,0.37,0.16,-1.92,0.36,-0.72,-1.06,4.05,-14.05,38.34,45.12,23.1,2
-2,0.63,-0.16,-2,0.65,-1.25,31.82,28.56,-7.18,54.09,-18.06,-17.8,2
-2,0.29,0.19,-2,0.64,-0.88,-43.97,-27.97,0.4,21.68,16.52,-16.15,2
-0.71,0.19,-0.13,-0.6,0.41,-0.18,-11.15,4.07,1.16,-145.94,27.6,-38.31,2
-0.04,0.16,-0.09,0.16,0.06,0.06,-37.23,-4.22,16.11,-92.79,12.69,-2.98,2
0.34,-0.13,-0.04,0.25,-0.29,0,-11.05,3.18,7.74,-62.18,3.5,-16.56,2
0.13,0.07,-0.05,-0.04,0.03,-0.01,-17.52,-1.71,-1.13,21.56,-7.71,-16.59,2
-0.05,0.07,-0.03,0.01,0.17,-0.06,-20.55,14.85,-6.77,-0.79,-2.07,-4.05,2
0.04,0.08,0,0,0.11,-0.07,-13.95,23.87,-3.49,-18.24,-0.13,-0.95,2
-0.28,-0.01,-0.04,-0.84,0.21,-0.27,31.39,65.36,-4.04,24.48,7.85,16.24,2
-2,0.61,0.34,-2,0.67,-1.42,-20.85,112.58,-12.53,97.08,-13.82,11.85,2
-2,0.22,-0.11,-2,0.71,-0.85,-38.88,-68.54,-1.78,16.45,-13.59,29.77,2
-1.79,0.04,-0.12,-1.48,0.66,-0.52,-52.42,-66.73,-1.29,-47.69,-7.9,-12.15,2
-0.41,0.19,-0.11,-0.19,-0.01,-0.06,-33.7,-16.6,17.61,-35.67,-8.67,26.72,2
0.36,-0.02,0,0.24,-0.09,0.05,-1.05,-21.05,20.58,-122.35,11.51,-3.47,2
0.05,0.07,-0.06,0.01,0.02,-0.08,-12.44,26.95,-1.18,-2.75,-5.26,-15.55,2
-0.02,0.12,0.02,0.04,-0.02,-0.14,-20.48,30.98,-5.32,27.79,-11.09,-13.48,2
-0.03,0.04,-0.08,-0.06,0.09,-0.14,-5.95,35.28,-8.16,16.76,-7.65,-16.8,2
-0.13,0.03,-0.08,-0.57,0.2,-0.25,2.41,44.79,-6.39,10.11,10.58,-3.04,2
-2,0.58,-0.33,-2,0.79,-1.01,58.29,12.4,-4.77,64.33,-11.11,-7.03,2
-2,0.2,0.71,-2,0.87,-0.88,-20.58,-77.5,-4.25,15.47,8.24,-7.56,2
-1.92,0.03,-0.12,-1.8,0.6,-0.46,3.18,-62.81,-2.94,-59.18,3.27,-39.3,2
-0.52,0.09,-0.15,-0.5,0.1,0.07,14.34,-18.21,10,-64.39,-4.65,5.05,2
0.58,-0.03,0.09,0.05,-0.02,0.04,2.04,-19.16,14.27,-72.57,2.92,1.36,2
0.2,0.05,-0.12,0.03,-0.01,0.04,20.57,4.94,-6.42,-19.5,-6.89,-13.69,2
-0.03,0.07,0.01,0.05,0.13,-0.05,5.53,12.52,-12.27,31.01,-16.66,-14.81,2
0.04,0.01,-0.08,-0.04,0.09,-0.08,8.8,19.67,-10.81,24.42,-16.04,-7.09,2
-0.89,0.17,0.08,-1.5,0.28,-0.4,26.78,27.44,-29.27,52.95,21.75,18.46,2
-2,-0.75,0.73,-2,0.51,-0.99,-133.79,48.61,35.6,81.08,-8.3,15.85,2
-2,0.32,0.44,-2,0.69,-0.95,-41.72,-76.53,3.44,32.52,23.26,26.05,2
-2,0.09,0.02,-2,0.57,-0.61,21.26,-28.08,5.54,-59.53,26.22,-23.39,2
-0.26,0.14,-0.04,-0.02,-0.12,0.12,-10.27,17.11,21.46,-1.92,-14.27,10.13,2
0.27,0.01,0.02,0.29,-0.05,0.05,0.11,-8.31,16.16,-38.03,-3.84,-4.53,2
0.39,-0.03,-0.19,0.06,0.05,0.01,9.76,-4.17,3.12,-25.35,-2.81,-21.7,2
-0.07,0.12,0.02,0.04,0.1,-0.03,0.42,5.9,-6.74,21.83,-9.6,-24.99,2
0.05,0.03,-0.05,0.01,0.14,-0.09,8.26,19.65,-3.62,9.24,-9.7,-15.86,2
-0.11,0.07,-0.04,-0.59,0.28,-0.17,10.11,32.25,-3.77,8.64,9.78,-4.8,2
-2,0.16,-0.78,-2,0.6,-1.28,-80.77,16.23,-9.22,113.97,8.96,16.79,2
-2,0.25,0.28,-2,0.69,-0.94,-30.24,-42.34,-9.13,63.72,8.23,56.21,2
-1.18,0.04,-0.13,-1.07,0.4,-0.32,9.64,-8.02,-0.77,-144.6,28.66,-17.34,2
-0.38,0.14,-0.17,-0.39,-0.63,0.32,-0.18,10.78,5.89,-67.79,-9.31,1.17,2
0.2,0.02,0.02,0.32,-0.14,0.08,10.72,-8.55,13.23,-71.53,-26.64,-15.66,2
0.28,0.01,-0.14,0.06,0.05,-0.08,10.36,-15.96,7.5,-7.54,-10.98,-11.8,2
0.05,0.09,-0.06,0.25,0.27,-0.18,-0.84,6.23,-4.27,18.03,-17.41,-27.98,2
0.07,0.09,-0.03,0.17,0.26,-0.08,5.31,17.21,-3.65,-15.19,-3.25,-26.82,2
-0.37,0.06,-0.05,-0.88,0.26,-0.17,11.79,28.27,-4.17,-3.92,19.98,-13.55,2
-2,0.09,-0.57,-2,0.58,-0.99,-30.13,-60.17,-12.36,89.18,15.51,18.24,2
-2,0.17,0.25,-2,0.53,-0.78,-7.85,-37.56,12.69,46.21,1.03,43.17,2
-1.9,0.04,0.05,-1.63,0.55,-0.51,10.14,-49.4,9.04,-7.91,3.84,7.44,2
-0.4,0.18,-0.16,-0.35,0.08,0.13,-2.63,-3.48,15.84,-53.66,-4.43,3.11,2
0.31,0.07,-0.06,0.3,-0.11,0.13,-0.99,-11.51,19.09,-55.17,-6.63,9.23,2
0.04,0.05,-0.07,-0.03,0.18,-0.07,6.44,11.57,-15.18,19.29,-27.7,-12.72,2
0,0.1,-0.02,0.05,0.19,-0.16,9.46,19.53,-16.53,22.89,-23.6,-5.89,2
0.01,0.07,-0.01,-0.04,0.2,0.05,8.65,27.08,-9.07,-30.58,-7.05,3.44,2
-0.14,-0.05,-0.16,-0.51,0.25,-0.19,-1.18,41.82,0.26,-25.21,9.16,24.51,2
-2,0.5,0.05,-2,0.58,-1.13,26.96,35.37,2.98,166.92,-9.3,51.42,2
-2,0.23,0.59,-2,0.94,-0.88,-17.27,-68.82,1.05,104.49,9.15,-17.86,2
-2,0.15,-0.12,-2,0.75,-0.47,-0.02,-35.62,6.75,-46.98,31.65,-77.73,2
-0.57,0.08,-0.08,-0.53,0.03,-0.07,-3.53,-4.46,7.03,-93.97,24.47,-29.69,2
0.4,0.02,-0.03,0.22,0.14,0.11,-11.46,-7.15,13.92,-2.22,-2.66,4.68,2
0.31,-0.01,-0.07,0.08,0.08,0.01,8.33,9.47,-1.68,-3.43,-12.11,-19.37,2
0,0.13,-0.04,0.03,0.21,-0.02,-8.5,22.56,-10.59,17.34,-7.6,-30.87,2
-0.05,-0.01,-0.1,-0.01,0.17,-0.05,-3.85,25.03,-6.89,3.97,-8.18,-23.16,2
-1.02,0.13,-0.18,-1.44,0.25,-0.48,35.73,50.24,-13.36,17.11,20.56,16.69,2
-2,-0.16,0.08,-2,0.33,-0.96,-23.86,58.7,6.79,88.03,-11.19,46.66,2
-2,0.33,0.29,-2,0.66,-1.09,-15.89,-56.73,7.3,88.3,-20.37,66.6,2
-2,0.11,-0.08,-2,0.61,-0.52,6.8,-72.63,6.27,-34.88,-4.57,28,2
-0.19,0.19,-0.07,0.04,-0.17,-0.02,-9.29,-9.85,22.71,-93.29,-2.09,-0.65,2
0.22,0.04,-0.02,0.33,-0.03,0.09,-5.5,-26.02,27.05,-88.24,-3.66,-19.79,2
0.4,-0.12,-0.18,-0.06,-0.01,-0.08,9.98,-15.65,2.89,-19.77,-16.22,-21.45,2
-0.02,0.13,0.05,-0.02,0.09,-0.11,-8.42,2.11,-5.43,36.62,-16.34,-14.31,2
0.07,0.05,-0.09,-0.15,0.09,-0.08,6.34,12.31,-7.84,7.34,-16.76,-13.59,2
0.02,0.1,-0.02,-0.48,0.2,-0.18,-6.71,27.63,-8.11,29.53,-4.93,1.89,2
-2,0.3,0.06,-1.81,0.48,-0.7,21.85,1.82,-14.42,101.89,11.57,36.34,2
-2,0.43,0.49,-2,0.77,-1.1,14.33,-25.69,4.24,88.04,3.92,18.31,2
-1.59,0.2,-0.08,-1.44,0.51,-0.27,-8.98,-26.02,11.91,-110.92,25.42,-40.79,2
-0.43,0.22,-0.15,-0.4,0.14,0.01,-13.9,16.9,12.73,-117.67,22.53,-21.91,2
0.22,0.13,0.04,0.29,-0.03,-0.01,-8.53,11.31,20.68,-59.11,24.53,-1.4,2
0.31,-0.11,-0.12,-0.04,0.11,0.02,-5.43,5.74,-0.94,-59.4,14.11,-24.13,2
-0.08,0.05,-0.04,0.04,0.17,-0.04,-16.05,23.96,-6.58,8.39,2.47,-13.97,2
-0.03,0,-0.1,0.01,0.13,-0.03,-9.34,27.87,-6.72,-12.3,-2.51,-9.31,2
0.06,-0.01,-0.14,-0.14,0.16,-0.16,14.03,38.82,-8.51,-35.01,5.92,-1.05,2
-1.05,0.09,0.25,-1.75,0.44,-0.47,25.37,20.02,-13.81,-11.14,38.38,16.49,2
-2,0.33,0.65,-2,0.81,-0.97,-32.22,-94.56,5.36,110.17,-21.91,69.54,2
-2,0.26,0.27,-2,0.62,-0.53,5.52,-78.36,1.24,0.47,-6.13,25.08,2
-0.98,0.17,-0.04,-0.87,0.4,-0.2,-11.73,-38.43,0.47,-118.95,-6.81,-30.95,2
0.05,0.1,-0.11,0.2,-0.14,0.07,-14.82,-3.64,9.94,-86.79,-19.37,-8.55,2
0.33,-0.06,-0.16,0.06,0.07,-0.04,12.53,-7.31,0.95,9.61,-23.48,-9.92,2
0.05,0.13,-0.09,0.13,0.11,-0.15,-2.42,20.75,1.27,49.1,-23.91,-7.31,2
0,0.07,-0.01,0.06,0.15,-0.14,1.51,23.74,-4.8,57.61,-15.55,-2.37,2
0.05,0.02,-0.04,-0.01,0.18,-0.19,4.77,35.54,-6.55,47.3,-10.95,5.82,2
-2,0.66,-0.35,-2,0.58,-1.11,25.02,-98.99,-18.58,130.17,23.16,33.9,2
-2,0.29,0.59,-2,0.93,-0.96,-12.82,-9.33,-13.29,119.53,0.14,9.24,2
-2,0.27,0.31,-2,0.7,-0.6,-35.44,-55.59,-1.92,-77.3,41.39,-27.9,2
-1.22,0.01,-0.03,-1.15,0.58,-0.2,7.8,-23.39,2.84,-165.55,33.08,-59.28,2
0.38,0.01,-0.05,0.37,-0.15,0.05,11.66,-3.52,20.91,-16.33,-5.21,1.85,2
0.45,-0.14,-0.07,-0.08,0.05,-0.12,16.15,6.74,11.36,34.63,-18.06,-1.95,2
-0.01,0.13,-0.01,0.17,0.1,-0.33,1.62,24.23,-6.44,126.62,-27.76,8.08,2
0.01,0.08,-0.1,0.26,0.21,-0.07,-8.35,23.5,-8.11,95.96,-11.98,9.53,2
0,-0.03,-0.08,-0.46,0.19,-0.28,9.4,47.17,-2,-16.92,34.77,-9.63,2
-2,0.15,0.17,-2,0.43,-0.61,17.98,28.98,-32.26,42.67,51.02,8.86,2
-2,0.48,0.08,-2,0.8,-1.14,17.62,-13.34,0.15,83.47,-10.65,11.47,2
-2,0.12,0.3,-2,0.52,-0.81,10.87,-50.76,2.36,-61.73,22.79,6.97,2
-0.39,0.23,-0.13,-0.43,-0.03,-0.03,16.24,17.7,11.31,-128.51,-5.35,-29.21,2
0.1,0.11,-0.08,0.34,-0.2,0.06,12.55,17.12,20.76,-86.78,-20.79,-18.14,2
0.37,-0.05,-0.09,0.13,0.07,-0.03,9.31,-5.36,9.06,-6.95,-7.2,-10.98,2
0.03,0.09,-0.04,0.01,0.09,-0.06,0.62,10.19,-4.92,23.4,-21.66,-22.5,2
-0.01,0.07,-0.05,0.01,0.18,-0.02,1.54,7.97,-5.64,21.85,-23.77,-2.4,2
0.05,0.03,-0.09,-0.28,0.2,-0.11,13.75,16.84,-6.33,24.44,-16.55,20.27,2
-1.58,0.19,-0.03,-1.75,0.23,-0.63,46.67,52.05,-12.98,80.46,2.47,49.63,2
-2,0.46,0.09,-2,0.73,-1.39,16.62,3.06,-2.4,147.08,-33.81,47.57,2
-2,0.11,0.03,-1.95,0.7,-0.45,3.47,-50.03,-0.18,-59.3,34.41,-55.51,2
-0.85,0.12,-0.06,-0.73,0.39,-0.18,6.17,-26.38,6.56,-149.03,26.87,-52.71,2
0.06,0.21,-0.12,0.15,-0.17,0.13,-7.82,0.67,18.81,-65.35,14.3,8.36,2
0.44,-0.06,-0.05,0.12,0.08,0.14,9.92,-5.1,12.52,-18.64,0.18,6.65,2
-0.04,0.04,-0.04,0.08,0.11,0,6.34,21.92,-5.58,19.47,-15.17,-3.15,2
-0.05,0.03,-0.06,0.02,0.13,-0.01,4.4,18.14,-2.31,9.66,-14.72,2.09,2
0.05,0.05,-0.09,-0.11,0.18,-0.1,7.48,28.99,-0.52,-18.46,-8.21,3.82,2
-0.81,0.22,-0.07,-1.48,0.32,-0.53,8.58,36.63,-13.85,40.56,3.61,21.51,2
-2,-0.22,0.4,-2,0.78,-1.44,2.67,-52.73,-17.97,233,-57.66,66.37,2
-2,0.31,-0.09,-2,0.99,-0.61,-59.78,-63.91,-5.73,112.82,12.43,-5.15,2
-0.87,0.21,-0.08,-0.94,0.85,-0.04,-19.81,-28.26,8.44,-205.17,77.21,-44.56,2
0,0.15,-0.05,0.23,-0.3,0.14,-23.27,-7.89,23.75,-235.75,42.95,-22.23,2
0.41,-0.02,-0.17,0.04,0.03,0.02,-7.52,5.82,-2.71,-38.46,-17.1,-30.8,2
0.07,0.13,-0.06,0.08,0.06,-0.06,-4.81,28.91,-7.95,32.01,-29.96,-13.95,2
0,-0.01,-0.08,0.18,0.07,-0.14,-11.97,31.21,-11.56,25.69,-15.36,7,2
0.04,0.07,-0.1,-0.07,0.11,-0.26,4.74,43.95,-2.76,-5.38,-5.76,7.61,2
-2,-0.11,-0.24,-2,0.7,-1.18,-101.05,7.43,12.11,162.49,3.22,32.93,2
-2,-0.05,0.4,-2,0.59,-1.24,45.73,-39.65,-20.06,205.45,-19.83,47.66,2
-2,0.06,0,-2,1.02,-0.64,-0.08,-53.1,-2.98,-38.8,26.23,-37.57,2
-0.85,0.16,-0.17,-0.91,0.31,-0.08,24.87,-15.59,4.28,-149.92,19.24,-22.49,2
0.28,0.05,-0.05,0.33,-0.1,-0.03,11.44,-14.36,13.59,-36.59,-8.44,-10.24,2
0.44,0,-0.07,0.08,0.2,-0.02,7.11,-9.33,1.18,-33.29,-9.16,-29.4,2
-0.01,0.11,-0.05,0.06,0.09,-0.1,-0.82,15.27,-10.95,20.27,-15.56,-30.22,2
-0.06,0.02,-0.08,0.02,0.2,-0.1,4.73,18.14,-7.79,11.39,-13.97,-24.6,2
-0.09,0.09,-0.21,-0.6,0.24,-0.25,8.02,44.95,-4.39,23.43,2.63,16.18,2
-2,0.33,-0.23,-2,0.39,-0.65,-14.08,29.15,-38.93,86.02,14.44,50.27,2
-2,0.14,0.23,-2,0.66,-1.08,57.12,-9.09,7.19,159.05,-23.2,63.29,2
-2,0.2,0.1,-2,0.82,-0.84,1.78,-35.02,5.9,44.73,10.44,8.21,2
-0.57,0.17,-0.07,-0.51,0.19,-0.04,-1.48,2.43,11.18,-127.53,20.63,-33.38,2
-0.07,0.13,-0.11,0.13,-0.18,0.06,-9.34,4,18.22,-98.62,16.6,-9.21,2
0.31,-0.07,-0.08,0.14,0.04,0.06,-2.05,-15.18,7.22,-59.28,4.66,-25.9,2
0.18,0.03,-0.07,-0.02,0.03,-0.05,7.21,10.12,-5.73,4.92,-10.6,-23.5,2
-0.06,0.01,-0.09,0.03,0.09,-0.11,8.92,15.67,-3.63,11.41,-11.44,-6.02,2
0.02,0.03,-0.12,-0.1,0.14,-0.15,17.99,22.98,-3.61,-1.81,-3.67,2.67,2
-0.68,0.11,0.1,-1.3,0.26,-0.55,32.08,24.94,-12.86,64.32,15.95,39.56,2
-2,0.48,0.62,-2,0.51,-1.02,46.44,47.21,15.59,97.31,-15.6,33.21,2
-2,0.22,-0.05,-1.93,0.72,-0.57,-5.24,-30.63,5.58,-35.45,3.86,-22.68,2
-1.04,0.14,0.02,-1.02,0.44,-0.18,-15.37,-13.11,6,-90.98,15.3,-18.06,2
-0.16,0.15,-0.03,0.09,-0.02,-0.05,-8.8,13.08,16.94,-51.54,-3.4,4.58,2
0.31,-0.11,-0.07,0.1,-0.03,0.03,-2.02,-11.99,7.74,-35.24,-1.31,-5.17,2
0.08,0.1,-0.06,0.06,0.16,-0.1,-1.11,31,-7.04,24.24,-2.14,-12.05,2
-0.06,0.07,-0.03,0.08,0.04,-0.08,-3.01,34.75,-4.56,12.69,-0.99,-11.55,2
-0.05,0.04,-0.04,-0.23,0.16,-0.19,7.27,33.53,-1.95,-3.79,8.56,-9.56,2
-1.94,0.12,0.02,-1.88,0.35,-0.72,16.11,41.73,-30.65,53.98,31.68,6.69,2
-2,0.28,0.42,-2,0.77,-0.94,-40.63,-84.13,7.61,47.38,11.01,37.21,2
-2,0.24,0.08,-2,0.65,-0.57,-12.21,-50.76,1.81,-47.76,16.95,-7.4,2
-0.68,0.16,-0.07,-0.66,0.11,-0.16,-12.65,-10.7,9.14,-109.49,1.68,-14.78,2
0.09,0.13,-0.11,0.3,-0.23,0.03,-17.1,1.65,22.63,-63.21,-6.65,-17.4,2
0.2,0.03,-0.13,0.06,0.05,-0.24,-10.73,7.05,-5.18,44.57,-13.36,-22.08,2
-0.04,0.05,-0.02,0.11,0.06,-0.11,-2.99,17.83,-14.43,42.55,-8.79,-19.69,2
0.03,0.02,-0.06,0.09,0.21,0.01,-2.15,8.15,-10.37,-14.85,-1.35,-26.48,2
0.01,0.03,-0.04,-0.26,0.17,-0.02,3.5,19.7,-1.73,-23.27,8.81,-6.49,2
-2,0.49,1.31,-2,0.68,-1.38,-18.57,92.23,22.2,149.32,-30.71,54.49,2
-2,0.33,0.51,-2,0.73,-1.06,-29.55,-61.16,-0.18,139.37,-18.01,78.75,2
-2,0.1,0.27,-2,0.54,-0.66,36.05,-15.98,-1.53,-23.74,21.73,16.28,2
-0.57,0.15,-0.13,-0.6,0.05,0.02,28.76,9.05,-4.38,-145.58,30.08,-13.38,2
0.32,-0.08,-0.08,0.11,-0.08,0.04,30.2,2.98,13.37,-31.24,-3.82,-10.3,2
0.19,-0.01,-0.11,0.04,0.12,-0.09,13.45,-0.91,3.6,13.05,-17.4,-13.91,2
-0.02,0.15,-0.03,0.1,0.1,-0.1,10.79,12.47,-6.18,84.63,-28.16,3.62,2
0,0.02,-0.06,0.06,0.22,-0.04,9.82,6.6,-7.39,46.89,-25.95,4.83,2
-0.82,0,0.62,-1.77,0.34,-0.6,45.8,14.44,-13.22,108.61,16.31,58.34,2
-2,-0.29,0.73,-2,0.83,-1.3,-87.46,40.68,18.71,73.91,-13.85,16.03,2
-2,0.21,0.5,-2,0.81,-1.01,-30.44,-74.45,-9.8,26.38,18.31,24.69,2
-1.76,0.22,-0.19,-1.34,0.58,-0.4,13.19,-52.39,12.05,-126.13,6.34,-38.93,2
0.09,0.11,-0.14,0.14,0.04,0.23,-7.23,-36.36,18.07,-22.51,-16.18,23.15,2
0.33,-0.02,-0.12,0.14,0.12,0.06,-4.47,-32.46,10.7,-29.91,-19.44,7.66,2
0.26,0.02,-0.01,0.04,0.21,0.03,-0.39,-10.49,-5.07,-6.37,-18.67,3.63,2
0.05,0.06,0.04,0.03,0.11,-0.05,-4.73,10.2,-5.98,12.08,-20.82,5.73,2
0.17,0.06,0.07,-0.25,0.11,-0.03,4.26,66.14,3.27,4.39,-4.23,4.4,2
-0.71,0.07,0.48,-1.32,0.38,-0.47,32.15,63.26,-3.83,23,28.84,-3.18,2
-2,0.47,-0.02,-2,0.51,-1.29,53.94,23.98,12.26,-3.97,-4.23,-43.8,2
-2,0.47,0.36,-2,0.66,-0.73,-28.6,-53.78,8.4,-25.82,36.31,-7.6,2
-0.57,0.06,-0.04,-0.47,0.36,-0.15,-20.87,-3.15,14.79,-37.93,33.27,-4.37,2
0.07,0.05,-0.04,0.16,0,0.12,-21.91,20.35,17.62,-8.36,18.11,7.88,2
0.38,-0.04,-0.07,0.17,0.09,0.14,-5.24,14.56,6.76,-36.56,25.17,-26.73,2
0.11,0.01,-0.07,-0.01,0.13,0.19,-5.18,36.43,-2.85,-9.76,9.5,-36.21,2
0.02,0.05,-0.06,-0.01,0.18,0.03,-3.02,39.03,-0.73,-31.06,-9.77,-24.84,2
0,0,-0.14,-0.29,0.07,-0.1,6.26,59.12,-1.44,-22.17,-3.44,4.6,2
-2,0.13,-0.15,-2,0.39,-1.24,85.69,92.94,-47.69,111.25,26.03,54.05,2
-2,0.59,-0.44,-2,0.49,-1.29,11.67,-12.77,3.16,125.99,-35.2,31.8,2
-1.41,0.03,-0.25,-1.18,0.53,-0.35,-32.85,-57.43,7.75,-46.78,-2.65,-46.3,2
-0.56,0.08,-0.11,-0.43,0.16,-0.03,-25.15,-37.16,14.21,-99.12,5.58,-27.35,2
0.16,0.04,-0.08,0.3,0.02,0.06,-8.34,-31.09,25.02,-56.02,-5.86,-9.09,2
0.52,-0.06,-0.1,-0.06,0.03,-0.15,9.01,-3.12,4.85,1.4,-8.09,6.04,2
-0.13,0.12,0.03,0.09,0.04,-0.08,-9.02,18.73,-6.66,-3.2,-2.08,-7.98,2
-0.02,0,-0.11,0.05,0.09,-0.1,-2.62,19.9,-7.05,-19.89,1.52,-20.67,2
0.25,0.02,-0.05,-0.19,0.01,-0.29,19.33,43.05,-7.44,11.56,10.91,-22.18,2
-2,0.98,-0.75,-2,0.25,-1.49,26.27,24.06,-42.12,130.81,23.6,39.15,2
-2,0.22,0.22,-2,0.7,-0.84,-32.82,-76.08,6.46,-41.49,34.27,-16.44,2
-1.82,0.18,-0.16,-1.58,0.84,-0.48,-12.21,-49.79,6.32,-153.34,31.47,-62.75,2
-0.35,0.16,-0.05,-0.31,-0.12,0.06,-10.63,-14.08,10.96,-214.72,-0.42,-61.74,2
0.27,-0.04,-0.06,0.25,-0.11,-0.01,7.05,-6.2,13.29,-168.05,8.56,-48.48,2
0.07,0.08,-0.05,0.09,0.11,0.02,-7.88,6.5,4.66,-8.95,-18.37,-26.64,2
-0.01,0.07,0,-0.01,0.16,-0.07,-7.37,17.08,6.87,38.34,-17.06,-8.97,2
0.14,0.02,-0.05,0.01,0.12,-0.22,-2.22,26.46,5.45,83.95,-27.92,30.89,2
-0.15,0.08,0.11,-0.72,-0.02,-0.59,14.47,53.69,-11.76,137.45,-0.29,80.96,2
-2,0.59,0.26,-2,0.72,-1.03,37.71,5.9,-12.96,217.62,-12.24,91.33,2
-2,0.18,0.44,-2,0.83,-0.93,-19.01,-81.14,-3.31,41.56,49.01,-6.85,2
-1.47,0.05,-0.21,-1.51,0.74,-0.14,-26.3,-49.27,-8.3,-168.56,35.11,-79.71,2
-0.13,0.25,-0.09,-0.09,0.02,0.29,-3.6,-14.39,16.65,-148.78,-13.67,-18.12,2
0.44,-0.15,-0.12,-0.02,0.2,-0.13,25.24,5.77,3.55,-73.09,-11.77,-35.01,2
0.09,0.08,-0.09,0.1,0.03,-0.35,12.07,19.77,-7.4,55.12,-32.4,-8.63,2
-0.03,0.17,0.01,0.15,0.03,-0.31,-8.08,26.13,-7.21,149.14,-35.92,42.82,2
0.11,0,-0.07,0.17,0.11,-0.13,10.34,29.31,-7.65,89.99,-10.2,32.73,2
-2,0.91,-0.46,-2,0.5,-1.21,59.33,68.54,-53.52,137.96,35.33,41.31,2
-2,0.6,0.43,-2,0.7,-1.06,69.15,41.63,-4.23,86.52,-15.51,1.8,2
-2,0.31,0.27,-2,0.75,-0.79,-4.32,-62.96,3.1,-1.66,-3.99,16.67,2
-1.54,0.12,-0.1,-1.3,0.72,-0.63,0.9,-39.25,1.85,-107.04,0.7,-30.89,2
0.21,0.07,-0.22,0.15,-0.31,-0.04,13.03,-23.88,18.26,-122.23,-3.78,19.61,2
0.41,0,0.05,0.11,-0.24,-0.05,12.32,-16.2,3.94,-57.21,-13.47,-4.5,2
0.11,0,-0.13,0,0.11,-0.15,9.9,-8.13,-7.29,75.47,-24.89,-12.98,2
0.01,0.06,-0.06,0.14,0.19,-0.19,1.66,10.08,-10.26,96.33,-22.63,11.32,2
0.07,0.05,-0.01,-0.42,0.31,-0.1,18.85,45.37,-6.77,-36.61,18.19,-4.81,2
-2,0.26,-0.09,-2,0.43,-0.62,95.75,87.21,-29.48,26.55,45.35,-16.24,2
-2,0.48,0.3,-2,0.5,-1.04,33.88,-6.33,0.82,60.18,-12.26,-31.63,2
-2,0.45,0.33,-2,0.56,-0.87,-16.18,-60.32,10.29,-22.24,3.15,2.65,2
-0.32,0.06,-0.1,-0.28,0.16,0.08,-11.25,-12.77,16.67,-65.32,2.15,9.8,2
0.15,0.05,-0.12,0.3,-0.12,0.13,3.08,2.18,15.93,-59.34,-8.37,8.47,2
0.37,-0.09,-0.11,0.02,0.03,0.04,30.86,-7.28,4.22,-22.88,-14.08,-5.8,2
0.02,0.11,-0.03,-0.15,0.14,0,12.37,19.99,-3.95,6.03,-30.68,-3.97,2
0.01,0.04,-0.11,0.06,0.04,0.03,7.32,29.2,-14.48,63.45,-52.53,29.2,2
0.12,-0.04,-0.15,-0.1,0.18,-0.01,11.74,47.9,-11.84,29.3,-39.95,24.82,2
-1.64,0.2,0.31,-2,0.45,-0.72,84.49,45.5,-23.24,48.15,20.42,24.33,2
-2,0.11,0.19,-2,0.64,-1.25,13.68,-9.57,-19.8,123.27,-37.71,-18.7,2
-1.58,0.11,-0.03,-1.43,0.75,-0.29,-14.99,-53.48,5.57,-86.82,34.57,-51.51,2
-0.56,0.05,-0.1,-0.52,0.43,-0.05,-30.95,-27.92,10.58,-177.92,40.58,-34.47,2
0.1,0.04,-0.06,0.14,0.01,0.08,-25.6,0.58,18.11,-116.39,30.15,4.78,2
0.39,-0.01,-0.11,0.07,0.04,0.16,-10.73,-9.62,5.18,-72.21,11.86,1.55,2
-0.07,0.11,0,-0.01,0.14,-0.01,-10.47,21.08,-9.92,-23.35,-1.92,2.57,2
-0.01,0.08,-0.02,-0.19,0.07,-0.01,-17.66,24.64,-12.05,-29.23,-7.72,4.6,2
0.03,0.03,-0.01,-0.34,0.07,-0.16,0.33,43.74,-32.15,1.92,-10.12,16.88,2
-2,0.31,-0.38,-2,0.52,-0.75,-50,-38.98,-52.42,45.5,16.69,22.09,2
-2,-0.01,0.61,-2,0.69,-0.87,-24.73,-60.45,2.79,121.82,-9.5,20.39,2
-2,0,0,-1.88,0.79,-0.46,10.05,-55.81,3.05,112.76,-0.25,17.84,2
-0.53,0.09,-0.09,-0.39,0.16,0.07,-7.44,-6.1,22.6,100.12,-5.14,77.72,2
0.17,0.04,-0.11,0.48,-0.05,0.04,-34.47,-9.53,29.18,35.9,-11.87,5.63,2
0.1,-0.01,-0.11,-0.06,0.04,-0.11,7.82,6.4,1.89,-47.73,-14.49,-26.47,2
0,0.07,-0.05,-0.06,0.08,-0.1,-3.1,13.49,-4.99,-26.4,-12.43,-13.12,2
0.05,0.07,-0.08,0.08,0.08,-0.18,-5.84,27.03,-5.72,-14.87,3.19,4.15,2
-0.09,0.03,0.07,-0.76,0.32,-0.02,7.44,43.54,1.22,-44.29,34.52,8.68,2
-2,0.06,0.74,-2,0.78,-0.83,24.28,-0.31,-3.79,57.72,-5.05,7.15,2
-2,0.17,0.65,-2,0.97,-0.92,-29.8,-63.96,4.89,-16.87,23.44,-12.21,2
-1.39,0.11,-0.06,-1.14,0.65,-0.45,9.55,-10.3,13.2,-89.49,4.97,-22.95,2
-0.2,0.1,-0.07,-0.03,-0.08,-0.01,4.79,17.1,16.27,-20.14,-6.83,14.31,2
0.28,-0.12,-0.08,0.02,0.07,-0.08,23.95,8.69,-0.68,-57.73,1.76,-22.73,2
0.12,0.02,-0.1,-0.02,0.08,-0.1,1.88,21.66,-8.58,-48.73,6.5,-33.5,2
-0.07,0.14,-0.01,0.02,-0.09,-0.1,13.43,28.09,-8.44,-20.66,-0.53,-29.88,2
0.02,0.03,-0.06,-0.04,0.01,-0.27,11.01,27.02,-1.21,29,1.39,-13.31,2
-2,1.59,0.53,-2,0.74,-1.2,39.23,-8.34,-105.55,59.76,23.2,-35.77,2
-2,0.44,-0.3,-2,0.65,-1.35,112.16,11.6,-3.94,73.79,-27.82,-59.18,2
-2,0,0.47,-2,0.84,-0.13,-16.51,-74.02,6.43,-6.18,21.69,-10.87,2
-0.91,0.11,-0.22,-0.51,0.73,-0.42,7.64,-19.27,19.34,-90.82,-6.48,-25.48,2
0.27,-0.01,-0.01,0.2,-0.05,-0.04,-7.4,-11.89,17.18,-39.75,-9.7,40,2
0.26,-0.09,-0.19,0.08,0.13,-0.08,20.25,4.79,4.53,-16.69,-19.56,33.67,2
0.07,0.1,0.01,0.07,0.12,-0.13,1.38,21.45,-6.21,34.53,-14.98,43.35,2
0,0.02,-0.09,0.04,0.07,-0.18,7.71,30.11,-8.69,17.48,-5.79,32.11,2
-0.26,0.08,0.04,-0.85,0.13,-0.13,-3.64,27.85,-9.12,7.64,15.16,24.92,2
-2,0.38,0.14,-2,0.29,-0.76,7.82,-33.89,-21.82,157.94,-1.41,67.67,2
-2,0.08,0.11,-2,1.35,-1.2,29.64,-36.19,14.86,121.76,-37.7,19.24,2
-2,0.31,0.02,-2,0.97,-0.6,-0.67,-64.79,14.91,82.25,-31.5,37.31,2
-0.09,0.27,0.02,0.15,0.07,-0.06,-0.55,-19.75,20.82,-95.74,-15.64,-28.79,2
0.23,0.01,-0.15,0.19,-0.17,-0.06,19.01,-24.82,15.13,-55.27,-10.15,-31.33,2
0.38,-0.07,-0.21,-0.05,0.07,-0.24,10.92,1.74,-5.24,20.56,-22.67,-37.6,2
0.01,0.07,-0.06,0.2,-0.01,-0.32,-0.59,27.69,-10.46,22.55,-3.9,-30.21,2
0.14,0.11,-0.07,-0.02,0.18,-0.23,-2.62,53.16,-3.78,-93.56,41.3,-71.34,2
-0.22,0.04,-0.01,-0.83,0.05,-0.13,-2.57,60.8,-11.14,-15.63,42.3,-17.85,2
-2,0.19,-0.57,-2,0.6,-1.22,-112.37,-35.02,-10.94,126.08,19.54,41.15,2
-2,0.27,0.47,-2,0.9,-0.85,-45.18,-85.66,-0.15,17.5,28.4,22.22,2
-0.92,0.1,-0.02,-0.92,0.39,-0.18,-12.18,-30.98,1.4,-84.34,-11.66,-23.98,2
-0.15,0.11,-0.15,-0.04,-0.12,0.07,-16.84,-9.98,8.77,-61.71,-22.47,-6.07,2
0.38,-0.07,-0.14,0.2,-0.02,-0.01,-0.94,-11.16,10.92,-32.13,-15.05,7.41,2
0.25,0.03,-0.12,0,0.06,-0.07,4.03,9.89,-5.53,-16.24,-21.15,-10.85,2
0.01,0.07,-0.08,0.21,0.05,-0.11,-10.37,30.79,-7.37,14.08,-17.29,-11.4,2
0.14,0.01,-0.1,0.15,0.11,-0.3,7.82,45.02,-4.69,-3.99,1.72,-31.11,2
-0.16,-0.18,0.21,-0.56,0.16,-0.29,12.16,39.11,-9.6,-6.89,23.34,-41.4,2
-2,-0.19,0.33,-2,0.51,-1.35,-119.53,16.54,14.98,46.53,19.57,30.66,2
-2,0.21,0.28,-2,0.76,-0.82,-21.56,-55.53,18.17,-40.11,11.47,-12.61,2
-1.32,-0.1,-0.06,-1.21,0.44,-0.29,-5.8,-32.72,8.07,-60.53,-0.15,-21.46,2
-0.15,0.03,-0.09,-0.2,-0.05,0.18,-6.15,-12.46,9.37,-17.18,-28.18,1.99,2
0.25,0.04,-0.11,0.26,0.06,-0.02,-1.31,-2.96,13.05,-39.18,-11.07,3.8,2
0.06,0.03,-0.05,0.04,0.04,-0.2,10.1,12.53,2.02,11.18,-23.33,-5.18,2
0,0.09,-0.07,0.15,0.09,-0.26,16.37,21.13,-2.36,42.3,-20.08,-0.23,2
-0.02,0.12,-0.06,-0.08,0.2,-0.05,-3.6,28.85,0.21,19.84,-8.54,6.45,2
-0.46,0.04,0.32,-1.14,0.51,-0.34,15.5,58.19,-3.41,-29.98,34.44,4.2,2
-2,0.27,0.23,-2,0.9,-1.11,8.3,-40.73,-1.74,-22.57,17.45,9.36,2
-2,0.33,0.14,-2,0.58,-0.77,-20.28,-46.75,2.29,-114.95,3.63,-21.93,2
-1.09,0.2,-0.04,-1,0.16,-0.19,-13.48,-32.21,11.08,-39.47,1.32,-1.98,2
-0.1,0.13,-0.12,0,-0.03,-0.07,-5.73,2.49,17.99,53.18,-27.88,22.11,2
0.4,-0.1,-0.1,-0.1,0.07,-0.03,13.46,11.46,-5.52,-33.4,-5.15,-23.26,2
0.05,0.08,-0.06,0.01,0.04,-0.05,5.46,24.77,-12.79,-1.37,-0.85,-19.13,2
-0.06,0.09,-0.02,0.25,-0.02,-0.18,-0.35,28.15,-13.1,23.91,-2.5,-14.63,2
0.21,0.14,-0.05,0.13,-0.07,-0.24,18.04,49.23,-1.64,29.44,-8.5,-30.53,2
-2,-0.4,-0.8,-2,0.57,-0.91,-181.24,-58.9,-2.99,93.31,1.68,-1.31,2
-2,-0.35,-0.63,-2,0.57,-0.83,43.78,-1.31,-4.5,-3.95,31.56,42.84,2
-2,0.27,0.18,-2,0.42,-0.75,-20.29,-51.66,11.55,-57.77,-3.16,14.29,2
-1.2,0.21,-0.11,-1.24,0.45,-0.3,-0.69,-24.83,11.37,-53.49,-23.38,-0.92,2
0.15,0.01,-0.06,0.22,-0.05,-0.06,-3.57,-11.21,9.34,-60.86,-7.15,-4.28,2
0.35,-0.08,-0.07,0.04,0.05,-0.08,10.79,-18.6,4.95,-50.37,-6.64,-6.16,2
0.14,0.06,-0.05,0.07,0.02,-0.2,7.7,15.62,-3.73,-10.92,-16.91,-9.34,2
-0.03,0.06,-0.04,0.16,0,-0.14,8.27,15.83,-4.08,40.51,-17.23,-1.63,2
0.04,0.09,0.01,-0.29,0.12,-0.16,8.22,34,-1.76,-50.51,42.47,-9.56,2
-2,0.39,-0.02,-2,0.36,-0.54,20.31,39.28,-17.27,-82.27,85.31,-11.61,2
-2,0.15,-0.47,-2,0.69,-1.19,31.17,17.3,-2.81,102.46,18.3,7.97,2
-2,0.2,0.38,-2,0.77,-0.83,-37.44,-72.73,-1.75,39.68,1.93,-37.79,2
-0.5,0.17,-0.01,-0.48,0.09,0.07,-32.66,-18.47,5.78,-66.24,-7.29,-15.05,2
0.05,-0.01,-0.07,0.31,0.05,0.17,-23.29,-18.28,8.55,-24.71,-23.26,6.27,2
0.44,-0.07,-0.18,-0.04,0.06,0.16,-9.01,-6.78,-0.21,-25.88,-18.21,-0.2,2
0.07,0.11,-0.03,0.02,0.05,0.01,-3.11,15.58,-8.24,4.98,-29.17,5.49,2
-0.03,0.03,-0.06,0.04,0.03,-0.11,-1.7,24.46,-3.53,28.46,-33.4,11.02,2
0.04,0.04,-0.01,-0.21,0.01,-0.13,-1.38,38.52,2.21,22.38,-22.85,14.5,2
-1.49,0.22,-0.08,-1.72,0.37,-0.78,50.7,68.22,-17.42,102.27,37.37,50.91,2
-2,0.4,-0.15,-2,0.64,-0.97,51.8,3.21,11.87,78.33,-25.15,27.85,2
-1.92,0.04,-0.09,-1.81,0.61,-0.57,12.86,-57.03,-1.57,-49.11,18.14,-7.01,2
-0.92,0.16,-0.09,-0.83,0.23,-0.22,-11.55,-32.79,-0.31,-87.79,20.15,-9.37,2
-0.03,0.21,-0.09,0.2,-0.2,0.07,-3.35,-19.44,18.48,-13.54,0.73,5.48,2
0.37,-0.08,-0.11,0.13,0.02,0.01,14.51,-17.21,10.36,2.86,9.69,-12.76,2
0.02,0.13,-0.01,-0.01,0.1,-0.03,2.44,17.58,-4.03,24.55,-1.95,-21.12,2
-0.02,0.02,-0.03,0.04,0.13,-0.03,5.25,20.69,-3.33,34.54,-7.98,-16.29,2
0.08,0.07,0.02,-0.22,0.15,-0.1,11.76,46.04,-6.95,24.39,-0.87,1.75,2
-1.24,0.02,-0.02,-1.53,0.37,-0.42,36.19,41.08,-26.37,63.44,35.63,18.5,2
-2,0.3,0.44,-2,0.42,-0.91,-27.99,-63.24,-4.39,5.85,17.15,28.99,2
-2,0.24,0.2,-2,0.57,-0.55,-17.31,-66.89,5.93,-42.45,5.79,-28.64,2
-0.87,0.01,-0.07,-0.82,0.43,-0.2,-13.28,-33.15,7.77,-38.84,3.8,-17.57,2
-0.02,0.22,-0.02,0.24,0.04,0.07,-36.18,-9.16,26.32,-43.67,-6.07,6.47,2
0.37,-0.05,-0.15,-0.01,0.16,0.02,-7.47,8.92,3.98,-37.4,-10,-16.48,2
-0.01,0.07,-0.04,-0.02,0.11,-0.13,-15.66,23.89,-4.29,20.85,-20.51,-9.92,2
-0.03,0.06,-0.02,0.06,0.12,-0.15,-19.21,23.76,-5.51,14.34,-13.39,6,2
0.14,0.01,-0.04,-0.05,0,-0.14,-7.02,44.14,-4.87,12.56,-1.81,17.8,2
-2,-0.55,-0.85,-2,0.57,-1.16,-157.76,-8.69,11.62,141.86,-28.38,48.75,2
-2,-0.04,0.42,-2,0.72,-1.12,12.44,-31.89,-9.09,190.66,-25.98,120.72,2
-2,0.36,0.3,-2,0.68,-0.83,24.29,-66.18,6.87,53.77,-0.3,46.41,2
-1.18,0.09,-0.13,-1.08,0.58,-0.42,31.46,-28.11,14.09,-84.39,6.74,-17.08,2
0.25,0.05,-0.12,0.15,-0.06,0.03,32.36,-5.84,11.01,-49.76,6.15,-7.29,2
0.39,-0.01,-0.12,0.09,-0.08,-0.06,27.79,-0.51,4.45,-6.48,-4.5,-4.2,2
0.11,0.11,-0.09,0.07,0.04,-0.14,8.53,29.27,-6.63,7.88,-4.3,-22.29,2
-0.01,0.05,-0.04,0.03,0.11,-0.09,7.84,36.22,-6.98,-7.09,-0.65,-29.93,2
0.11,0,0.04,-0.23,0.1,-0.25,24.81,68.92,-6.75,80.18,-6.71,6.89,2
-1.6,0.09,-0.57,-2,0.55,-0.58,32.11,60.82,-33.03,123.11,24.46,14.86,2
-2,0.46,0.25,-2,0.75,-0.67,42.21,-41.89,13.5,70.53,-14.37,11.56,2
-2,0.26,0.01,-2,0.7,-0.99,9.24,-41.05,8.71,-54.58,28.4,-5.71,2
-0.98,0.13,-0.1,-0.92,0.21,-0.2,11.19,-14.66,15.05,-86.16,-5.02,-14.81,2
-0.3,0.06,-0.06,-0.09,-0.03,-0.05,1.96,-12.29,15.98,-60.32,-8.91,-5.57,2
0.25,0.02,-0.08,0.19,0.01,-0.01,-0.66,-23.09,13.6,-40.17,3.89,-0.66,2
0.41,0,-0.11,0.03,-0.04,-0.16,7.47,-0.28,1.24,2.47,-3.01,-14.43,2
-0.07,0.04,-0.06,0.05,0.12,-0.11,-1.69,20.69,-6.24,11.53,3.99,-12.69,2
-0.01,0.03,-0.13,-0.06,0.14,-0.07,3.37,25.08,-3.97,-14.2,9.92,-14.78,2
-0.08,-0.01,0,-0.7,0.17,-0.27,6.7,38.3,-10.79,18.25,18.68,17.53,2
-2,0.12,-0.12,-2,0.48,-1.07,-35.45,56.44,-15.17,93.44,-24.05,30.56,2
-2,0.36,-0.04,-2,0.72,-0.82,14.05,-48.89,-3.27,-34.98,16.64,-12.61,2
-1.86,0.28,-0.12,-1.51,0.73,-0.58,7.63,-38.53,2.11,-73.78,15.77,-36.07,2
-0.6,0.1,-0.08,-0.65,0,0.07,4.43,-13.31,4.27,-22.4,-20.98,-11,2
0.14,-0.02,0,0.38,0.05,0.07,-6.11,-21.15,9,-23.6,-26.03,-4.12,2
0.22,0.07,-0.07,0.11,0.1,-0.09,-6.57,9.72,0.85,12.98,-18.92,-13.4,2
0.01,0.08,-0.04,0.05,0.17,-0.15,-2.53,19.99,-3.07,26.35,-17.55,-13.71,2
-0.03,0.07,-0.07,0.03,0.23,-0.1,-10.15,22,-2.03,1.7,-11.31,-6.19,2
0.05,0.03,0.06,-0.34,0.13,-0.17,22.71,53.25,0.76,-3.04,0.08,20.56,2
-2,0.68,-0.17,-2,0.8,-1.03,19.27,23.11,14.37,63.27,-12.06,10.44,2
-2,0.14,0.22,-2,1.02,-1.19,0.03,-42.53,-1.1,13.27,-4.53,10.63,2
-2,0.45,-0.23,-1.81,0.36,-0.71,-46.36,-59.66,13.65,-59.52,4.51,11.84,2
-0.56,0.07,-0.08,-0.4,0.05,-0.13,-5.23,-21.08,19.01,-85.32,19.95,1.55,2
0.39,-0.08,-0.09,0.06,0.04,0.07,-5.93,-15.56,2.76,-48.76,4.11,-24.08,2
0.32,-0.05,-0.2,-0.11,0.07,-0.06,9.3,5.39,-12.36,-29.83,-10.66,-34.85,2
-0.05,0.11,0.05,0.01,-0.01,-0.05,-10.9,5.85,-18.36,33.42,-16.39,-7.21,2
-0.01,0.07,-0.15,0.1,0.12,-0.08,-9.8,20.47,-13.98,12.76,-12.5,-5.93,2
-0.35,-0.09,0.15,-1.43,0.27,-0.11,11.65,63.02,-18.12,7.63,28.53,-4.84,2
-2,0.39,-0.04,-1.77,0.65,-0.95,-43.66,-6.34,-28.18,71.06,-1.9,-0.09,2
-2,0.17,0.39,-2,0.97,-1.07,-29.95,-109.26,6.36,-1.36,11.11,-3.29,2
-2,0.25,0.05,-2,0.63,-0.61,21.98,-60.75,-1.3,-61.74,8.02,-22.94,2
-0.17,0.11,-0.16,0.02,0.11,0.09,-2.45,-18.73,19.05,-40.64,-9.88,11.56,2
0.21,0.1,-0.15,0.23,0.03,0.16,-27.06,-13.3,25.84,-53.06,0.24,5.7,2
0.35,-0.03,-0.14,0.03,0,-0.01,4.98,-2.84,9.88,6.4,-15.82,-0.67,2
0.06,0.09,-0.02,-0.02,0.2,-0.06,-9.35,13.89,-4.69,25.86,-19.89,-4.17,2
0.06,0.05,-0.1,-0.08,0.02,-0.07,-3.66,39.7,1.06,-21.42,-11.1,2.63,2
-0.02,0,-0.05,-0.42,0.19,-0.19,3.02,57.08,3.67,12.02,6.43,20.2,2
-2,0.64,-0.74,-2,0.53,-1.25,-57.05,-50.79,-16.08,105.19,-12.05,42.91,2
-2,0.41,0.38,-2,0.9,-1.05,-30.51,-70.67,1.02,52.34,26.1,47.92,2
-1.19,0.05,-0.12,-0.95,0.58,-0.33,14.85,-50.99,5.63,-129.21,18.63,-44.52,2
-0.35,0.12,-0.01,-0.28,0,0.06,13.61,-33.21,14.43,-75.4,-8.23,-11.95,2
0.25,0.12,-0.18,0.3,-0.12,0.05,-4.11,-25.63,22.75,28.12,-21.64,33.51,2
0.46,-0.04,-0.12,0.09,0.24,-0.03,14.58,-7.9,7.83,32.18,-19.4,5.85,2
-0.05,0.07,-0.05,0.02,0.16,-0.06,-11.04,24.95,-6.24,25.85,-9.24,-16.44,2
0.01,0.08,-0.05,0.02,0.2,0,-13.92,31.09,-6.11,-4.2,0.02,-9.74,2
0.11,0.03,0.13,-0.42,0.14,-0.11,4.35,57.89,-3.27,-8.34,12.2,13.95,2
-2,0.38,-0.87,-2,0.63,-0.94,-44.27,20.38,-0.25,42.91,-9.04,15.87,2
-2,0.43,0.49,-2,0.71,-0.77,-11.72,-48.4,8.92,25.2,12.77,2.05,2
-2,0.3,0.02,-1.73,0.9,-0.67,-12.02,-57.68,6.66,-31.39,9.38,-28.37,2
-0.61,0.09,-0.09,-0.54,0.2,-0.14,-1.69,-23.88,11.24,-102.58,0.4,-22.98,2
0.1,0.01,-0.17,0.24,0,0.14,-14.19,-16.78,12.15,-70.32,-0.88,5.24,2
0.15,0.06,-0.09,0.01,0.11,-0.07,-2.9,11.71,-5.95,12.2,-8.63,-14.89,2
0.02,0.08,-0.03,0.01,0.1,-0.11,2.08,28.15,-5.89,29.92,-10.86,-13.45,2
0.04,0.05,-0.02,-0.1,0.19,0.02,-0.68,29.14,-8.12,2.55,0.44,-26.28,2
0.14,0.08,0.01,-0.02,0.35,-0.2,44.53,92.05,-8.15,0.24,26.67,-30,2
-2,0.33,0.53,-2,0.34,-0.88,58.85,92.8,5.86,64.08,-18.79,56.76,2
-2,0.45,0.19,-2,0.71,-0.89,-40.57,-100.05,0.57,43.38,8.56,76.64,2
-2,0.3,0.12,-1.82,0.82,-0.67,19.79,-69.06,4,-20.55,-5.63,-26.37,2
-0.83,0.23,0,-0.95,0.39,0,-7.44,-39.4,7.14,-79.56,-9.27,-30.69,2