-1.52,0.48,0.25,-0.81,0.45,-0.7,35.17,50.47,55.07,196.73,12.23,94.29,8
-1.8,0.24,0.16,-1.26,0.54,-0.77,1.67,-10.44,28.82,41.01,28.31,15.06,8
-1.16,0.45,-0.09,-1.19,0.42,-0.62,-9.76,-24.29,-0.22,-4.53,24.83,-59.64,8
-0.72,0.58,-0.27,-0.95,0.22,-0.4,-7.4,-11.71,-1.94,52.34,35.51,-54.47,8
-0.84,0.35,-0.06,-0.86,0.6,-0.21,2.31,1.58,-15.01,-114.69,46.28,-49.66,8
-0.87,0.41,-0.08,-1.11,0.2,0.2,3.01,-6.31,-27.21,-29.11,2.63,-20.4,8
-0.8,0.63,-0.09,-0.93,0.42,-0.08,-0.25,-4.29,-28.08,-0.41,-47.76,-11.05,8
-0.77,0.49,-0.03,-0.79,0.47,-0.34,-32.23,-12.93,-33.05,-4.39,-64.83,-6.6,8
-0.94,0.49,-0.13,-0.78,0.41,-0.73,-56.31,13.87,-32.41,10.43,-44.4,-22.07,8
-1.08,0.55,0.01,-0.86,0.5,-0.63,-63.49,38.26,-17.63,-0.45,-24.48,-28.18,8
-1.36,0.03,0.18,-1.08,0.38,-0.82,-93.19,1.98,-18.39,-9.56,9.77,-22.48,8
-1.48,-0.46,-0.45,-0.9,0.74,-0.41,-113.66,-20.41,-0.8,-178.69,59.97,-47.06,8
-1.46,-0.3,-0.28,-1.61,-0.64,0.17,18.44,22.1,-14.07,85.27,-73.57,15.54,8
-1.21,-0.13,-0.27,-1.24,-0.33,-0.06,21.07,16.17,-23.27,-5.76,-48.35,55.53,8
-0.83,-0.12,0.07,-0.69,0.29,-0.13,47.98,-0.97,-9.28,-34.33,-21.76,74.47,8
-0.59,-0.22,-0.11,-0.32,0.2,-0.09,23.69,-34.96,-17.93,-15.56,-13.5,68.07,8
-0.73,0.03,-0.25,-0.48,0.46,-0.02,-31.45,-24.6,-3.01,-101.8,-15.27,7.73,8
-0.88,-0.03,-0.03,-0.53,0.33,-0.14,-15.73,-2.53,9.29,-169.24,8.62,-23.94,8
-1.05,-0.14,0.1,-0.8,0.1,-0.18,4.79,-43.89,22.33,-126.78,49.11,-16.8,8
-1.02,-0.01,-0.06,-1.05,0.14,-0.15,22.97,-37.44,33.21,-84.02,44.08,7.89,8
-1.15,0.25,0.3,-1.39,-0.14,0.01,51.97,-13.18,44.69,-12.67,-1.85,13.91,8
-1.07,0.08,0.19,-1.21,0.09,-0.05,12.76,-47.64,21.58,30.01,-24.05,12.18,8
-0.89,-0.04,0.05,-1.1,0.24,-0.18,-26.76,-47.35,-20.68,10.5,-11.98,-14.35,8
-0.93,0.16,0.08,-0.98,0.21,-0.12,5.11,16.66,-21.5,33.54,-13.78,-14.31,8
-0.9,0.02,0.14,-0.99,0.14,-0.18,-3.44,6.48,-27.97,-28.32,8.54,-14.66,8
-0.9,0.04,0.13,-0.98,-0.02,-0.15,-0.42,18.08,-32.79,-61.91,21.49,-28.08,8
-1.08,0,0.16,-1.05,-0.13,-0.08,-30.05,33.24,-32.06,-26.91,30.43,-33.31,8
-1.16,0.01,0.1,-1.09,-0.03,-0.02,-32.37,28.69,-18.11,8.4,35.98,-38.97,8
-0.93,-0.16,0.04,-0.84,-0.08,-0.07,-5.46,-2.05,-3.18,29.96,22.45,-45.22,8
-0.86,-0.21,-0.06,-0.79,-0.14,-0.04,4.56,-3.4,1.16,66.23,6.58,-31.92,8
-0.9,-0.22,-0.02,-0.81,0.13,-0.16,9.63,5.34,6.4,120.05,-20.85,8.39,8
-0.94,-0.18,0.07,-0.88,0.37,-0.25,12.05,4.63,11.21,37.18,-21.56,17.18,8
-0.8,-0.29,-0.03,-0.87,-0.14,0.16,37.34,-0.27,17.7,172.16,-39.25,80.55,8
-0.76,-0.31,0.03,-0.69,0.25,0.14,60.73,-0.13,15.82,132.29,-37.2,86.82,8
-0.98,-0.28,0.02,-1.02,-0.09,0.03,61.33,-16.47,9.5,29.37,-11.22,47.3,8
-1.13,-0.17,0.01,-1.26,0,0.14,73.11,21.48,2.98,27.82,-7.18,21.42,8
-1.27,0.45,0.06,-1.33,0.02,-0.33,38.9,-17.6,-27.47,91.37,-8.85,42.41,8
-1.45,0.99,-0.21,-1.44,0.46,-0.24,64.18,55.84,-4.82,59.15,-15.05,11.69,8
-1.47,0.56,0.32,-1.12,0.72,-0.68,48.2,-16.21,11.88,97.03,-34.6,-18.46,8
-1.21,0.22,-0.13,-0.98,0.6,-0.66,20.31,-0.81,2.11,131.11,-16.15,-36.33,8
-0.61,0.43,0.05,-0.57,0.53,-0.2,5.92,8.77,5.18,69.9,20.74,-6.86,8
-0.68,0.43,0.02,-0.59,0.52,-0.24,11.82,-2.96,6.84,-8.02,37.05,-5.78,8
-0.91,0.26,0.01,-0.66,0.48,-0.52,-6.44,-24.87,-2.79,-101.66,51,-28.03,8
-0.95,0.21,0.06,-0.89,0.41,-0.26,-2.64,-28.25,-15,-153.47,57.91,-63.34,8
-1.08,-0.17,-0.02,-1.59,-0.42,0.06,-35.91,-27.31,-57.59,-5.54,-4.43,-45.65,8
-0.96,0.18,-0.06,-1,0.13,0.03,-64.68,28.18,-45.32,21.33,-31.25,-11.01,8
-0.93,0.13,0.43,-0.49,0.28,-0.08,5.31,-9.34,2.8,-100.62,-21.2,20.21,8
-0.83,0,0,-0.76,0.11,-0.2,-0.09,-17.73,16.25,-99.5,-0.5,38.05,8
-1,0.16,0.15,-0.86,0.19,-0.23,-8.22,4.73,24.57,44.95,-28.7,-7.69,8
-0.98,0.04,0.08,-0.87,0.35,-0.3,-9.04,5.56,28.56,124.85,-40.97,-5.56,8
-0.96,0.05,0.13,-0.78,0.33,-0.32,-6.37,12.93,33.53,155.63,-33.8,20.23,8
-0.81,0.18,0,-0.79,0.37,-0.26,-0.46,21.4,49.52,138.99,-8.99,56.51,8
-0.9,0.25,-0.06,-0.9,0.46,-0.29,35.34,54.76,53.66,-33.59,24,44.73,8
-0.97,0.21,-0.06,-0.96,0.42,-0.37,50.35,59.45,40.9,-89.76,29.52,27.79,8
-1.25,0.17,0.09,-1.11,0.33,-0.47,45.31,13.75,10.85,-106.53,24.18,8.22,8
-1.34,0.44,-0.1,-1.58,-0.39,0,10.37,6.53,-11.34,32.21,-7.28,8.22,8
-1.06,0.48,-0.07,-1.12,0.58,-0.28,-13.6,-20.31,-12.56,144.16,-12.4,34.4,8
-0.87,0.5,-0.03,-0.91,0.55,-0.19,-3.29,-14.18,-13.18,40.91,12.85,19.34,8
-0.69,0.39,-0.11,-0.73,0.47,-0.26,-26.75,-18.47,-19.98,-98.01,18.25,-35.32,8
-0.66,0.36,-0.15,-0.67,0.37,-0.24,-33.76,-2.97,-31.5,-73.92,-2.05,-59.56,8
-0.79,0.45,-0.05,-0.62,0.47,-0.36,-44.05,18.37,-27.96,-53.22,-3.24,-75.81,8
-0.9,0.43,0.01,-0.74,0.43,-0.43,-52.07,6.53,-25.1,-88.1,5.43,-86.08,8
-1.08,0.44,-0.06,-1.04,0.35,-0.42,-77.03,0.82,-19.58,-56.54,2.85,-80.31,8
-1.68,0.08,0.14,-1.21,0.28,-0.45,-87.89,-25.3,-4.23,28.27,-3.75,-48,8
-1.34,-0.35,-0.19,-1.29,0.29,0.29,-66.43,29.7,1.98,79.01,44.2,52.16,8
-1.27,-0.23,0.26,-1.07,0.64,0.08,-22.61,-23.01,-2.89,-7.5,75.34,89.56,8
-0.9,-0.23,-0.06,-1.18,-0.6,0.56,21.12,-12.08,2.62,69.76,-22.36,5.92,8
-0.67,-0.17,0.03,-0.83,-0.05,0.05,4.94,-19.73,-6.57,38.79,-36.01,28.4,8
-0.7,-0.14,-0.02,-0.62,0.3,-0.27,2.24,-26.44,-15.91,-37.34,16.65,82.11,8
-0.83,-0.2,-0.04,-0.74,0.17,-0.12,2.32,-12.16,-11,-61.05,21.08,59.83,8
-1.12,-0.22,0.09,-0.91,0.17,-0.13,10.24,-0.47,-7.27,-110.21,31.16,5.4,8
-1.11,0.09,0.1,-1.1,0.04,-0.11,22.45,-0.83,3.49,-139.24,37.63,-48.31,8
-1,0.04,0.21,-1.05,0.14,-0.17,45.27,-11.07,16.21,-53.69,13.07,-14.95,8
-0.95,0.02,0.04,-1.01,0.06,-0.16,30.74,-4.06,13.44,-16.88,-4.19,-0.68,8
-0.97,0,0.16,-0.97,0.12,-0.18,10.52,15.77,8.27,31.61,-14.77,12.02,8
-0.99,-0.05,0.14,-1.01,0.09,-0.18,18.76,-2.82,-4.03,64.78,-19.06,5.95,8
-1.06,0.02,0.14,-1.06,0.21,-0.09,7.41,6.33,-17.27,64.56,-6.64,-8.02,8
-1.04,0.05,0.1,-1.06,0.23,-0.05,1.57,0.92,-12.68,39.89,-1.04,-15.93,8
-1.01,0.01,0.07,-0.99,0.27,0.01,10.43,12.21,-7.07,7.4,-11.46,-34.39,8
-0.97,-0.05,0.14,-0.94,0.16,-0.04,12.84,5.82,-6.79,8.68,-19.95,-33.18,8
-0.83,-0.11,0,-0.75,0.19,-0.1,23.2,8.3,-7.45,42.76,-28.08,1.62,8
-1.12,-0.24,0.11,-0.9,0.13,-0.13,22.6,-2.4,-11.21,6.27,-19.66,-6.02,8
-1.17,-0.12,0.14,-1.26,-0.18,0.06,11.11,-9.16,-15.78,90.69,-33.32,1.96,8
-0.93,-0.13,0.07,-0.89,0.27,0.08,11.02,-2.79,-5.34,106.29,-30.24,23.51,8
-0.62,-0.25,-0.03,-0.67,0.17,0.21,24.35,6.71,13.12,-20.97,-14.04,29.95,8
-0.6,-0.22,-0.03,-0.63,0.25,0.07,30.28,18.15,18.47,-49.44,-10.31,30.66,8
-0.68,-0.1,0.09,-0.71,0.19,0.01,23.78,28.88,23.49,-87.89,-1.62,29.44,8
-1.58,-0.52,0.05,-1.04,0.27,-0.24,32.72,7.45,17.38,-86.45,27.1,21.07,8
-1.18,-0.1,0.07,-1.5,-0.14,0.64,56.44,-33.55,-10.8,190.45,-40.08,31.66,8
-1.76,0.4,-0.1,-1.6,-0.01,0.15,55.44,-49.03,-25.56,135.92,-3.92,6.27,8
-1.31,0.64,-0.06,-1.55,0.79,-0.31,89.95,37.87,13.45,30.76,3.68,-11.23,8
-0.98,0.38,0.15,-0.77,0.38,-0.73,25.33,-17.2,2.81,24.1,-8.57,-7.43,8
-0.69,0.33,-0.05,-0.49,0.42,-0.13,22.81,41.42,18.28,78.78,-16.47,7.12,8
-0.79,0.17,0.14,-0.45,0.48,-0.21,21.41,-24.55,10.05,43.44,-8.11,5.59,8
-0.85,0.26,-0.23,-0.74,0.4,-0.37,10.28,-23.77,-3.6,-23.19,5,-20.22,8
-1.06,0.49,0.01,-1.02,0.36,-0.36,14.51,19.6,9.28,-13.73,-0.41,-34.01,8
-0.97,0.12,0.01,-0.96,0.37,-0.2,-6.22,-10.19,17.53,48.85,6.14,9.47,8
-0.92,0.13,-0.02,-0.93,0.37,-0.18,3.4,-7.14,8.78,12.74,11.4,10.96,8
-1.16,-0.05,-0.04,-1.08,0.34,-0.25,2.14,-20.56,-13.61,-8.26,18.24,4.56,8
-1.03,0.42,-0.06,-1.01,0.28,-0.09,-19.19,24.88,-14.74,-9.95,17.18,0.54,8
-0.9,0.25,0.02,-0.83,0.35,-0.06,-49.89,-35.87,9.66,-44.3,27.63,-6.09,8
-0.96,0.17,-0.08,-0.93,0.34,-0.12,-46.99,-9.02,4.1,-79.99,25.47,-36.4,8
-0.98,0.26,-0.02,-1.12,0.27,-0.17,-55.35,11.68,8.35,-64.59,15.9,-47.21,8
-0.99,0.19,0.01,-1.16,0.29,-0.18,-36.82,17.78,6.97,-8.91,3.12,-15.53,8
-1.11,0.17,0.09,-1.1,0.27,-0.31,-15.8,42.73,-7.6,-28.42,-9.47,34.56,8
-0.95,0.34,-0.06,-0.98,0.23,-0.28,-26.86,33.26,-6.87,-24.33,-14.45,45.37,8
-0.97,0.41,0.06,-0.79,0.24,-0.27,-26.32,28.45,1.47,3.38,-17.34,49.22,8
-0.96,0.31,-0.05,-0.75,0.31,-0.31,-35.18,0.07,-2.15,7.06,-17.08,23.73,8
-0.81,0.32,-0.17,-0.7,0.38,-0.4,-18.15,7.69,-15.02,-17.14,-4.96,-45.09,8
-0.79,0.34,-0.17,-0.71,0.42,-0.35,-10.73,23.18,-16.11,-51.95,4.77,-70.61,8
-0.87,0.49,-0.04,-0.8,0.44,-0.48,-16.7,30.27,-11.98,-62.68,15.63,-70.28,8
-0.8,0.47,-0.05,-0.86,0.43,-0.49,-35.69,10.38,-7.98,-61.22,21.52,-42.13,8
-0.93,0.63,-0.02,-1.04,0.34,-0.16,-75.58,-1.62,3.17,-81.44,20.15,46.85,8
-1.18,0.43,-0.07,-0.92,0.04,-0.39,-81.74,-22.81,9.63,-23.3,19.68,55.91,8
-1.54,-0.35,-0.07,-1.05,0.05,-0.43,-86.11,-73.48,1.25,110.73,1.1,17.02,8
-1.16,-0.29,-1.07,-1.22,0.58,-0.41,-31.35,39.5,13.07,-0.31,28.9,-30.3,8
-1.52,-0.57,-0.12,-2,-0.86,0.63,54.22,-38.23,8.94,-16.55,-20.2,-26.2,8
-1.1,-0.71,-0.41,-1.38,0.05,-0.04,51.57,20.53,-22.6,79.11,-78.3,25.33,8
-0.71,-0.17,0.03,-0.75,-0.11,0.09,45.63,22.03,-51.39,-22.53,-34.7,33.12,8
-0.5,0.18,0.01,-0.43,-0.33,0.12,42.54,-17.01,-31.68,29.98,-17.55,20.98,8
-0.93,-0.1,-0.04,-0.47,0.07,-0.2,2.09,-43.69,-1.02,78.08,-43.87,-26.63,8
-1.14,-0.16,-0.04,-0.82,0.26,-0.2,-5.59,-37.93,3.74,62.5,-24.77,-45.66,8
-1.19,0.03,-0.01,-1.08,0.38,-0.15,-11.9,-13.19,12.73,18.4,15.45,-67.61,8
-1,0.21,0.02,-1.14,0.33,-0.09,-4.99,-0.98,27.02,-39.79,37.52,-67.18,8
-0.94,-0.23,-0.03,-0.96,0.25,-0.07,-21.7,-16.35,5.63,-116.67,43.32,-29.96,8
-0.94,-0.26,-0.12,-1.05,0.09,-0.03,-16.76,0.95,-17.1,-116.08,35.46,-11.95,8
-1,-0.06,0.04,-1.14,-0.11,0.07,0.03,7.97,-24.37,-39.09,7.5,33.22,8
-1.05,-0.03,0.1,-1.06,-0.13,0.04,5.98,2.44,-15.66,31.19,-10.07,74.69,8
-1.04,-0.01,0.06,-1.09,0.07,0.03,11.45,9.78,-11.67,24.37,-33.69,50.81,8
-1.02,-0.04,0.07,-0.93,-0.09,-0.04,4.89,3.28,-4.86,17.36,-35.81,27.66,8
-0.98,-0.11,0.07,-0.93,0,-0.02,4.66,3.12,-2.95,1.02,-31.93,-4.18,8
-0.96,-0.15,0.02,-0.84,-0.1,-0.06,4.24,-9.16,0.6,-2.89,-19.49,-28.14,8
-0.95,-0.19,0.02,-0.87,0.03,-0.07,1.9,-1.24,8.85,49.82,-8.14,-17.25,8
-0.95,-0.2,0.01,-0.9,0.07,-0.05,3.45,-6.3,11.02,56.28,-3.42,-7.57,8
-0.91,-0.25,-0.03,-0.88,0.08,0.02,11.08,-5.47,13.89,73.35,-2.42,6.73,8
-0.92,-0.26,-0.04,-0.89,0.08,0.07,16.36,-5.51,13.64,51.31,-1.27,11.64,8
-0.92,-0.32,0.02,-0.89,0.14,0.05,34.33,-7.04,9.56,11.02,8.96,26.8,8
-1,-0.35,0,-0.95,0.14,0.08,49.17,-14.89,3.64,-9.31,13.2,25.47,8
-1.09,-0.23,-0.01,-1.17,0.09,0.07,52.29,-8.68,-8.01,-15.77,12.02,22.86,8
-1.4,0.07,0.05,-1.1,0.1,-0.08,49.33,-13.82,-34.36,28.37,2.17,2.98,8
-1.27,0.29,0.2,-1.55,0.48,-0.45,59.25,-8.79,3.12,67.5,-21.35,-34.29,8
-1.03,0.31,-0.1,-0.93,0.44,-0.58,32.48,2.8,-5.88,51.79,-24.81,-11.24,8
-0.7,0.44,0.01,-0.65,0.2,-0.28,8.2,49.52,12.24,33.43,-1.55,42.63,8
-0.72,0.19,0.14,-0.52,0.35,-0.26,14.22,-14.63,20.26,9.71,9.4,55.67,8
-1.01,0.38,-0.01,-0.78,0.34,-0.5,10.76,1.6,10.11,-5.27,9.1,11.98,8
-0.99,0.45,0.15,-0.86,0.29,-0.46,6.53,11.8,15.73,29.5,1.81,-17.2,8
-0.94,0.32,0.03,-0.88,0.32,-0.52,-15.52,-11.4,6.61,82.08,-0.73,-32.5,8
-1.06,0.03,0.07,-1,0.48,-0.54,-18.46,-29.07,-15.27,32.73,15.8,-34.69,8
-1.08,0.05,-0.19,-1.46,-0.29,0.38,-15.24,24.84,-23.86,-27.04,43.34,38.53,8
-1,0.3,0.19,-1.32,-0.38,0.25,-7.34,27.52,-4.11,131.38,-0.48,61.46,8
-0.83,0.19,0.05,-0.7,0.47,-0.06,-13.66,-8.8,15.63,-136.01,19.37,5.37,8
-0.95,0.14,0.1,-0.65,0.32,-0.2,-16.73,-10.8,21.4,-176.07,33.11,-18.79,8
-0.99,0.18,0.1,-0.97,0.3,-0.24,-15.74,10.05,35.18,-42.34,-10.57,-59.65,8
-0.97,0.17,0.23,-1.02,0.24,-0.31,-13.91,6.63,34.24,30.88,-28.78,-39.87,8
-0.96,0.23,0,-0.94,0.26,-0.31,-27.6,6.99,28.31,86.96,-23.67,8.89,8
-1,0.19,0.05,-1.09,0.3,-0.34,-5.19,14.91,25.37,61.74,-20.59,34.25,8
-0.97,0.34,0.1,-0.9,0.34,-0.35,6.28,20.62,21.73,10.48,-1.63,36.52,8
-1.02,0.32,0.09,-0.88,0.33,-0.36,13.56,10.25,17.21,15.92,1.91,27.96,8
-0.93,0.25,-0.03,-0.97,0.42,-0.38,31.16,15.14,6.34,-31.38,6.01,-11.65,8
-0.91,0.41,0.04,-0.92,0.34,-0.39,31.81,20.62,-12.27,-30.53,5.15,-13.88,8
-0.89,0.57,0,-0.86,0.35,-0.4,1.56,8.33,-13.15,-5.42,3.79,30.69,8
-0.9,0.49,0,-0.87,0.41,-0.38,-8.4,-0.85,-14.31,-16.5,1.18,29.47,8
-0.94,0.51,-0.02,-0.78,0.45,-0.38,-21.91,-1.45,-22.54,-49.23,2.25,3.3,8
-0.93,0.45,0.02,-0.78,0.5,-0.31,-14.08,-14.59,-22.83,-96.99,4.29,-32.44,8
-1.04,0.23,-0.02,-1.12,0.23,-0.4,-33.85,-25.64,-34.32,-91.02,-30.47,-45.47,8
-1.54,0.04,0.06,-1.22,0.17,-0.54,-65.98,-25.92,-27.55,0.89,-28.38,-15.31,8
-1.35,-0.39,-0.17,-1.42,0.48,-0.28,-36.95,24.01,-9.96,-4.45,39.71,21.47,8
-1.32,-0.18,0.29,-1.7,-0.73,0.96,-36.66,5.52,-7.97,-114.32,36.47,7.05,8
-0.67,-0.05,0.14,-0.58,0.17,0.3,-29.47,-3.07,6.87,70.34,-21.4,17.95,8
-0.66,-0.14,0.14,-0.46,0.33,0.08,-42.87,-40.78,-0.53,79.86,-20.23,9.15,8
-0.84,-0.23,-0.09,-0.53,0.39,-0.18,-57.89,-63.15,-19.9,-25.92,4.66,-44.69,8
-0.98,-0.26,0.04,-0.84,0.43,-0.31,-34.86,-18.34,-17.13,-87.79,-3.63,-90.39,8
-0.89,-0.29,0.1,-0.92,0.42,0.06,14.18,-26.45,-3.66,-76.85,7.81,12.99,8
-0.89,-0.1,0.01,-1.02,0.14,-0.01,31.02,-20.63,5.7,-68.15,9.74,71.15,8
-1.05,0.13,-0.09,-0.89,0.15,-0.28,57.18,11.34,32.88,-32.24,14.33,102.82,8
-1.25,0.18,0.4,-1.22,0,-0.14,61.24,18.56,19.49,-14.65,-1.33,56.85,8
-0.83,0.09,0.14,-0.82,0.15,-0.21,2.21,-31.35,7.09,106.32,-24.13,25.21,8
-0.87,0.07,0.12,-0.94,0.19,-0.17,-18.13,-10.46,-1.66,109.81,-4.21,24.02,8
-1.09,-0.01,0.25,-1.17,0.26,0,-5.08,-3.83,-13.56,74.53,12.29,-4.37,8
-1.02,-0.02,0.19,-1.13,0.54,0.18,-0.79,-1.18,-16.68,80.37,-9.28,0.67,8
-0.96,0,0.16,-1,0.42,0.08,0.92,9.18,-16.85,-80.76,-5.78,-17.5,8
-1.03,-0.02,0.23,-0.99,0.32,0,8.23,14.76,-13.47,-137.18,-12.66,-41.4,8
-1.04,-0.07,0.26,-0.97,0.15,-0.09,11.38,5.76,-15.98,-119.32,-21.89,-58.69,8
-0.88,-0.04,0.18,-1.03,0.05,-0.07,5.62,-0.02,-23.54,-47.98,-26.88,-52.89,8
-0.92,-0.22,0.16,-0.8,0.08,-0.09,2.66,18.91,-17,14.37,-20.98,-19.87,8
-0.88,-0.23,0.09,-0.74,0.17,-0.07,5.31,14.86,-9.19,10.08,-6.59,-5.53,8
-0.85,-0.17,0.14,-0.68,-0.03,-0.02,1.25,11.15,0.58,21.7,-0.38,4.92,8
-0.88,-0.36,0.03,-0.84,0.11,0.05,3.11,9.63,12.47,73.92,0.32,19.73,8
-1.03,-0.24,0.12,-0.86,0.06,0.06,23.6,12.45,20.27,123.53,14.41,51.56,8
-1.16,-0.33,0.1,-0.99,0.26,0.25,30.28,-0.6,24.39,104.66,16.2,44.25,8
-1.18,-0.47,0.11,-1.17,0.24,0.38,52.71,-13.76,14.38,202.02,-11.2,62.04,8
-0.98,-0.18,0,-1.16,0.49,0.22,91.83,-17.08,-0.11,112.13,-16.57,35.44,8
-1.37,0.69,0.25,-1.8,1.5,-0.72,109.59,9,-13.76,130.94,-66.15,78.31,8
-1.03,0.29,-0.02,-0.84,1.02,-1.13,90.4,-12.5,-13.18,18.71,-44.98,54.53,8
-0.91,0.53,0.18,-0.65,0.4,-0.49,45.03,35.95,-16.32,-25.9,-14.61,67.88,8
-0.77,0.43,0.14,-0.34,0.37,-0.42,10.27,9.02,7.98,-57.75,1.77,34.78,8
-0.94,0.32,0.14,-0.66,0.44,-0.39,-5.87,-19.27,7.71,-134.11,125.63,-34.23,8
-0.93,0.23,0.06,-0.72,0.31,-0.25,-13.61,-16.48,3.69,-112.06,119.66,-56.12,8
-0.92,0.24,0.11,-1.11,0.52,0.5,-12.07,-2.2,5.12,185.6,-24.5,-1.21,8
-1.05,0.09,0.22,-0.76,0.81,-0.28,-4.37,-15.93,5.47,117.27,-100.28,-9.13,8
-1.16,-0.29,0.12,-1.11,0.84,-0.68,1.22,-15.87,-19.31,84.11,-19.61,-8.91,8
-0.93,-0.02,0.1,-1.1,0.82,-0.27,16.85,-0.02,-28.12,36.63,4.45,8.73,8
-0.73,0.44,0.16,-0.65,0.45,-0.08,40.09,23.04,8.02,-124.09,44.67,10.18,8
-0.79,0.17,0.08,-0.68,0.26,0.01,15.22,5.33,19.33,-166.04,45.76,-15.15,8
-1.04,0.33,0.21,-0.82,0.51,-0.19,-4.18,10.26,32.1,-81.25,-4.56,-61.88,8
-0.93,0.26,0.11,-0.85,0.59,-0.36,-7.89,21.06,40.1,-52.53,-7.85,-63.09,8
-0.95,0.19,0.12,-0.71,0.81,-0.53,-16.36,17.01,34.18,-32.21,25.98,-22.95,8
-1.08,0.15,0.09,-0.91,0.7,-0.56,-28.95,10.79,22.48,-68.38,60.42,-2.48,8
-0.94,0.41,0.03,-1.09,0.29,-0.06,-16.12,49.37,31.21,-45.25,52.14,14.34,8
-0.98,0.43,0.06,-0.98,0.25,-0.1,-21.27,45.83,29.18,-7.71,31.6,15.5,8
-0.99,0.41,0.06,-0.85,0.46,-0.22,-35.98,20.53,18.17,-20.87,19.51,3.41,8
-0.92,0.38,-0.05,-0.91,0.43,-0.25,-38.55,16.76,4.05,-57.4,18.6,-30.29,8
-0.89,0.41,-0.08,-0.91,0.54,-0.34,-23.84,22.03,-17.07,-44.73,2.63,-36.13,8
-0.86,0.47,-0.1,-0.79,0.64,-0.44,-17.97,22.58,-20.29,-51.01,1.93,-27.06,8
-0.85,0.51,-0.04,-0.62,0.52,-0.6,-24.47,18.89,-23.85,-61.37,16.23,-24.33,8
-0.92,0.54,-0.11,-0.68,0.29,-0.4,-30.33,-0.49,-33.98,-49.37,40.34,-48.51,8
-0.88,0.49,-0.06,-0.93,0.57,-0.25,-66.62,-15.89,-29.19,-41.34,-14.79,-124.79,8
-0.97,0.25,-0.03,-0.79,0.5,-0.54,-79.95,-19.91,-22.37,-41.24,-9.94,-108.92,8
-1.4,-0.25,-0.16,-1.14,0.41,-0.62,-119.88,-57.97,-19.79,-45.27,19.69,-58.43,8
-1.74,-0.33,0.07,-1.66,-0.46,-0.44,-64.02,38.63,5.47,-140.97,48.47,-12.84,8
-1.09,-0.25,-0.04,-1.29,0.11,0.32,-32.54,-17.28,-5.36,175.39,-12.86,98.69,8
-0.77,-0.21,-0.06,-0.94,0.22,0.39,-14.73,5.62,-5.05,116.86,-7.58,92.65,8
-0.47,-0.01,0.04,-0.52,0.17,0.1,-16.66,9.96,-8.63,10.78,-8.07,63.31,8
-0.48,0.06,0.11,-0.44,0.04,-0.08,-36.35,-12.95,-14.9,-93.52,-21.18,9.01,8
-1.25,-0.56,-0.01,-0.99,0.51,-0.4,-71.17,17.06,-16.15,-162.24,19.78,-63.3,8
-1.38,-0.26,0.19,-1.13,0.53,-0.19,-67.34,18.96,-13.02,-229.11,48.89,-69.39,8
-1.21,0.17,0.01,-1.22,0.18,-0.12,-4.56,-9.63,23.96,-220.05,40.16,5.18,8
-0.79,0.05,0.17,-0.96,-0.22,-0.2,12.76,-8.63,35.66,-157.28,-4.74,24.64,8
-0.99,-0.12,0.01,-0.75,-0.14,-0.38,0.24,-17.12,-0.31,14.98,-13.04,-12.35,8
-1.09,0.1,0.11,-0.99,0.14,-0.38,-24.81,-10.18,-8.61,99.76,-8.84,-9.59,8
-1.11,0.08,0.2,-1.12,0.37,-0.26,-6.94,-9.48,7.89,98.15,2.29,-1.43,8
-0.97,-0.07,0.14,-1.14,0.03,-0.06,13.51,-16.6,6.38,49.65,12.22,6.38,8
-0.94,-0.02,0.12,-1.02,0.24,-0.09,18.31,5.47,-4.56,-15.76,0.59,-17.63,8
-1.01,-0.02,0.1,-0.96,0.23,-0.14,15.79,7.02,-4.05,-48.94,3.46,-29.76,8
-1.04,-0.03,0.05,-1.04,0.11,-0.18,18.78,19.17,-4.64,-30.89,3.53,-37.22,8
-0.97,0.02,0.11,-0.96,-0.01,-0.24,17.53,20.33,-6.53,-54.13,-0.1,-51.85,8
-0.97,-0.13,0.05,-0.87,-0.29,-0.29,24.18,4.79,-8.98,3.75,13.56,-43.8,8
-0.99,-0.08,0.1,-0.7,-0.06,-0.3,25.62,3.92,-5.6,54.51,8.15,-18.57,8
-1.01,-0.06,0.05,-1,-0.02,-0.4,29.46,-0.6,3.87,148.27,6.23,22.92,8
-0.95,-0.15,0.02,-0.87,0.13,-0.22,29.38,4.58,7.63,250.13,-7.77,54.66,8
-0.89,-0.26,-0.07,-0.82,0.27,0.06,32.93,-8.32,10.85,193.72,-2.2,59.11,8
-0.96,-0.28,0.03,-0.95,0.3,0.23,34.87,-3.85,4.67,142.08,1.3,65.31,8
-0.99,-0.26,0.05,-0.99,0.23,0.35,38.77,-27.91,-1.93,43.63,-9.34,57.26,8
-0.98,-0.35,0.06,-1.14,-0.01,0.2,57.61,-29.24,-15.35,-23.37,-23.4,34.52,8
-1.53,0.95,0.14,-1.59,0.13,-0.5,80.63,24.41,-22.4,60.83,-26.15,35.18,8
-1.25,0.58,0.42,-1.35,0.77,-0.61,81.21,7.47,22.09,53.13,-31.05,42.76,8
-1.12,0.28,0.14,-0.83,0.38,-0.62,37.91,-14.4,-8.4,132.29,-20.05,45.77,8
-0.84,0.54,0.13,-0.67,0.41,-0.36,14.74,9.96,-0.69,63.51,-1.45,11.69,8
-0.67,0.3,0.03,-0.57,0.36,-0.3,2.67,-15.73,9.88,-12.08,31.86,-34.52,8
-0.95,0.34,-0.03,-0.78,0.43,-0.27,-5.82,6.48,3.72,-34.15,35.18,-63.3,8
-1.11,0.34,0.28,-1.12,0.53,-0.3,-28.89,17.11,4.43,-59.55,26.24,-90.6,8
-0.87,0.28,0.14,-0.96,0.42,-0.16,-23.63,5.52,0.17,-66.25,11.75,-59.79,8
-1.13,-0.04,0.08,-1.18,0.25,-0.32,-16.57,-25.38,-24.17,-51.11,-2.42,12.89,8
-1.1,-0.03,0,-1.19,0.17,-0.21,-37.37,13.83,-28.3,-15.27,-15.58,20.44,8
-1.1,0.22,0.22,-1.01,0.3,-0.1,-49.85,32.38,-23.02,-7.76,-10.71,40.56,8
-0.86,0.25,0.08,-0.76,0.21,-0.05,-35.47,7.63,4.28,-86.6,2.32,37.69,8
-1.02,0.07,0.11,-0.8,0.14,-0.41,-34.5,-2.46,6.86,-129.37,10.24,-12.09,8
-1.11,0.17,0.16,-0.85,0.16,-0.43,-27.96,-4.38,12.69,-89.26,0.37,-30.72,8
-0.85,0.02,0.09,-0.94,0.21,-0.4,-21.37,8.53,16.18,50.73,-11.34,-8.93,8
-0.85,0.02,0,-0.95,0.26,-0.41,12.02,25.48,15.71,110.47,-9.76,32.87,8
-1.2,0.42,0.07,-1.02,0.38,-0.4,2.92,40.09,8.08,30.75,28.53,37.72,8
-1.11,0.34,0.03,-1.02,0.3,-0.29,-5.56,34.07,11.9,-10.29,36.17,7.26,8
-1.11,0.22,0.06,-0.94,0.27,-0.15,-39.24,13.81,-0.9,4.89,30.9,-20.95,8
-0.96,0.16,0.05,-0.86,0.38,-0.12,-45.08,15.47,-5.05,26.1,19.18,-30.37,8
-0.99,0.3,0.07,-0.88,0.42,-0.21,-28.73,-4.02,-17.73,-46.47,-9.71,-42.18,8
-0.95,0.28,0.11,-0.8,0.4,-0.32,-12.04,-11.65,-9.66,-62.02,-19.73,-42.27,8
-0.74,0.36,0.01,-0.76,0.28,-0.31,-3.21,-15.03,-8.92,-39.59,-34.97,-25.79,8
-0.74,0.38,-0.04,-0.78,0.28,-0.47,-4.87,-22.5,3.02,66.07,-47.81,11.3,8
-1.33,0.26,0.06,-1,0.5,-0.51,-13.16,13.05,8.92,104.74,-43.24,10.45,8
-1.8,-0.12,0.01,-1.17,0.45,-0.65,-38.13,-27.46,3.07,72.56,-22.51,2.33,8
-1.17,-0.33,-0.26,-0.99,0.6,-0.26,-20.04,-1.31,10.45,-45.31,41.25,-9.05,8
-1.15,-0.18,-0.06,-1.31,0.54,-0.19,-1.44,14.66,14.42,-214.34,111.18,59.82,8
-1.02,-0.21,0.11,-1.26,-1.42,0.78,-2.11,-12.6,8.7,-99.81,-37.8,-22.62,8
-0.82,-0.24,0.1,-0.7,-0.49,0.14,1.09,-34.89,-4.63,36.96,-61.33,-11.82,8
-0.76,-0.2,-0.07,-1.01,0.42,-0.05,7.84,-46.24,-18.11,150.95,-33.33,38.51,8
-0.85,-0.2,-0.04,-0.8,0.43,-0.39,12.47,-5.52,-20.32,20.92,9.12,28.3,8
-1.27,0.17,0.2,-0.87,0.17,-0.26,10.81,-7.46,5.61,-4.31,10.23,14.82,8
-1.02,0.4,-0.08,-1.02,0.3,-0.18,2.57,-17.18,19.18,1.4,11.62,-7.57,8
-0.86,-0.01,0.09,-0.9,0.4,-0.06,-9.32,-6.37,12.92,-16.08,17.85,-44.02,8
-1.06,-0.18,0.2,-0.96,0.37,-0.17,-8,-0.04,-10.27,-39.89,24.3,-58.74,8
-0.88,-0.06,0.06,-1.06,-0.02,0.03,-8.85,3.1,-13.45,-42.71,10.73,-15.4,8
-0.91,-0.13,0.02,-1.08,-0.01,0.01,11.78,17.9,-16.85,-5.78,-9.44,-17.44,8
-1.03,-0.02,0.03,-1.09,0.18,-0.01,-0.02,13.8,-38.02,-30.94,-15.26,-29,8
-1,-0.02,0.01,-1.03,0.1,0,12.63,19.08,-24.79,-35.26,-20.95,-30.3,8
-0.99,-0.2,-0.01,-0.91,0.13,-0.18,25.93,4.54,-22.3,58.08,-40.88,6.15,8
-0.93,-0.16,-0.05,-0.83,0.31,-0.25,29.6,0.76,-22.88,24.64,-30.77,-2.25,8
-1.07,-0.16,0.08,-0.84,0.15,-0.15,24.38,11.39,-10.53,-33.69,-9.36,-12.13,8
-1.02,-0.17,0.12,-0.85,-0.08,-0.12,23.04,-6.66,0.89,-8.75,-3.49,-11.14,8
-0.91,-0.19,0.05,-0.85,-0.11,0.06,12.57,-14.17,7.57,85.28,-5.85,-5.6,8
-0.85,-0.33,-0.04,-0.63,-0.49,-0.03,6.19,-21.67,11.75,161.78,4.27,-21.31,8
-0.74,-0.18,0.04,-0.9,0.06,0.38,0.95,-7.56,27.79,154.45,-2.78,-33.31,8
-1.01,-0.29,0.14,-0.95,0.18,-0.01,17.35,-6.3,41.19,57.48,15.46,-41.18,8
-1.21,-0.41,0.11,-1.26,0.27,-0.19,30.88,-19.69,24.31,-56.16,13.4,7.58,8
-0.97,-0.2,-0.05,-1.18,0.16,-0.14,53.82,0.17,14,-50.41,4.95,49.47,8
-1.34,0.38,0.02,-1.35,0.15,-0.28,63.02,23.52,9.92,29.74,10.09,103.34,8
-1.06,0.41,0.23,-0.96,0.34,-0.13,74.35,33.55,46.79,61.73,-25.63,96.74,8
-0.92,0.3,-0.24,-0.81,0.36,-0.52,-5.31,-11.31,15.91,169.69,-6.8,56.07,8
-1.06,0.43,-0.35,-0.91,0.48,-0.4,48.09,54.21,19.15,118.23,-5.68,0.01,8
-1.21,0.49,0.42,-0.85,0.5,-0.57,52.8,28.6,48.44,99.93,2.37,1.96,8
-0.81,0.29,-0.2,-0.86,0.37,-0.5,12.76,-32.05,35.91,86.27,24.89,20.77,8
-0.76,0.55,0,-0.79,0.38,-0.41,23.66,29.55,18.51,27.97,29.17,11,8
-1,0.4,0.09,-0.86,0.36,-0.43,13.01,0.15,14.11,17.61,26.32,-5.78,8
-1.15,0.15,-0.26,-1.24,0.36,-0.39,-3.86,9.85,-13.98,-5.02,6.05,-52.68,8
-1.17,0.41,-0.05,-1.13,0.3,-0.32,0.51,29.12,-18.31,93.25,-2.53,-22.39,8
-0.79,0.39,-0.13,-0.81,0.44,-0.21,-7.31,12.3,9.28,16.57,27.64,32.68,8
-0.8,0.45,-0.16,-0.84,0.22,-0.25,-21.8,8.12,10.78,-63.03,28.09,13.19,8
-0.97,0.47,-0.15,-0.77,0.11,-0.26,-35.44,10.27,16.88,15.73,1.6,20.4,8
-0.9,0.43,-0.02,-0.62,0.37,-0.64,-51.53,-2.56,27.03,250.13,-38.7,72.05,8
-1.04,0.38,-0.15,-0.86,0.59,-0.68,-44.61,-25.59,20.1,40.27,-10.18,41.3,8
-1.02,0.32,-0.17,-0.92,0.36,-0.78,-20.81,8.65,16.14,3.7,-11.73,19.44,8
-0.95,0.41,-0.03,-0.87,0.35,-0.7,-20.44,11.22,7.11,13.05,-1.82,5.31,8
-0.75,0.54,-0.07,-0.75,0.46,-0.58,-17.11,17.05,6.06,-64.47,35.77,-8.81,8
-0.93,0.52,-0.09,-0.84,0.25,-0.62,-20.92,19.7,-3.31,-103.46,78.12,-17.76,8
-0.93,0.62,-0.15,-0.91,0.25,-0.57,-28.57,26.76,-11.77,-95.48,59.45,-27.24,8
-0.91,0.66,-0.04,-0.83,0.34,-0.6,-27.89,15.64,-16.93,-100.37,29.05,-38.98,8
-0.84,0.53,-0.09,-0.79,0.31,-0.64,-17.39,5.08,-22.74,-111.56,12.95,-40.85,8
-0.82,0.48,-0.04,-0.69,0.47,-0.38,-7.63,0.52,-39.55,-82.89,-12.47,-46.99,8
-0.77,0.58,-0.1,-0.75,0.55,-0.32,-12.11,0.34,-42.01,-109.29,-26.78,-60.79,8
-0.88,0.57,-0.01,-0.82,0.46,-0.5,-10.76,-0.11,-35.74,-134.76,-50.79,-78.95,8
-0.93,0.56,0.06,-0.83,0.27,-0.65,-23.37,-9.66,-27.93,-98.46,-71.07,-68.01,8
-1.44,0.05,0.03,-1.15,0.27,-0.66,-54.45,-88.15,-23.71,29.11,-58.44,-28.63,8
-1.42,-0.19,-0.6,-1.16,0.42,-0.4,-60.61,-39.24,-14.95,-8.82,15.69,-49.8,8
-1.36,-0.1,-0.07,-1.29,0.47,-0.1,-38.16,44.5,-15.9,-167.44,82.04,-48.39,8
-1.13,0.09,0.3,-1.24,0.39,-0.2,-14.86,-10.43,4.55,-250.14,78.66,-28.09,8
-0.56,-0.15,-0.12,-0.72,-0.4,0.28,-19.21,-0.24,-10.31,13.03,-57.05,8.28,8
-0.55,0.01,0.06,-0.67,-0.09,0.19,-28.92,1.18,-21.92,64.75,-61.81,31.19,8
-0.79,0,0.08,-0.83,0.12,-0.03,-23.02,-23.6,-20.11,13.37,-25.38,14.32,8
-1.03,-0.25,-0.12,-0.94,0.07,-0.21,-29.06,-10.28,-23.09,-38.67,10.71,-21.4,8
-1.17,0.39,0.08,-1.17,0.19,0.03,-6.48,49.53,4.8,-2.42,6.29,-31.56,8
-0.96,0.07,0.3,-0.95,0.23,0.03,30.33,25.28,23.45,-29,-11.63,-34.34,8
-0.87,-0.13,-0.05,-0.78,0.14,-0.16,25.24,-33.51,8.66,-5.56,-21.7,-17.27,8
-1.02,0,0.06,-1.07,0.14,-0.21,-4.74,1.3,-12.66,41.82,-34.98,-2.29,8
-1.03,0.15,0.07,-0.92,0.29,-0.13,-6.08,13.08,-2.83,117.37,-21.25,43.56,8
-1,0.05,0.12,-0.88,0.29,-0.02,-0.73,7.44,0.12,99.71,-1.95,52.63,8
-0.94,-0.02,0.07,-0.87,0.32,-0.08,-2.63,-6.75,-6.79,5.8,20.37,24.52,8
-0.97,-0.04,0.01,-0.92,0.19,-0.06,-3.96,-4.14,-11.37,-113.15,35.95,-25.41,8
-1.08,-0.05,0.01,-1.08,-0.14,0.01,13.27,22.93,-3.81,-29.48,16.37,-26.52,8
-1.09,-0.09,0.05,-1.01,-0.18,-0.03,26.76,1.69,0.88,43.12,3.57,-6.06,8
-0.98,-0.11,-0.04,-0.94,-0.01,0,34.03,-8.86,3.2,77.05,-3.28,11.58,8
-0.96,-0.09,0.01,-0.88,-0.06,-0.15,30.34,-12.23,6.95,76.73,-0.71,2.8,8
-0.89,-0.07,-0.01,-0.91,0.13,0.04,25.54,1.44,11.03,0.79,-1.55,-37.36,8
-0.84,-0.13,0,-0.96,-0.05,0.28,26.11,2.11,10.84,2.54,-1.71,-42.96,8
-0.75,-0.25,-0.2,-0.94,0.02,0.15,15.77,11.8,-5.47,-25.73,4.33,-47.44,8
-1.11,-0.12,0.04,-1,0.1,0.16,16.82,24.98,-10.24,-0.18,3.03,-7.9,8
-1.09,-0.22,-0.12,-1.14,0.09,-0.17,52.44,-16.64,-10.17,-0.7,17.96,28.32,8
-1.24,0.12,-0.23,-1.24,0.26,-0.26,21.27,8.19,-33.79,38.43,23.48,48.38,8
-1.56,0.73,0.63,-1.42,0.36,-0.32,111.9,63.92,4.71,38.6,11.81,22.67,8
-1.06,0.29,-0.01,-0.98,0.23,-0.46,34.91,-36.16,3.91,44.98,-7.64,14.31,8
-0.99,0.33,0.2,-0.76,0.31,-0.25,43,44.1,5.82,91.08,-0.43,41.4,8
-0.9,0.33,0.14,-0.68,0.39,-0.25,27.7,-17.34,9.94,40.75,9.21,29.43,8
-0.86,0.33,-0.05,-0.76,0.21,-0.25,17.23,-9.67,13.63,0.66,12.55,5.62,8
-0.95,0.32,-0.03,-0.76,0.56,-0.33,-6.22,-11.89,9.63,30.4,10.89,6.36,8
-1.25,0.11,0.06,-0.91,0.4,-0.29,-24.5,-47.76,1.39,11.67,9.85,-23.34,8
-0.97,0.16,0.04,-1.28,0.41,-0.31,-40.47,-37.63,-7.27,32.12,5.11,-30.02,8
-1.01,0.01,-0.22,-0.96,0.33,-0.15,-36.6,26.91,-10.3,83.68,-7.14,14.15,8
-1.03,0.23,0.35,-0.92,0.5,-0.02,-18.8,1.76,1.95,-24.47,21.84,35.22,8
-0.92,0.1,-0.07,-0.92,0.21,-0.12,-16.85,8.94,9.17,-172.98,17.05,-15.53,8
-1,0.23,0.1,-0.88,0.09,-0.2,-15.11,6.36,11.91,-109.73,-6.82,-13.53,8
-1.01,0.22,0.1,-0.88,0.18,-0.35,-25.83,-0.56,19.38,44.37,-32.11,14.21,8
-0.92,0.13,0.01,-0.87,0.31,-0.28,-25.92,-4.11,18.92,89.93,-36.26,28.64,8
-0.97,0.13,0.03,-0.93,0.32,-0.35,1.12,-6.23,15.19,48.39,-24.47,26.98,8
-1.14,0.17,0.06,-1.1,0.36,-0.37,9.07,-4.67,6.07,28.79,-22.58,23,8
-1.08,0.3,0.06,-1.09,0.3,-0.36,8.51,6.27,0.97,38.26,-22.91,19.18,8
-0.95,0.32,0.03,-0.92,0.3,-0.24,0.81,5.87,-3.5,55.92,-10.18,22.17,8
-0.95,0.36,0.04,-0.82,0.37,-0.25,0.08,4.31,1.5,-12.66,18.74,-20.79,8
-0.94,0.28,0.08,-0.84,0.39,-0.25,-3.4,4.79,-3.29,-12.82,20.49,-32.56,8
-0.9,0.33,0,-0.91,0.5,-0.25,0.47,-1.45,-17.6,-12.79,6.53,-38.42,8
-0.96,0.45,0.14,-0.89,0.49,-0.29,6.34,0.08,-21.13,-25.25,-7.56,-33.54,8
-0.92,0.39,0.04,-0.84,0.43,-0.4,-12.44,-6.58,-22.17,79.63,-36.52,16.79,8
-0.97,0.36,0.08,-0.84,0.49,-0.35,-19.28,-7.73,-15.31,62.11,-37.06,30.79,8
-1.1,0.21,0.12,-0.94,0.47,-0.37,-20.98,-15.54,-5.21,26.73,-22.43,40.93,8
-1.44,-0.23,0,-1.15,0.48,-0.32,-46.04,-47.31,-3.79,-38.95,3.59,10.37,8
-1.16,-0.19,-0.02,-1.22,0.48,0.08,0.98,41.05,9.88,-224.76,80.08,-1.92,8
-1.03,0.12,0.14,-1.23,0.2,0.01,-0.82,15.01,16.02,-250.14,72.94,40.88,8
-0.86,-0.05,0.12,-1.02,-0.97,0.19,-2.13,-21.2,20.44,-250.14,-3.94,-33.15,8
-0.77,-0.24,0.05,-0.71,-0.61,0.1,-0.33,-34.31,0.38,-35.57,-43.08,-11.99,8
-0.9,-0.18,0.03,-1.02,0.03,0.01,30.27,-16.75,-25.05,198.31,-12.39,10.83,8
-1.01,-0.3,0.02,-1.13,0.19,-0.08,36.33,-10.18,-28.69,188.92,-23.74,8.08,8
-1.15,0.06,0.11,-1.05,0.3,-0.14,15.6,4.67,-31.56,105.14,-10.76,-6.66,8
-1.11,0.45,0.14,-1.08,0.35,0,26.57,41.24,8.56,18.99,5.97,-42.32,8
-0.88,-0.23,-0.04,-0.72,0.19,-0.03,17.91,-35.47,0.55,-16.54,9.72,-79.18,8
-0.93,-0.13,-0.09,-0.93,0.2,-0.09,-7.92,1.57,-13.56,19.19,6.83,-83.03,8
-1.08,0.12,0.13,-1.12,0.26,-0.1,-10.2,23.95,-12.85,71.11,4.56,-67.98,8
-1.03,0.11,0.16,-1.06,0.3,0.01,-19.43,6,-1.02,98.69,7.78,-17.54,8
-0.85,-0.08,-0.02,-0.82,0.41,-0.04,-20.6,9.58,-2.26,-87,29.59,11.37,8
-1.02,-0.11,-0.02,-0.94,0.24,-0.04,-21.93,15.77,-1.8,-134.12,27.24,13.35,8
-1.28,-0.1,0.13,-1.01,-0.25,-0.1,-12.17,15.98,1.89,-43.82,1.95,14.92,8
-1.06,-0.1,0.08,-1,-0.11,0.08,-7.39,-7,6.43,75.74,-21.45,28.84,8
-0.87,-0.18,-0.08,-0.8,0.08,-0.06,4.24,-12.3,21.02,14.01,1.99,24.76,8
-0.92,-0.12,-0.02,-0.88,-0.35,-0.02,6.38,-0.13,22.19,-80.53,13.23,-26.24,8
-0.95,-0.09,0.01,-0.98,-0.19,-0.02,6.09,-4.04,23.71,72.95,-5.36,-2.21,8
-0.98,-0.19,-0.01,-1,0.08,0.02,25.05,-6.5,24.23,87.98,-12.86,12.01,8
-1.06,-0.24,0.06,-1.04,0.23,-0.05,47.47,-25.34,1.01,-40.24,13.06,26.02,8
-0.98,-0.14,0.03,-1.11,0.12,-0.08,63.03,-25.97,-7.98,-47.24,5.31,35.18,8
-1.18,0.01,-0.17,-1.22,0.19,-0.15,80.51,-4.48,-25.02,3.72,-2.49,45.54,8
-1.3,0.67,0.12,-1.54,0.04,-0.13,98.31,87.45,-21.27,96.08,-31.32,44.6,8
-1.07,0.3,-0.11,-0.91,0.34,-0.47,55.5,-18.7,-14.19,128.88,-41.09,43.67,8
-1.05,0.25,0,-0.78,0.37,-0.42,44.33,27.37,-17.88,106.38,-34.56,16.68,8
-0.94,0.41,0.17,-0.67,0.44,-0.34,42.97,1.46,-4.49,78.46,-21.43,-14.77,8
-0.77,0.45,0.03,-0.6,0.4,-0.3,28.8,-12.66,13.11,47.8,-6.89,-26.97,8
-0.91,0.26,0.06,-0.78,0.59,-0.38,13.67,-11.39,12.92,25.08,3.81,-35.11,8
-0.94,0.25,0.02,-0.82,0.46,-0.36,13.31,-18.89,7.82,28.95,1.09,-41.41,8
-1.17,0.19,0.1,-1.05,0.53,-0.46,4.05,-22.73,-8.91,4.53,6.95,-40.62,8
-1.06,0.16,0,-1.08,0.53,-0.39,-17.07,-17.43,-15.53,-10.5,20.94,-28.54,8
-0.95,0.27,0.23,-0.96,0.41,-0.02,-18.09,11.2,-7.51,-99.35,56.96,27.71,8
-0.94,0.2,0.04,-0.92,0.37,-0.14,-24.68,-0.09,6.34,-177.55,61.59,23.47,8
-0.91,0.15,0.04,-1.01,-0.23,0.09,-19.56,14.69,12.6,-145.02,10.56,-25.34,8
-0.97,0.21,0.09,-0.88,0.13,-0.19,-22.18,15.66,22.37,-70.1,-7.2,-18.98,8
-0.96,0.27,0.04,-0.83,0.28,-0.52,-11.79,39.3,39.1,131.29,-3.11,36.4,8
-1.1,0.21,0.05,-0.94,0.33,-0.5,-0.57,34.81,32.84,140.61,-0.08,29.07,8
-1.08,0.31,0.01,-1,0.53,-0.52,-17.56,34.85,14.64,57.6,0.38,-0.22,8
-1.01,0.44,0.02,-0.94,0.39,-0.5,-25.28,15.24,2.08,-26.53,15.43,-15.27,8
-0.93,0.4,-0.03,-0.95,0.52,-0.31,-36.02,9.76,-12.01,-112.57,17.95,-33.95,8
-0.92,0.37,-0.07,-0.88,0.45,-0.35,-30.92,-1,-20.39,-134.67,16.48,-42.77,8
-0.92,0.41,-0.04,-0.78,0.25,-0.42,-23.15,-5.51,-27.49,-147.5,13.44,-52.66,8
-0.87,0.46,0,-0.87,0.32,-0.28,-32.1,-12.72,-23.37,-78.36,-17.76,-36.21,8
-0.89,0.45,0.02,-0.89,0.32,-0.3,-47.67,-9.27,-19.8,27.17,-32.2,-9.56,8
-1.05,0.45,0.09,-0.89,0.48,-0.53,-59.18,-13.56,-19.71,22.68,-27.75,-13.17,8
-1.51,-0.08,0.17,-1.08,0.72,-0.87,-60.46,-70.43,-14.37,-199.73,12.66,-75,8
-1.25,-0.55,-0.62,-1.27,0.15,-0.38,-47.94,17.78,-9.21,-173.08,53.29,-27.48,8
-1.04,-0.09,0.05,-0.73,-0.45,0.11,-9.5,9.93,-3.94,42.68,-66.34,26.55,8
-0.77,-0.2,0.07,-1.06,-0.18,0.13,17.84,-3.49,3.73,-18.55,-41.63,31.71,8
-0.66,-0.24,0.04,-0.64,-0.11,-0.27,0.4,-13.86,-8.92,45.23,-41.57,38.05,8
-0.88,-0.09,0.06,-0.63,0.34,-0.27,-22.51,-16.08,-22.84,60.31,-13.19,28.02,8
-1.02,-0.23,0.07,-0.66,0.39,-0.24,-32.62,8.73,13.69,-51.41,31.61,8.2,8
-1.1,-0.25,0.13,-0.87,0.34,-0.16,-11.74,-6.43,16.38,-105.8,59.24,14.04,8
-1.12,0.02,-0.01,-1.07,0.24,-0.22,-2.53,-16.45,19.04,-146.4,51.87,29.53,8
-0.98,0.26,0.2,-1.28,-0.61,0.11,50.98,1.74,37.03,-60.15,-8.25,-15.04,8
-0.85,-0.11,-0.21,-0.98,-0.08,-0.33,15.45,-15.02,6.94,69.18,-20.94,12.24,8
-1.02,-0.02,0.08,-1.17,0.03,-0.28,13.44,24.52,-10.08,98.05,-10.26,27.16,8
-1.11,0.07,0.17,-1.12,0.14,-0.22,22.75,0.74,-15.31,76.14,-4.24,5.98,8
-1,0,0.08,-1.02,0.2,-0.14,20.08,11.68,-18.71,55.71,1.02,-3.62,8
-1,0.05,0.04,-1.07,0.21,-0.14,4.35,16.34,-17.9,-13.58,5.47,-27.51,8
-1.07,0.04,0.1,-0.97,0.02,-0.04,6.72,29.93,-12.23,-61.37,1.42,-54.1,8
-1,-0.09,0.21,-0.91,-0.15,-0.14,25.66,3.32,-5.72,-16.03,-4.62,-56.06,8
-0.98,-0.15,0.01,-0.89,-0.07,-0.19,40.08,-4.82,-4.27,58.41,-5.28,-31.33,8
-0.94,-0.06,0.02,-0.98,0.04,-0.19,21.03,10.21,-6.31,158.52,-6.28,24.85,8
-0.92,-0.09,0.01,-0.88,-0.04,-0.19,18.36,17.03,-2.15,243.24,-22.18,55.89,8
-0.9,-0.13,0.07,-0.85,0.08,-0.05,5.32,13.46,3.62,250.13,-25.92,75.68,8
-0.91,-0.17,-0.08,-0.82,0.12,0.02,2.2,7.75,5.81,186.92,-7.21,50.6,8
-0.81,-0.18,-0.07,-0.73,0.43,0.12,-0.35,4.66,11.2,18.41,15.05,22.05,8
-0.87,-0.2,-0.1,-0.78,0.37,0.14,9.32,-9.76,11,-38.99,19.76,30.67,8
-1.35,-0.45,-0.08,-1.16,0.16,0.11,39.18,-9.01,5.92,-37.08,4.99,28.42,8
-1.29,-0.24,0.2,-1.38,0.03,0.14,44.67,-31.23,-9.06,-15.3,-18.38,4.98,8
-1.42,0.76,-0.01,-1.7,0.7,-0.54,98.13,55.98,0.52,29.35,-0.73,26.36,8
-1.13,0.3,0.34,-1.18,0.37,-0.62,95.84,-9.24,9.01,-42.37,-15.82,6.47,8
-0.77,0.37,-0.28,-0.68,0.25,-0.55,22.76,-0.65,-3.1,11.25,-9.45,33.56,8
-0.78,0.45,0.08,-0.61,0.32,-0.28,25.54,49.93,10.6,41.33,-4.32,29.21,8
-0.88,0.22,0.01,-0.6,0.37,-0.4,19.06,-19.7,7.6,29.03,4.54,-4.12,8
-0.96,0.37,-0.03,-0.79,0.43,-0.44,19.56,-2.31,8.62,10.94,8.53,-28.79,8
-0.99,0.48,0.04,-0.86,0.45,-0.4,-9.06,3.77,15.08,6.69,10.4,-46.44,8
-1.08,0.31,0.2,-0.9,0.51,-0.36,-19.05,-20.6,17,-6.45,17.31,-40.47,8
-1.04,0,0.04,-1.14,0.57,-0.36,-11.61,-52.32,-1.64,-119.1,34.8,-32.32,8
-0.98,0.07,-0.17,-1.19,0.43,-0.26,-8.2,-10.64,-10.41,-168.95,42.07,-17.37,8
-0.97,0.17,0.22,-1.08,-0.13,0.22,-24.66,-9.06,-13.41,-183.5,5.03,-18.24,8
-0.64,0.3,0.03,-0.86,0.02,-0.03,3.86,-1.5,6.42,-66.5,-26.59,27.83,8
-1.18,0.3,0.28,-0.73,0.14,-0.36,-2.04,29.09,29.34,47.1,-11.05,47.83,8
-1.13,0.2,0.32,-0.68,0.25,-0.2,-10.9,-9.47,40.43,100.44,-11.85,38.9,8
-0.99,0.27,0.08,-0.82,0.45,-0.29,-1.9,-32.35,36.05,132.56,-15.88,7.08,8
-1.07,0.27,0.01,-1.14,0.5,-0.5,7.21,3.61,24.85,91.42,-6.96,-38.66,8
-0.88,0.5,0.14,-0.98,0.42,-0.34,-8.92,5.66,4.44,12.97,7.66,-10.6,8
-0.86,0.45,0.1,-0.95,0.4,-0.35,-19.21,7.97,4.69,-24.8,19.02,28.45,8
-0.94,0.35,0.12,-0.95,0.41,-0.37,-17.44,14.62,-3.98,-83.81,27.82,24.85,8
-0.99,0.47,0.08,-0.92,0.47,-0.18,-21.07,4.43,-19.07,-100.35,23.04,-8.63,8
-0.69,0.47,0.16,-0.73,0.41,-0.22,-22.95,5.94,-19.65,-69.96,-22.03,-34.13,8
-0.77,0.44,0.14,-0.71,0.36,-0.35,-25.96,8.24,-16.96,-35.07,-29.66,-24.95,8
-0.92,0.52,0.12,-0.71,0.54,-0.36,-41.63,1.43,-14.11,-145.59,-12.5,-55.78,8
-0.93,0.46,0.14,-0.91,0.48,-0.26,-51.93,-6.43,-5.34,-250.14,17.68,-110.43,8
-1.61,-0.17,0.41,-1.4,0.36,-0.74,-91.19,-41.75,-4.82,-204.35,44.83,-97.04,8
-1.51,-0.46,-0.01,-1.66,0.34,-0.48,-90.78,-27.37,-5.91,-162.89,30.5,-39.76,8
-1.3,-0.35,-0.06,-1.25,-0.27,-0.4,-11.76,46.28,-13.72,-49.18,8.8,101.71,8
-1.01,0.12,0.38,-1.29,-2,0.08,-2.87,4.62,-3.71,-23.67,-61.97,-13.03,8
-0.53,-0.16,0.01,-0.65,-0.16,-0.15,-11.07,-11.74,-14.65,204.05,-35.63,57.83,8
-0.59,-0.22,0.05,-0.65,0.33,-0.24,-31.8,-9.63,-18.89,223.87,-36,56.43,8
-0.87,-0.15,0.01,-0.69,0.54,-0.39,-43.26,12.08,-13.83,134.4,-0.65,50.02,8
-1.31,0.02,0.25,-0.88,0.5,-0.23,-21.43,42.39,9.05,13.4,26.94,10.62,8
-1.02,0.06,0.18,-1.02,0.34,-0.02,-12.23,-34.11,24.89,-102.19,36.96,-7.41,8
-0.84,0.08,0.05,-0.92,0.31,-0.06,6.66,-22.18,30.92,-120.77,24.24,-1.92,8
-0.81,0.04,0.13,-0.87,0.2,-0.19,8.67,-22.74,25.82,-86.12,1.89,17.32,8
-1.03,-0.02,0.13,-1.11,0.11,-0.18,-12.85,-13.08,12.63,-56.15,-10.75,-0.98,8
-1.02,0.02,0.24,-1.02,-0.28,-0.31,5.11,11.13,1.15,-121.02,3.77,-55.69,8
-0.93,-0.05,0.21,-0.97,-0.25,-0.18,21.06,-0.27,-3.75,-56.61,0.36,-37.16,8
-1.01,-0.05,0.16,-1.03,0,-0.29,16.83,0.25,-14.2,25.18,0.89,5.42,8
-0.99,0.04,0.06,-1.08,0.09,-0.16,-6.01,16.46,-19.74,45.45,9.47,-14.11,8
-0.95,0.03,0.16,-0.91,0.14,-0.15,16.16,20.71,-7.18,110.05,-3.78,-11.02,8
-0.91,-0.04,0.01,-0.87,0.15,-0.12,23.01,20.63,-6,84.79,-1.79,-7.21,8
-0.94,-0.02,0.09,-0.81,0.15,-0.11,13.06,18.6,-6.14,-5.83,6.89,-16.82,8
-1,-0.02,0.07,-0.89,-0.04,-0.09,12.44,9.67,-0.41,-14.24,5.78,-17.98,8
-1.05,-0.12,0.03,-1.03,-0.15,0,16.58,4.64,6.11,12.49,-16.71,-15.53,8
-0.97,-0.08,0.08,-0.77,0,-0.1,25.98,-3.49,12.53,16.09,-16.54,8.51,8
-1.16,-0.23,0.03,-1.05,-0.01,-0.33,46.54,-23.21,18.8,-0.17,-2.64,6.07,8
-1.13,-0.19,0.14,-1.1,-0.07,-0.13,53.27,-11.35,7.81,57.08,-14.65,11.92,8
-0.69,-0.18,-0.01,-0.76,-0.2,0.03,75.52,-45.52,0.95,89.89,-27.05,55.65,8
-0.8,-0.13,0.03,-0.94,-0.1,0.06,70.92,-24.32,-7.65,27.97,-13.05,12.61,8
-1.24,0.33,0,-1.08,0.08,0.05,60.66,3.76,-24.5,23.75,16.56,-22.03,8
-1.45,0.74,0.4,-1.83,0.2,-0.16,83.73,23.05,7.73,51.27,-5.56,-19.25,8
-0.88,0.32,-0.18,-0.98,0.33,-0.44,57.52,16.16,-13.47,74.25,-10.24,37.37,8
-0.91,0.52,0.03,-0.79,0.34,-0.41,29.99,45.5,-12.64,104.4,-1.21,56.8,8
-0.84,0.51,0.16,-0.54,0.41,-0.29,26.18,19.8,10.81,116.82,9.47,69.62,8
-0.74,0.47,0.06,-0.52,0.43,-0.22,5.44,-6.5,21.54,78.53,31.01,41.73,8
-0.92,-0.11,-0.03,-0.8,0,-0.2,23.65,-16.18,-9.27,3.47,-23.37,13.73,8
-0.95,-0.04,-0.06,-0.8,0.1,-0.2,21.22,-20.71,4.1,60.63,-31.03,32.65,8
-0.85,0,-0.09,-0.73,0.22,-0.17,16.45,-11.15,14.92,82.12,-23.27,45.71,8
-0.55,0.12,-0.13,-0.57,0.21,-0.08,8.22,12.83,17.72,35.46,-10.36,38.42,8
-1.33,-0.19,0.07,-1.22,0.25,-0.35,37.02,5.27,-2.91,5.98,8.78,7.37,8
-1.49,0.02,0.12,-1.36,0.23,-0.26,13.37,-18.31,4.85,26.05,10.21,-5.58,8
-1.3,-0.11,0.11,-1.33,0.23,-0.04,21.84,-12.43,7.85,18.57,25.25,-11.54,8
-1.09,-0.08,0.01,-1.29,-0.17,0.38,23.44,-1.42,7.4,60.54,2.34,-4.82,8
-0.83,-0.05,0.03,-0.79,0.31,0.03,8.53,3.53,13.03,8.19,-19.45,-25.65,8
-0.77,-0.07,-0.01,-0.75,0.25,0.02,8.3,2.11,15.92,-18.48,-8.34,-20.8,8
-0.7,-0.13,0.01,-0.67,0.17,0.09,14.79,2.71,18.82,-11.58,-7.28,-3.4,8
-0.87,-0.2,-0.02,-0.79,0.2,0.06,12.76,-11.01,21.76,-38.72,-19.11,3.93,8
-1.07,-0.19,-0.02,-0.95,0.24,-0.21,28.33,-5.54,0.18,20.48,-8.37,34.53,8
-1.16,-0.04,-0.01,-1.13,0.38,-0.27,23.64,1.92,-22.43,40.13,7.24,26.73,8
-1.19,0.41,-0.02,-1.15,0.43,-0.2,16.48,30.15,-29.47,-12.52,21.11,-4.74,8
-1.46,0.81,0.46,-1.64,0.57,-0.4,29.05,6.39,-8.81,-11.01,28.09,-24.66,8
-1.01,0.66,0.23,-0.85,0.36,-0.5,6.92,1.24,19.5,61.6,-27.63,-11.58,8
-0.81,0.44,0.04,-0.73,0.34,-0.32,13.03,1.94,22.4,115.08,-34.47,5.63,8
-0.68,0.2,-0.06,-0.65,0.47,-0.36,27.39,-2.76,7.65,158.91,-40.62,8.81,8
-0.79,0.36,-0.03,-0.63,0.53,-0.34,-1.52,6.31,2.05,119.98,-23.5,-11.66,8
-0.94,0.41,0.05,-0.8,0.53,-0.37,-17.63,-5.47,9.73,-33.91,15.18,-46.69,8
-0.99,0.27,0.01,-0.89,0.52,-0.37,-16.73,-2.18,6.56,-73.66,26.08,-48.4,8
-0.96,0.29,0.01,-0.91,0.51,-0.33,-11.36,-2.67,-3.9,-96.46,30.81,-40.33,8
-0.87,0.32,0.01,-0.85,0.45,-0.27,-23.4,-1.47,-3.41,-97.77,29.85,-14.68,8
-0.94,0.28,-0.01,-0.9,0.39,-0.26,-33.5,9.72,6.18,-87.01,16.22,21.53,8
-0.98,0.29,0.06,-0.9,0.35,-0.26,-40.36,8.13,10.44,-71.09,11.26,35.68,8
-1.11,0.41,0.15,-1.04,0.37,-0.32,-31.24,-6.29,15.62,-51.79,5.43,49.32,8
-1.11,0.45,0.11,-1.05,0.39,-0.37,-44.54,-8.33,23.25,-32.44,1.73,52.31,8
-0.85,0.38,0.06,-0.84,0.37,-0.33,-19.13,15.61,19.21,-24.8,3.34,34.63,8
-0.79,0.38,0.04,-0.76,0.35,-0.29,-17.98,14.64,14.05,-28.34,4.29,25.5,8
-0.79,0.4,-0.01,-0.75,0.34,-0.33,-5.57,12.47,8.83,-17.29,1.4,15.92,8
-0.78,0.43,0.03,-0.7,0.39,-0.35,1.6,18.61,2.47,13.15,-5.65,4.71,8
-0.78,0.45,0.01,-0.74,0.41,-0.39,25.87,25.51,-16.31,23.4,-8.08,-22.83,8
-0.85,0.51,-0.08,-0.84,0.42,-0.41,24.19,17.63,-24.13,29.56,-8.74,-32.14,8
-1.18,0.82,0.04,-1.08,0.46,-0.52,-5.63,-2.38,-20.17,48.42,-5.93,-44.52,8
-1.01,0.78,-0.1,-1.08,0.5,-0.4,-28.98,0.21,-1.92,24.15,-11.62,-67.02,8
-1.07,0.29,-0.44,-0.98,0.51,-0.33,-36.51,67.99,22.46,41.08,14.41,-43.97,8
-1.48,-0.17,0.26,-1.09,0.55,-0.05,-44.42,-0.58,0.52,-19.26,34.8,-37.79,8
-1.11,-0.4,-0.06,-1.21,0.4,-0.23,-0.75,-20.58,-26.69,-87.67,47.48,-39.38,8
-0.99,-0.18,-0.12,-0.99,0.08,-0.02,9.92,23.69,-37.53,-108.82,26.47,-12.47,8
-0.82,0.01,-0.02,-0.87,-0.06,0.09,-6.47,-19.46,-27.74,-40.37,-7.6,54.51,8
-0.81,-0.02,-0.14,-0.85,-0.16,0.07,13.38,-12.11,-17.18,-50.81,-7.3,46.34,8
-0.97,-0.07,-0.03,-0.92,0.08,-0.1,26.16,-9.34,-9.64,-48.18,-10.79,26.91,8
-0.98,0.12,-0.03,-0.84,0.09,-0.16,1.47,-29.34,1.78,-2.91,-21.18,22.22,8
-0.95,0.04,0.01,-0.88,0.2,-0.31,-3.55,-10.56,15.82,54.74,-23.15,25.46,8
-1.02,-0.03,0.04,-0.99,0.29,-0.34,11.5,-1.24,1.29,69.63,-18.89,21.73,8
-1.15,-0.04,0.1,-1.06,0.31,-0.36,13.57,-10.07,-16.71,56.24,-12.08,9.63,8
-1.07,0.05,0.02,-1.07,0.31,-0.21,-0.16,-8.26,-13.71,-7.76,10.07,-8.04,8
-0.98,-0.06,0.01,-0.92,0.16,-0.01,13.18,1.5,-12.76,40.08,-26.52,-21.63,8
-0.97,-0.04,0.03,-0.93,0.19,-0.15,4.99,3.76,-6.33,-10.86,-13.31,-34.46,8
-0.91,-0.09,0.04,-0.82,0.17,-0.19,10.85,8.81,1.54,-16.2,-5.95,-26.15,8
-0.95,-0.11,-0.01,-0.81,0.09,-0.18,15.77,2.36,7.68,15.54,-10.64,-12.02,8
-0.95,-0.08,0.04,-0.94,0.13,-0.1,21.6,-8.73,12.05,43.95,-13.35,5.89,8
-0.91,-0.08,0.01,-0.93,0.09,0.08,14.68,-11.71,13.45,30.15,-20.38,13.7,8
-0.98,-0.2,0.04,-1,0.16,0.12,20.01,-14.61,10.05,6.89,-22.98,15.82,8
-1.03,-0.24,-0.01,-1.07,0.24,0.09,29.75,-15.4,3.38,-23.35,-13.9,13.9,8
-1.02,0.06,0.07,-1.11,0.27,-0.12,39.32,7.53,-10.21,-51.85,-6,16.22,8
-1.6,0.72,-0.09,-1.24,0.42,-0.41,24.59,-21.66,-8.89,-24.75,4.91,8.91,8
-1.26,0.65,0.12,-1.17,0.43,-0.13,53.73,6.7,0.38,-26.52,-25.35,-39.24,8
-1.14,0.78,0.22,-0.96,0.41,-0.43,-8.62,-15.55,13.22,99.31,-41.66,-14.38,8
-0.84,0.46,0.12,-0.71,0.56,-0.29,-16.16,22.73,30.22,217.86,-37.88,0.58,8
-0.83,0.34,0.08,-0.63,0.6,-0.31,-15.03,5.98,24.19,167.25,-26.05,-16.17,8
-0.81,0.26,0.02,-0.8,0.7,-0.35,-11.09,-5.93,7.3,21.4,-3.7,-63.67,8
-0.91,0.39,0.05,-0.86,0.62,-0.45,-14.49,-8.17,-4.08,-77.7,20.69,-72.56,8
-0.84,0.32,0.09,-0.81,0.4,-0.3,-31.61,1.79,-2.2,-66.92,20.46,13.38,8
-0.88,0.25,0.13,-0.81,0.43,-0.26,-30.62,-14.83,-8.36,-47.11,20.15,48.56,8
-0.83,0.23,0.13,-0.8,0.44,-0.27,-25.53,-15.31,-13.6,-75.09,28.23,55.45,8
-1.01,0.25,0.07,-0.94,0.4,-0.27,-16.1,-15.62,-11.5,-99.31,39.4,42.04,8
-1.11,0.3,0.19,-1.08,0.37,-0.25,-15.63,4.15,4.68,-65.81,35.21,35.18,8
-1.04,0.26,0.23,-1.07,0.4,-0.24,-26.79,-1.18,14.3,-62.35,30.95,45.45,8
-0.9,0.3,0.15,-0.96,0.37,-0.17,-23.34,-11.99,32.91,-91.82,24.21,63.85,8
-0.91,0.29,0.15,-0.93,0.26,-0.18,-0.29,4.6,38.4,-108.02,16.53,73.15,8
-0.97,0.41,0.17,-0.85,0.23,-0.15,-13.56,18.8,35.91,-31.94,3.62,30.38,8
-0.92,0.43,0.15,-0.79,0.26,-0.15,-14.78,16.21,34.33,12.63,2.98,7.81,8
-0.91,0.43,0.17,-0.8,0.3,-0.2,-23.01,10.59,28.87,61.09,6.53,-21.41,8
-0.93,0.46,0.13,-0.88,0.38,-0.27,-17.69,13.9,23.22,95.85,6.64,-46.56,8
-0.88,0.5,0.1,-1.02,0.49,-0.36,-3.79,19.63,13.74,203.92,-21.34,-22.8,8
-0.88,0.5,0.11,-1,0.36,-0.58,2.4,21.06,7.85,250.13,-66.18,80.37,8
-0.82,0.5,0.05,-0.54,0.75,-1.29,3.4,21.88,-1.16,250.13,-115.95,179.58,8
-0.75,0.45,0.04,-0.35,0.86,-1.09,13.47,23.03,-12.57,193.38,-28.15,82.99,8
-0.62,0.31,0.03,-0.51,0.41,-0.59,85.7,50.18,-35.73,-137.94,58.6,10.56,8
-0.88,0.54,-0.1,-0.65,0.36,-0.55,55.34,14.18,-48,-136.99,58.88,6.13,8
-1.38,1.16,0.02,-1.16,0.69,-0.64,-0.61,-31.23,-30.17,-179.26,22.36,-35.23,8
-1.13,0.88,-0.04,-1.01,0.53,-0.68,-16.77,4.23,-12.82,-214.41,-14.46,-84.76,8
-1.07,0.11,-0.2,-0.79,0.27,-0.45,-48.01,-12.77,-8.19,-172.72,-17.43,-99.6,8
-1.41,-0.12,-0.01,-1.05,0.4,-0.42,-68.26,-9.89,-6.37,-105.1,3.96,-88.46,8
-1.19,-0.09,-0.12,-1.24,0.51,-0.21,-61.92,-26.66,-13.19,-53.22,39.92,-56.34,8
-1.03,-0.26,-0.28,-1.13,0.51,0.02,5.36,14.97,-23.17,-175.17,57.45,-28.62,8
-0.97,-0.07,-0.01,-0.93,-0.27,-0.1,9.8,-5.89,-35.83,-215.06,28.19,-20.27,8
-0.89,-0.05,-0.1,-0.93,-0.23,0.02,16.79,-18.6,-28.17,-94.45,-0.95,16.42,8
-0.85,0.02,-0.07,-0.84,-0.05,-0.02,20,-13.42,-11.83,22.2,-32.14,68.98,8
-0.84,0.02,-0.02,-0.72,0.1,-0.08,29.76,-14.03,3.68,47.11,-23.82,66.69,8
-0.89,0.2,-0.03,-0.68,0.25,-0.14,2.82,-6.34,21.43,40.28,-9.17,12.88,8
-1.01,0.21,0.06,-0.82,0.27,-0.18,0.63,-11.38,23.66,45.35,-0.24,-7.02,8
-1.15,0.18,0.13,-0.99,0.32,-0.29,-2.95,-14.15,13.03,82.87,10.33,-30.58,8
-1.14,-0.01,0.06,-1.11,0.42,-0.32,-1.57,-6.63,-7.78,97.62,21.6,-51.15,8
-1,-0.02,0.03,-1.34,-0.03,0.34,13.01,-0.66,-17.37,147.66,-18.63,-4.94,8
-0.95,0,0.03,-1.03,0.45,0.12,19.14,2.33,-17.51,64.1,-37.3,-2.02,8
-1.01,0.03,0.04,-0.91,0.35,-0.09,9.47,-1.05,-11,-74.08,-24.54,-31.72,8
-0.92,-0.04,0.02,-0.82,0.2,-0.18,9.36,1.36,-3.98,-65.03,-13,-19.88,8
-0.94,-0.1,0.05,-0.87,0.09,-0.17,12.87,0.02,4.53,-21.17,-4.6,-13.69,8
-0.97,-0.13,0.02,-0.94,0.05,-0.27,14.24,-1.04,10.66,10.7,-9.99,-5.15,8
-0.95,-0.14,0.04,-0.82,0.2,-0.31,5.36,1.3,12.95,69.65,-8.25,40.96,8
-0.98,-0.22,-0.03,-0.87,0.23,-0.2,18.27,-1.59,10.99,5.22,9.26,33.4,8
-0.95,-0.14,-0.06,-1.25,-0.58,0.64,29.56,19.86,-8.98,156.06,-31.3,31.02,8
-1.42,0.44,-0.13,-1.1,-0.06,-0.32,-10.04,-5.38,-8.99,250.13,-24.92,42.98,8
-1.39,0.81,0.06,-1.35,0.94,-0.29,45.69,27.34,7.56,106.15,-20.06,-6.39,8
-1.31,0.51,0.22,-1.07,0.37,-0.76,18.84,-27.24,2.33,11.69,-17.76,-31.63,8
-0.73,0.52,0.02,-0.63,0.48,-0.49,17.44,11.21,22.91,6.84,-35.84,-51.31,8
-0.64,0.41,0.14,-0.56,0.34,-0.35,1.31,4.04,25.58,36.21,-29.44,-21.19,8
-0.82,0.32,-0.08,-0.73,0.39,-0.44,6.49,-2.97,16.58,50.25,-23.27,-9.38,8
-0.94,0.44,0,-0.8,0.52,-0.54,-5.05,4.28,7.32,14.21,-2.79,-21.39,8
-0.94,0.38,0.1,-0.8,0.49,-0.46,-21.36,-6.96,6.23,-58.73,22.41,-21.36,8
-0.9,0.33,0.09,-0.77,0.45,-0.4,-28.42,-17.56,4.07,-62.88,29.01,1.4,8
-0.87,0.27,-0.04,-0.8,0.44,-0.34,-25.73,-11.08,3.35,-70.01,34.71,26.69,8
-0.99,0.32,0.05,-0.92,0.46,-0.35,-26.56,-7.28,5.68,-86.65,38.23,36.95,8
-1.01,0.32,0.13,-1.1,0.42,-0.39,-2.17,-0.63,10.09,-90,29.37,53.44,8
-0.99,0.38,0.1,-1.08,0.4,-0.34,-1.97,-2.02,11.74,-82.59,20.63,66.71,8
-0.88,0.46,0.08,-1.02,0.37,-0.31,-1.4,3.11,17.23,-76.08,9.37,86.45,8
-0.9,0.48,0.12,-0.95,0.33,-0.31,-4.93,4.08,20.21,-73.67,1.59,91.67,8
-0.95,0.44,0.07,-0.84,0.3,-0.31,-7.4,-0.83,17.16,-36.31,-0.96,53.91,8
-0.91,0.47,0.13,-0.78,0.35,-0.36,-3.95,1.61,12.38,-0.54,2.53,32.23,8
-0.87,0.49,0.1,-0.77,0.56,-0.35,-5.45,3.98,5.65,0.44,5.82,4.77,8
-0.85,0.53,0.11,-0.88,0.87,-0.32,-8.5,5.2,1.69,54.21,5.62,38.52,8
-0.85,0.56,0.08,-0.96,1.4,-0.18,-24.39,8.92,-4.48,-19.62,-36.36,116.41,8
-0.84,0.5,0.09,-0.62,1.35,-0.22,-22.31,14.79,-6.45,23.24,-50.53,157.77,8
-0.81,0.48,0.08,-0.4,1.84,-0.36,-7.76,16.41,-13.91,-10.84,-48.18,206.92,8
-0.8,0.53,0.09,0.3,1.12,-0.72,0.78,13.31,-19.08,-57.28,24.82,249.6,8
-0.75,0.67,0.08,0.18,0.33,-0.39,6.39,15.53,-15.5,54.66,104.3,231.86,8
-0.98,0.55,0.01,0.04,0.46,-0.35,-1.36,12.34,-11.34,77.19,117.97,178.72,8
-1.29,0.04,-0.01,-0.02,0.81,-0.18,11.09,46.63,-17.92,86.85,62.44,81.08,8
-1.63,0.09,0.06,-0.03,1.25,-0.25,-38.17,-14.84,-10.18,23.75,28.53,23.91,8
-0.95,-0.17,0.03,0.04,1.24,-0.31,-12.19,7.37,-27.48,58.13,-20.82,-4.59,8
-0.7,-0.14,0.06,0.06,1.02,-0.09,-21.48,1.84,-36.38,35.54,-27.01,-6.53,8
-0.76,-0.03,-0.03,0.12,0.93,-0.15,-33.23,-1.04,-34.01,-20.43,-30.3,-18.65,8
-0.91,0.01,-0.01,0.17,0.77,-0.22,-27.6,-6.71,-17.4,-3.22,-17.69,-13.13,8
-1.01,0.05,0.02,0.25,0.92,-0.5,-14.77,-6.95,-1.52,-3.82,9.96,-10.39,8
-1.05,0.1,0.07,0.23,0.97,-0.51,-19.15,-9.96,7.34,-9.28,15.96,-8.73,8
-1.05,0.04,0.05,0.18,0.93,-0.47,-3.79,-10.03,13.66,6.06,13.22,-2.88,8
-1.04,0.01,0.05,0.13,1.01,-0.38,9.66,-3.74,7.23,10.41,-2.62,2.99,8
-1,0.02,0.04,0.03,1.09,-0.22,16.27,1.22,-0.21,-5.23,-39.6,-3.83,8
-1.02,-0.04,0.05,-0.06,0.8,-0.15,26.08,-2.35,-7.35,-16.79,-64.95,-25.07,8
-1.02,0.03,0.09,-0.19,0.81,-0.1,22.89,-7.02,-6.98,-56.66,-102.17,-86.63,8
-0.99,0,0.02,-0.24,0.68,-0.24,16.5,-3.1,-2.44,-110.89,-112.74,-170.66,8
-0.96,-0.04,0.03,-0.5,0.72,-0.16,16.89,-6.92,1.56,-97.62,-48.05,-230.46,8
-0.97,-0.06,0.01,-0.71,0.94,0.01,13.58,-6.03,2.68,-89.02,-33.06,-237.42,8
-0.93,-0.1,0.05,-0.9,0.82,0.02,10.78,-5.82,4.94,-5.24,-25.95,-181.92,8
-0.97,-0.16,0.06,-0.85,0.62,-0.04,18.35,-9.38,4.31,8.52,-3.87,-157.94,8
-0.91,-0.2,0.05,-0.73,0.68,-0.03,41.17,-14.6,-3.85,-0.73,32.02,-114.3,8
-0.9,-0.13,0,-0.78,0.63,-0.07,38.9,-11.48,-8.88,-33.44,41.34,-110.05,8
-1.06,0.25,-0.01,-0.95,0.48,-0.23,24.73,9.77,-18.35,-4.15,54.2,-106.39,8
-1.85,0.97,-0.03,-1.47,0.51,-0.47,16.46,18.86,-6.47,89.59,55.89,-101.89,8
-1.09,0.4,0.26,-1.25,0.66,-0.41,29.95,-3.69,12.69,74.03,-9.14,-68.51,8
-0.81,0.52,0.18,-0.94,0.49,-0.37,8.68,4.34,18.95,50.49,-12.4,-22.09,8
-0.63,0.36,0.11,-0.68,0.46,-0.21,25,13.58,23.43,38.17,-15.94,18.41,8
-0.76,0.18,-0.03,-0.73,0.48,-0.26,32.73,-1.61,6.48,18.53,-12.39,21.07,8
-1.06,0.46,0.08,-0.93,0.47,-0.41,20.16,-12.96,-13.53,-3.34,-19.33,-8.4,8
-0.96,0.51,0.18,-0.88,0.41,-0.39,0.87,-8.63,-6.07,32.5,-27.98,14.29,8
-0.88,0.37,0.13,-0.77,0.41,-0.36,-10.82,-7.92,-0.28,73.44,-25.65,56.05,8
-0.9,0.21,0.08,-0.72,0.49,-0.33,-16.87,-15.32,-6.89,39.27,-0.48,53.11,8
-1.03,0.33,0.14,-0.98,0.48,-0.33,-16.98,-10.26,-7.94,-79.15,37.77,11.23,8
-1.09,0.39,0.16,-1.08,0.44,-0.33,-38.36,-3.29,0.63,-93.6,42.58,7.36,8
-0.97,0.33,0.16,-0.94,0.37,-0.21,-46.87,11.15,11.84,-87.27,41.62,20.93,8
-0.92,0.29,0.15,-0.88,0.38,-0.16,-41.31,7.26,17.9,-107.11,49.05,26.07,8
-0.94,0.33,0.12,-0.9,0.31,-0.19,-39.58,7.83,21.23,-127.7,33.76,-3.82,8
-0.93,0.33,0.17,-0.9,0.26,-0.24,-35.31,6.59,20.22,-80.23,15.17,-8.48,8
-0.95,0.33,0.14,-0.88,0.3,-0.27,-29.03,4.94,13.27,9.63,-6.74,-6.85,8
-0.92,0.39,0.16,-0.88,0.4,-0.32,-26.34,6.09,10.29,66.38,-17.61,-2.43,8
-0.88,0.42,0.17,-0.83,0.61,-0.41,-21.66,13.27,1.67,50.27,-17.22,-11.66,8
-0.88,0.44,0.13,-0.78,0.63,-0.41,-20.21,14.54,-2.61,-19.54,-1.47,-38.98,8
-0.84,0.44,0.17,-0.75,0.53,-0.38,-19.08,15.72,-8.28,-44.08,13.02,-51.64,8
-0.84,0.46,0.13,-0.76,0.53,-0.38,-20.16,10.66,-13.23,-28.28,14.67,-51.55,8
-0.87,0.54,0.1,-0.84,0.51,-0.44,-13.25,11.99,-12.07,-6.14,-0.21,-34.59,8
-0.84,0.52,0.09,-0.9,0.49,-0.43,-5.32,13.78,-5.39,12.18,-12.4,-9.31,8
-1.22,0.17,0.07,-1.47,0.44,-0.62,2.51,-34.42,-10.82,60.89,-12.88,31.58,8
-1.56,-0.26,0.12,-1.16,0.28,-0.2,-0.87,16.49,-10.8,29.92,-14.36,24.73,8
-1.11,-0.05,0.02,-1.41,-0.07,0.14,5.92,-4.15,-23.23,-167.06,16.23,-26.52,8
-0.86,-0.12,-0.02,-1.16,-0.66,0.36,2.68,5.53,-30.98,-45.31,-28.93,1.91,8
-0.78,-0.16,0.04,-0.81,0.04,0.08,8.16,3.81,-33.83,53.5,-15.53,40.59,8
-0.86,-0.07,0,-0.74,0.15,-0.05,0.33,-1.15,-23.84,-37.31,16.73,3.91,8
-0.96,-0.06,0,-0.85,0.11,-0.23,16.44,0.64,-16.6,-62.95,20.24,-27.66,8
-0.99,0.01,0.01,-0.91,0.12,-0.13,4.1,0.7,-8.92,-19.24,5.27,-23.34,8
-0.93,-0.09,0.02,-0.89,0.15,-0.16,14.88,3.98,-5.09,44.08,-7.05,-2.21,8
-0.99,-0.07,0,-0.94,0.27,-0.18,21.33,0.99,-7.9,50.07,-1.66,6.92,8
-1.06,-0.1,0.03,-1,0.27,-0.2,23.56,-0.56,-7.51,-14.06,9.24,-6.73,8
-1.1,-0.07,0.05,-1.06,0.22,-0.17,30.98,1.75,-6.79,-10.02,6.63,-5.59,8
-1,-0.09,0.01,-1.05,-0.06,-0.03,26.37,4.92,-3.92,32.94,-12.42,-1.12,8
-0.98,-0.12,0.02,-0.93,0.16,-0.09,31.56,-2.44,-3.54,56.88,-20.01,-1.49,8
-0.98,-0.14,0.01,-0.89,0.26,-0.13,32.08,-8.05,0.38,30.36,-11.34,-4.63,8
-0.97,-0.13,0.02,-0.92,0.21,-0.13,28.55,-8.64,0.99,16.77,-6.65,-6.05,8
-0.96,-0.14,0.01,-0.95,0.11,-0.05,20.56,-4.11,6.1,29.39,-8.35,-0.31,8
-0.94,-0.16,0.03,-0.94,0.05,-0.02,14.71,-5.16,10.63,34.4,-8.35,5.05,8
-0.92,-0.2,0.05,-0.87,0.07,-0.04,13.72,2.27,16.81,18.32,6.56,1.29,8
-0.89,-0.2,0.07,-0.86,0.1,-0.02,15.48,4.83,18.18,8.56,11.24,1.81,8
-0.9,-0.17,0.06,-0.83,0.13,-0.05,4.61,9.6,24.43,10.91,12.07,11.74,8
-0.87,-0.21,0.06,-0.79,0.12,-0.04,25.96,18.57,27.97,12.82,13.39,18.97,8
-0.95,0.36,0.31,-1.43,0.31,-0.12,12.37,73.54,35.08,189.76,-19.36,63.69,8
-1.44,0.58,-0.4,-1.21,0.65,-0.43,27.01,32.09,19.3,69.98,-18.2,20.85,8
-1.42,0.72,0.24,-1.28,0.56,-0.75,12.92,-40.33,14.68,-13.65,-0.86,-18.79,8
-1.07,0.49,-0.05,-1.07,0.43,-0.45,15.22,-5.36,26.27,1.56,-12.2,-30.78,8
-0.74,0.36,-0.03,-0.71,0.43,-0.33,14.02,-6.1,25.08,47.44,-15.46,9.45,8
-0.69,0.32,-0.08,-0.65,0.46,-0.35,15.56,-8.53,17.31,18.08,-12.26,7.01,8
-0.74,0.42,-0.06,-0.66,0.42,-0.37,-1.75,-6.17,10.37,-6.31,-10.86,-0.25,8
-0.9,0.4,0,-0.77,0.41,-0.39,-15.32,-19.19,4.4,18.03,-12.48,0.88,8
-0.95,0.41,0.08,-0.79,0.49,-0.41,-33.47,-28.92,-1.98,28.15,-2.42,10.68,8
-0.91,0.39,0.07,-0.86,0.49,-0.4,-40.65,-31.25,-0.28,8.02,7.6,18.69,8
-0.96,0.36,0.06,-1.02,0.48,-0.42,-32.27,-21.53,-0.19,-16.4,18.74,28.64,8
-0.99,0.4,0.07,-0.99,0.46,-0.36,-38.93,-7.16,2.6,-31.38,28.7,37.05,8
-0.92,0.43,0.12,-0.86,0.42,-0.24,-41.41,9.53,14.84,-100.69,44.08,22.89,8
-0.91,0.42,0.1,-0.85,0.38,-0.26,-41.13,13.05,17.37,-122.73,45.42,10.14,8
-0.9,0.38,0.09,-0.86,0.32,-0.28,-48.93,9.79,18.46,-107.65,35.19,-1.95,8
-0.93,0.47,0.16,-0.88,0.32,-0.32,-43.61,5.44,13.98,-43.51,17.8,0.63,8
-0.95,0.37,0.2,-0.87,0.45,-0.46,-20.58,15.62,11.22,-11.91,-3.4,-7.12,8
-0.88,0.39,0.16,-0.83,0.45,-0.47,-6.24,18.05,5.29,10.89,-9.11,-8.15,8
-0.8,0.47,0.17,-0.74,0.46,-0.44,3.36,9.56,-7.73,59.27,-14.29,-2.01,8
-0.82,0.55,0.15,-0.76,0.53,-0.45,0.4,8.85,-16.31,58.58,-7.82,-12.63,8
-0.81,0.56,0.1,-0.75,0.5,-0.4,-10.34,9.33,-16.82,13.68,-1.81,-34.56,8
-0.8,0.55,0.07,-0.77,0.48,-0.35,2.09,12.44,-11.76,-3.32,-3.18,-34.76,8
-0.98,0.42,0.08,-0.96,0.47,-0.36,41.5,2.42,-9.34,-16.98,-7.79,-30.95,8
-1.88,-0.02,-0.13,-1.31,0.43,-0.57,38.2,-14.12,-17.54,19.09,-11.11,-16.69,8
-1.4,0.16,-0.05,-1.26,0.49,-0.16,-3.98,-2.06,-12.5,9.84,27.45,27.31,8
-1.08,-0.12,0.2,-1.24,0.27,0.11,-7.61,-2.29,-13.04,-109.28,32.8,-5.85,8
-0.8,-0.13,-0.04,-1.04,-0.11,0.42,-19.14,3.98,-25.18,1.34,-15,26.31,8
-0.9,-0.01,0.05,-0.8,0.21,0.01,0.14,-9.84,-25.18,-57.34,12.19,10.74,8
-0.96,-0.03,0.1,-0.82,0.19,-0.27,8.52,-19.87,-14.08,-105.37,12.55,-3.82,8
-0.94,0.04,0.08,-0.82,0.18,-0.25,9.82,-17.47,-7.97,-62.99,0.42,2.56,8
-0.93,0.09,0.11,-0.82,0.19,-0.17,2.9,-18.39,0.73,3.78,-19,13.11,8
-0.99,0.11,0.12,-0.85,0.29,-0.21,-5.77,-16.41,5.99,47.34,-16.66,18.53,8
-1.08,0.08,0.17,-1.01,0.4,-0.21,3.89,-6.98,4.64,29.99,5.24,-8,8
-1.03,0.08,0.17,-0.98,0.36,-0.2,2.84,-0.4,3.49,8.1,14.89,-15.36,8
-0.97,0,0.19,-0.97,0.33,-0.16,19.95,2.18,-2.52,-9.76,19.91,-17.54,8
-0.97,-0.06,0.16,-1.1,-0.03,0,25.1,2.78,-13.12,58.15,-2.78,-6.73,8
-0.96,0.03,0.19,-0.94,0.36,-0.09,7.44,-0.99,-7.13,55.29,-24.62,-10.88,8
-0.97,0,0.13,-0.94,0.31,-0.08,8.24,3.02,-4.25,5.11,-9.73,-22.7,8
-0.93,-0.04,0.16,-0.87,0.27,-0.1,9.15,6.45,-3.19,9.3,-4.89,-22.21,8
-0.95,-0.05,0.13,-0.84,0.28,-0.11,8.15,5.24,0.63,-0.32,-1.06,-18.6,8
-0.96,-0.13,0.12,-0.91,0.18,-0.07,2.55,-4.04,9.8,-30.91,7.54,-12.27,8
-0.95,-0.19,0.1,-0.92,0.07,-0.07,13.36,-3.6,7.5,-43.92,8.84,-11.18,8
-1.01,-0.27,0.07,-0.88,0.09,-0.23,31.34,-0.88,2.16,-31.36,16.6,-2.26,8
-0.95,-0.19,0.03,-1.17,-0.1,0,31.34,18.95,-10.05,-49.07,26.87,-6.44,8
-1.39,0.6,0.06,-1.38,0.66,-0.37,46.92,40.06,4.78,71.11,-10.16,-2.76,8
-1.33,0.57,0.18,-0.99,0.66,-0.64,17.28,9.6,-1.19,8.83,-14.21,-7.24,8
-1.05,0.52,0.09,-1.04,0.36,-0.48,4.11,-4.98,6.95,-39.15,-11.27,-35.49,8
-0.69,0.44,0.06,-0.59,0.37,-0.3,11.99,15.46,23.41,50.05,-25.75,-6.96,8
-0.78,0.25,-0.07,-0.66,0.43,-0.47,15.96,-1.58,12.63,65.51,-19.73,20.05,8
-0.88,0.44,0.01,-0.76,0.47,-0.45,1.98,6.96,10.03,42.44,-13.07,8.79,8
-0.97,0.48,0.05,-0.85,0.43,-0.48,-11.02,-0.5,12.62,36.94,-7.67,7.75,8
-0.97,0.33,0.04,-0.83,0.45,-0.44,-10.69,-4.85,9.34,37.51,0.36,12.19,8
-0.92,0.32,0.01,-0.81,0.5,-0.33,-6.89,-11.67,1.03,-77.02,26.64,-12.99,8
-0.9,0.35,-0.04,-0.84,0.42,-0.3,-14.24,-7.05,7.08,-87.15,28.56,-3.76,8
-0.98,0.37,0.05,-0.95,0.38,-0.32,-26.95,-0.24,14.85,-49.54,22.34,30.37,8
-1.01,0.31,0.08,-1.01,0.41,-0.34,-17.85,6.11,17.24,-23.97,12.65,52.76,8
-0.92,0.42,0.08,-0.93,0.39,-0.31,-9.87,8.04,24.05,-30.02,9.5,57.79,8
-0.89,0.46,0.06,-0.91,0.36,-0.32,-17.35,12.98,25.47,-30.59,7.08,53.95,8
-0.9,0.48,0.08,-0.84,0.34,-0.33,-20.57,8.9,24.06,-18.48,1.59,43.57,8
-0.9,0.48,0.03,-0.84,0.35,-0.36,-23.56,9.44,21.84,0.44,0.11,25.22,8
-0.9,0.51,0.1,-0.83,0.44,-0.44,-15.96,8.5,11.49,9.23,4.74,-11,8
-0.87,0.51,0.07,-0.83,0.47,-0.44,-22.12,7.28,5.98,13.65,7.85,-26.21,8
-0.88,0.54,0.07,-0.8,0.55,-0.49,-16.69,3.96,-5.21,26.43,10.52,-46.47,8
-0.85,0.53,0.09,-0.82,0.56,-0.44,-17.1,5.63,-14,21.89,10.82,-60.16,8
-0.82,0.56,0.08,-0.86,0.59,-0.43,-14.74,7.77,-29.1,4.63,6.06,-53.33,8
-0.83,0.6,0.05,-0.84,0.56,-0.42,-11.9,6.85,-32.26,-14.54,1.04,-45.41,8
-0.82,0.61,0.03,-0.88,0.5,-0.36,-7.62,5.72,-29.23,-39.02,-8.69,-31.67,8
-0.93,0.5,0.07,-0.87,0.4,-0.35,21.04,4.6,-23.8,-15.06,-28.73,-2.5,8
-1.63,-0.08,0.12,-1.14,0.44,-0.57,-6.95,41.65,-22.07,-52.3,26.84,-20.99,8
-1.45,0.08,0.07,-1.2,0.18,-0.23,-27.43,-1.14,-16.31,-102.83,24.72,-36.01,8
-0.91,-0.17,0.02,-1.19,-0.07,0.35,-13.76,-9.49,-19.48,147.82,-68.06,58.63,8
-0.75,-0.12,-0.04,-0.71,0.22,-0.13,12.32,-0.97,-33.41,121.5,-45.75,79.58,8
-0.86,-0.02,0.04,-0.68,0.36,-0.25,-17.41,-19.5,-24.69,-176.83,25.98,-6.2,8
-0.93,-0.02,-0.01,-0.68,0.29,-0.23,-13.05,-11.82,-20.15,-204.27,39.36,-23.09,8
-1,-0.03,0.08,-0.91,0.15,-0.12,-10.24,-10.07,-14.93,-130.27,29.21,-18.69,8
-1.07,-0.06,0.12,-1.05,0.12,-0.23,9.09,-6.35,-21.6,-41.15,3.18,-15.35,8
-1.02,0.01,0.06,-1.1,0.13,-0.08,-31.72,9.69,-3.69,11.1,-10.63,-9.54,8
-0.86,-0.06,0.17,-0.93,0.18,-0.07,4.47,0.22,-13.2,-9.56,-12.49,-11.02,8
-0.87,-0.05,0.07,-0.84,0.07,-0.12,13.52,11.61,-22,19.31,-18.6,-18.53,8
-0.95,-0.08,0.03,-0.86,0.23,-0.21,-10.4,18.7,-20.52,45.2,-13.64,-28.21,8
-1.05,-0.13,0.04,-1,0.21,-0.08,-5.73,25.82,-9.57,3.42,14.43,-35.89,8
-1,-0.14,0.01,-1.02,0.1,0.02,-1.44,15.66,-6.76,25.77,-2.52,-22.3,8
-0.97,-0.16,0.02,-0.91,0.28,-0.12,5.95,8.62,-3.4,35.85,-13.21,-4.89,8
-0.95,-0.16,-0.03,-0.84,0.25,-0.18,6.35,4.86,0.21,-2.92,-1.14,-2.19,8
-0.96,-0.2,-0.03,-0.9,0.01,-0.06,18.44,2.85,8.08,13.88,-3.34,5.56,8
-0.98,-0.2,-0.02,-0.93,0,-0.1,26.93,-0.12,10.4,35.46,-6.11,10.11,8
-0.99,-0.16,-0.03,-0.93,0.02,-0.15,29.07,-1.47,16.83,55.72,-5.05,18.21,8
-0.93,-0.21,-0.01,-0.91,0.07,-0.17,20.54,-5.11,24.82,54.62,-0.21,25.72,8
-0.91,-0.22,-0.02,-0.87,0.17,-0.05,23.6,-1.34,24.25,68.21,0.24,32.73,8
-0.92,-0.26,-0.01,-0.89,0.25,0,29.16,-3.27,19.36,54.66,2.13,30.52,8
-1.02,-0.23,0.04,-1.14,0.16,0.16,40.02,-6.6,9.47,-22.56,2.49,5.67,8
-1.32,0.5,-0.18,-1.4,0.06,-0.15,36.23,17.32,20.15,158.39,-21.36,52.14,8
-1.31,0.48,0.05,-1.12,0.48,-0.68,27.25,-22.49,4.69,-18.48,-15.72,-35.2,8
-1.22,0.44,0.07,-1.07,0.51,-0.68,31.78,-14.48,6.17,-26.79,-8.82,-60.34,8
-0.87,0.45,0.1,-0.73,0.37,-0.36,20.73,-8.38,24.05,45.14,-18.98,-37.24,8
-0.71,0.28,-0.02,-0.63,0.38,-0.3,15.41,-15.93,22.87,76.85,-17.03,-6.49,8
-0.89,0.38,0.07,-0.77,0.5,-0.4,12.25,-13.11,9.37,19.21,2.38,-18.28,8
-0.93,0.34,0.02,-0.88,0.48,-0.4,-7.04,-13.63,5.02,3.79,5.21,-22.5,8
-0.93,0.33,0.08,-0.82,0.45,-0.36,-21.21,-10.53,-0.96,10.73,7.2,-5.46,8
-0.86,0.31,0.14,-0.75,0.45,-0.3,-50.71,-20.18,4.61,16.45,16.06,25.93,8
-1.13,0.23,0.1,-1.07,0.52,-0.34,-28.75,-7.87,13.33,-49.18,44.75,24.65,8
-1.14,0.27,0.19,-1.14,0.52,-0.31,-31.82,0.94,15.89,-93.2,48.44,6.82,8
-0.95,0.26,0.18,-1.01,0.42,-0.24,-10.74,-5.91,17.98,-125.76,36.93,17.39,8
-0.89,0.36,0.13,-0.99,0.3,-0.24,0.82,1.74,21.84,-104.66,12.77,51.48,8
-0.92,0.42,0.1,-0.91,0.29,-0.32,-6.31,9.51,22.62,-11.93,-17.96,72.56,8
-0.92,0.41,0.12,-0.86,0.32,-0.32,-5.33,11.64,18.93,20.59,-20.66,61.6,8
-0.95,0.43,0.13,-0.8,0.39,-0.39,-1.96,8.44,11.93,46.13,-16.28,34.26,8
-0.9,0.48,0.12,-0.76,0.49,-0.42,-4.22,9.94,8.25,34.41,-6.06,4.11,8
-0.86,0.5,0.1,-0.73,0.61,-0.43,-1.48,12.12,-0.92,-9.7,10.64,-32.03,8
-0.86,0.49,0.08,-0.73,0.61,-0.42,-3.65,12.2,-6.86,-22.31,16.3,-43.92,8
-0.83,0.52,0.08,-0.72,0.58,-0.4,-1.15,14.35,-14.63,-18.99,18.08,-50.02,8
-0.79,0.54,0.06,-0.75,0.55,-0.39,-6.06,15.21,-19.73,-10.87,12.6,-52.32,8
-0.8,0.59,-0.01,-0.85,0.58,-0.32,-15.21,14.92,-13.87,-1.53,-5.06,-34.73,8
-1.27,0.36,-0.03,-0.95,0.39,-0.37,-2.74,2.57,-13.38,15.06,-16.19,-16.41,8
-1.28,-0.05,0.06,-1.38,0.59,-0.75,-17.82,55.98,-13.5,82.91,5.92,1.08,8
-1.45,-0.08,0.33,-1.28,0.59,-0.13,-40.39,-9.81,-12.75,-24.25,24.59,-7.49,8
-0.8,-0.16,-0.08,-1.07,-0.11,0.19,30.26,6.28,-30.66,2.67,-44.66,25.27,8
-0.73,-0.11,-0.01,-0.79,0.33,0,12.05,-0.89,-39.42,35,-18.01,54.27,8
-0.8,0.04,0.02,-0.64,0.4,-0.25,-19.92,-11.18,-30.72,-113.01,7.93,18.86,8
-0.88,-0.03,-0.04,-0.59,0.32,-0.33,-16.22,-4.68,-20.49,-192.81,32.68,-20.76,8
-0.97,-0.07,0.15,-0.88,0.16,-0.15,-6.16,-8.52,-13.15,-67.6,8.05,-10.4,8
-1,0.02,0.09,-0.87,0.18,-0.21,-1.67,-20.52,-13.34,-7.85,-3.53,6.37,8
-1.16,0.1,0.01,-1.01,0.3,-0.25,-14.46,-16.01,3.18,34.44,6.11,13.86,8
-1.06,0.06,0.05,-1.01,0.35,-0.15,-9.81,8.63,6.9,5.69,13.36,-5.11,8
-0.97,-0.09,0.1,-1.11,-0.14,0.13,11.91,-3.54,-7.31,45.15,-19.4,-18.95,8
-0.99,-0.08,0.07,-1.02,0.18,-0.08,14.96,0.37,-8.8,79.92,-33.94,-25.05,8
-1,-0.13,0.08,-1.01,0.36,-0.21,25.22,2.5,-14.45,63.61,-26.63,-20.6,8
-1.03,-0.08,0.13,-0.94,0.34,-0.21,33.21,-4.51,-15.4,23.5,-12.83,-13.89,8
-0.95,-0.1,0.1,-0.9,0.23,-0.1,28.99,-1.4,-6.76,32.76,-15.75,-2.62,8
-0.94,-0.08,0.09,-0.87,0.2,-0.07,29.63,4.16,-3.11,48.51,-15.89,5.48,8
-0.96,-0.1,0.1,-0.86,0.23,-0.05,23.56,4.16,4.55,56.56,-10.59,10.53,8
-0.96,-0.13,0.09,-0.89,0.26,-0.01,17.61,3.88,12.94,41.56,-1.02,4.92,8
-0.94,-0.15,0.08,-0.9,0.26,-0.03,17.12,4.11,17.47,28.22,1.66,13.69,8
-0.93,-0.17,0.07,-0.9,0.22,-0.01,21.27,4.47,18.09,17.32,0.88,16.59,8
-0.93,-0.18,0.02,-0.9,0.13,0.03,19.81,1.98,16.31,31.46,-4.52,23.48,8
-0.94,-0.17,0.07,-0.94,0.18,0.08,7.85,-3.05,10.59,58,-7.95,26.21,8
-1.35,0.65,-0.05,-1.24,0.63,-0.36,-4.66,56.95,24.18,90.36,4.56,18.92,8
-1.31,0.42,0.17,-1.28,0.62,-0.34,5.96,29.82,15.28,-20.39,-7.45,-35.54,8
-1.25,0.44,0.02,-1.11,0.41,-0.65,2.31,4.53,4.85,-39.59,5.71,-64.87,8
-0.98,0.58,0.12,-0.89,0.4,-0.45,0.53,4.72,17.44,-31.23,7.95,-69.73,8
-0.79,0.36,0.1,-0.65,0.38,-0.31,-7.29,2.35,28.98,2.56,6.92,-32.05,8
-0.91,0.34,-0.02,-0.77,0.45,-0.36,-8.15,-4.44,20,-12.82,13.05,-47.19,8
-0.94,0.39,0.04,-0.87,0.49,-0.37,-7.66,-7.64,15.98,-28.93,17.39,-73.21,8
-0.92,0.32,0.03,-0.89,0.49,-0.35,-10.21,-1.78,7.34,-15.26,9.08,-56.55,8
-0.91,0.31,0.07,-0.87,0.47,-0.38,-14.85,-19.21,-8.85,9.22,-6.31,37.53,8
-0.91,0.36,-0.03,-0.92,0.45,-0.39,-25.73,-16.85,-4.7,9.96,-4.06,74.77,8
-1,0.36,0.05,-1.04,0.45,-0.41,-27.76,6.2,3.5,-0.44,8.75,103.88,8
-1.07,0.39,0.04,-0.95,0.45,-0.33,-46.02,3.31,15.08,-49.62,29.34,95.09,8
-0.88,0.44,0.14,-0.84,0.35,-0.28,-33.24,9.53,26.34,-137.92,42.37,47.36,8
-0.9,0.41,0.15,-0.87,0.29,-0.3,-45.33,2.97,26.31,-122.95,36.41,36.39,8
-0.97,0.38,0.05,-0.9,0.32,-0.3,-35.17,10.6,20.48,-61.88,23.5,15.93,8
-0.91,0.4,0.12,-0.87,0.39,-0.3,-24.12,13.32,13.08,-14.8,13.14,-0.38,8
-0.87,0.45,0.12,-0.84,0.49,-0.37,-11.95,16.24,5.34,12.53,1.08,2.94,8
-0.87,0.44,0.07,-0.78,0.52,-0.37,-13.6,14.08,1.11,10.96,-1.31,-3.37,8
-0.88,0.46,0.1,-0.76,0.57,-0.4,-0.73,15.75,-7.22,5.24,-2.79,-18.85,8
-0.87,0.49,0.1,-0.7,0.62,-0.43,2.56,11.69,-15.63,13.24,-1.72,-32.43,8
-0.8,0.53,0.09,-0.71,0.59,-0.41,2.96,13.09,-24.73,8.71,3.69,-43.34,8
-0.76,0.55,0.09,-0.7,0.58,-0.39,-7.24,16.57,-25.23,7.41,9.15,-45.24,8
-0.77,0.56,0.1,-0.71,0.55,-0.36,-15.75,21.91,-25.29,-6.48,17.7,-48.63,8
-1.21,0.39,-0.04,-1,0.5,-0.42,-31.6,-8.47,-28.69,-13.92,18.42,-47.44,8
-1.55,-0.15,-0.28,-1.14,0.37,-0.22,-37.25,24.12,-14.05,-8.29,23.06,-11.84,8
-1.5,-0.32,-0.17,-1.39,0.31,-0.13,-0.01,1.2,-11.23,-109.55,33.58,-4.06,8
-1.22,-0.08,-0.32,-1.55,-0.11,0.19,4.24,6.32,-23.97,-59.08,-51.9,22.53,8
-1.06,-0.08,0.02,-1.05,-0.09,-0.23,20.85,0.12,-33.24,-10.97,-39.22,25.05,8
-0.72,-0.02,-0.14,-0.6,0.1,-0.25,11.53,-1.82,-26.4,5.5,-12.52,3.24,8
-0.74,-0.08,-0.09,-0.56,0.15,-0.26,14.08,-3.84,-19.76,-11.04,-6.22,-3.83,8
-0.88,0,-0.11,-0.72,0.17,-0.26,20.83,-12.15,-5.72,-21.82,-3.4,-9.65,8
-1.1,0.06,-0.1,-0.99,0.22,-0.32,4.88,-24.52,-2.94,10.3,-5.16,-8.25,8
-1.07,-0.03,-0.03,-1,0.34,-0.27,8.84,-20.02,3.56,30.46,2.04,-10.05,8
-0.95,-0.07,-0.03,-0.91,0.33,-0.22,20.98,-13.14,-4.4,2.85,9.77,-16.63,8
-1.05,-0.13,0.05,-0.93,0.3,-0.2,26.73,-17.44,-10.79,-22.19,20.49,-20.27,8
-0.97,-0.05,0.03,-1.08,-0.07,0.03,28.89,-6.6,-4.12,20.05,3.21,-5.76,8
-0.99,-0.08,0.04,-0.96,0.21,-0.09,21.95,-11.34,3.23,50.14,-32.4,-0.82,8
-0.95,-0.08,0.03,-0.92,0.23,-0.14,22.28,-4.99,5.68,1.3,-17.78,-12.98,8
-0.94,-0.11,0.05,-0.89,0.16,-0.17,21.64,2.05,8.26,15.81,-8.6,-4.42,8
-0.94,-0.13,0.05,-0.86,0.18,-0.16,21.9,2.57,10.95,19.32,-3.76,2.07,8
-0.93,-0.14,0.05,-0.92,0.15,-0.15,18.4,2.57,13.69,13.63,4.17,18.08,8
-0.91,-0.18,0.04,-0.93,0.04,-0.07,22.52,2.43,12.21,15.34,0.23,18.53,8
-0.92,-0.22,-0.01,-0.93,-0.01,0.01,23.84,4.78,6.91,50.54,-5.34,21.6,8
-0.85,-0.17,0.02,-0.94,-0.02,0.09,19.47,12.7,0.48,75.66,-8.27,24.29,8
-1.32,0.63,0.26,-1.68,0.62,-0.31,30.85,59.23,19.82,99.15,-2.95,1.01,8
-1.37,0.44,-0.23,-1.12,0.63,-0.58,16.46,23.67,9.59,15.46,-16.92,-35.74,8
-1.16,0.53,0.17,-0.99,0.43,-0.7,0.16,1.92,5.73,-12.05,-7.35,-34.69,8
-0.94,0.44,-0.04,-0.79,0.37,-0.39,7.24,18.24,25.5,-6.63,-6.98,-45.81,8
-0.82,0.28,-0.04,-0.68,0.38,-0.38,-1.56,1.03,25.16,20.19,2.34,-25.77,8
-0.9,0.26,-0.12,-0.77,0.45,-0.46,18.22,-1.98,12.5,2.96,5.53,-40.93,8
-0.89,0.45,-0.03,-0.82,0.43,-0.49,-5.41,3.21,9.5,6.32,5.96,-44.05,8
-1,0.44,0.01,-0.87,0.44,-0.45,-24.67,-4.21,8.55,34.24,8.15,-10.29,8
-0.98,0.29,0,-0.88,0.49,-0.41,-20.51,-7.22,5.82,-17.85,27.89,24.86,8
-0.94,0.28,-0.01,-0.91,0.48,-0.34,-13.69,-13.43,1.76,-55.87,32.73,36.91,8
-0.92,0.36,-0.02,-0.97,0.44,-0.32,-21.69,-13.92,5.62,-93.77,28.81,55.5,8
-0.96,0.36,0.04,-1.02,0.37,-0.37,-23.96,-11.11,8.34,-93.69,15.91,76.36,8
-0.97,0.39,0.04,-0.98,0.33,-0.3,-15.86,-1.66,9.29,-52.55,-2.36,74.82,8
-0.91,0.42,0.08,-0.9,0.33,-0.29,-16.91,-1.26,10.58,-43.65,-4.05,65.62,8
-0.92,0.4,0.09,-0.86,0.32,-0.29,-14.59,0.31,11.04,-38.24,-4.48,44.21,8
-0.93,0.41,0.07,-0.83,0.35,-0.29,-13.6,0.67,8.77,-14.72,-6.74,24.32,8
-0.87,0.42,0.08,-0.82,0.6,-0.42,-2.6,2,5.25,120.45,-16.88,62.66,8
-0.87,0.43,0.1,-0.77,0.8,-0.49,-0.56,2.37,-1.15,39.04,-9.37,33.91,8
-0.88,0.46,0.1,-0.63,0.69,-0.49,4.01,1.81,-10.82,-53.32,5.26,-11.77,8
-0.85,0.5,0.1,-0.57,0.62,-0.44,6.46,4.66,-18.89,-24.89,3.12,-22.44,8
-0.81,0.54,0.09,-0.56,0.57,-0.43,-9.47,1.25,-25.52,-22.88,-3.48,-56.11,8
-0.82,0.57,0.07,-0.63,0.53,-0.41,-14.47,2.38,-23.6,-15.76,-3.87,-69.46,8
-0.81,0.63,0.05,-0.77,0.52,-0.43,-22.94,9.49,-11.27,-12.27,-1.13,-79.27,8
-1.66,0.16,0.02,-1.12,0.46,-0.46,-11.73,-69.1,-14.93,-39.53,17.11,-89.42,8
-1.4,0.03,0.02,-1.33,0.59,-0.06,-52.84,21.63,-2.03,-71.21,60.64,-61.06,8
-1.16,-0.23,0.04,-1.14,0.39,-0.01,-22.26,-0.16,-9.73,-133.95,43.76,-26.98,8
-0.83,-0.26,-0.03,-1.13,-0.1,0.21,10.78,16.75,-31.51,16.06,-35.16,28.53,8
-0.82,-0.05,0.03,-0.72,0.21,-0.09,-16.28,-5.58,-36.94,-4.12,-32.45,25.38,8
-0.93,-0.06,-0.04,-0.8,0.12,-0.2,-6.05,-7.53,-18.56,-71.88,3.95,8.8,8
-0.93,-0.07,-0.02,-0.79,0.16,-0.2,-8.71,-3.79,-12.93,-42.38,2.03,10.16,8
-0.95,-0.04,0.04,-0.86,0.16,-0.26,-7.18,-2.53,-3.73,-2.18,-9.7,14.95,8
-0.99,0.04,0.04,-0.83,0.17,-0.27,-10.6,-16.1,7.52,24.86,-12.53,24.45,8
-1.13,0.08,0.07,-0.98,0.28,-0.28,3.31,-25.18,17.34,21.59,1.71,2.14,8
-1.1,0.01,0.07,-1.02,0.3,-0.32,11.65,-16.93,11.63,24.92,6.71,-8.33,8
-0.95,-0.09,0.06,-1.09,0.18,-0.12,23.93,-0.84,1.34,29.48,2.28,-12.85,8
-0.94,-0.1,0.06,-1.01,-0.13,0.09,39.67,-2.56,-8.29,136.69,-45.19,5.08,8
-1.01,0,0.06,-0.96,0.37,-0.19,26.92,-10.2,-6.62,19.02,-22.39,-12.2,8
-0.99,-0.05,0.06,-0.91,0.26,-0.19,26.54,-7.82,-4.09,-10.72,-13.6,-19.42,8
-0.96,-0.1,0.07,-0.88,0.15,-0.1,25.66,-1.6,-1.89,13.59,-9.74,-16.47,8
-0.94,-0.14,0.08,-0.91,0.16,-0.07,24.19,1.22,-0.66,43.07,-10.84,-7,8
-0.96,-0.15,0.07,-0.92,0.18,-0.06,25.85,-7.23,2.53,16.56,-1.64,1.34,8
-0.95,-0.19,0.05,-0.92,0.13,-0.02,28.62,-3.55,3.29,15.55,-1.18,6.89,8
-0.88,-0.19,0.06,-0.9,0.15,0,22.54,1.29,-0.41,12.48,1.77,9.85,8
-0.96,-0.09,0.05,-0.99,0.07,0.06,13.39,10.4,-7.56,33.15,-3.27,12.45,8
-1.33,0.66,0.01,-1.31,0.85,-0.41,5.33,35.58,9.95,16.44,-26.39,-44.16,8
-1.26,0.28,0.24,-1,0.56,-0.69,12.83,-5.81,0.77,-15.16,-17.41,-33.57,8
-0.99,0.53,0.13,-1.07,0.35,-0.37,0.21,-3.92,8.85,-53.22,-15.85,-46.37,8
-0.66,0.36,0.14,-0.58,0.35,-0.25,10.27,16.86,23.27,2.47,-12.94,-21.63,8
-0.91,0.29,0,-0.8,0.46,-0.44,-8.61,-11.59,2.32,25.74,-2.7,-21.67,8
-0.93,0.33,0.09,-0.81,0.5,-0.45,-12.07,-5.34,-0.15,4.99,2.83,-36.24,8
-0.99,0.33,0.12,-0.81,0.44,-0.42,-17.72,-17.02,-0.12,-2.98,8.85,-23.85,8
-0.96,0.27,0.18,-0.82,0.45,-0.38,-18.42,-21.31,8.6,4.45,15.34,9.89,8
-0.9,0.26,0.14,-0.82,0.44,-0.27,-17.77,-22.28,14.72,-35.56,31.06,37.69,8
-0.98,0.27,0.17,-0.95,0.43,-0.33,-6.56,-21.76,15.56,-60.24,32.29,35.77,8
-1,0.28,0.2,-1.07,0.39,-0.36,-6.75,-2.77,17.7,-55.57,27.63,39.04,8
-0.99,0.27,0.23,-1.07,0.36,-0.33,14.06,0.17,12.4,-33.95,17.6,52.62,8
-0.91,0.35,0.17,-0.97,0.32,-0.25,9.6,5.34,14.09,-43.84,9.43,61.98,8
-0.92,0.4,0.16,-0.95,0.33,-0.27,10.29,8.39,14.2,-51.31,6.47,46.69,8
-0.93,0.43,0.19,-0.89,0.16,-0.26,0.87,8.37,15.63,-34.65,2.34,15.32,8
-0.91,0.4,0.16,-0.95,0.31,-0.23,0.61,14.09,9.99,18.34,-6.55,0.64,8
-0.89,0.46,0.17,-0.91,0.42,-0.29,-3.94,14.97,5.09,30.63,-14.34,-26.89,8
-0.88,0.45,0.16,-0.91,0.44,-0.29,-6.79,14.05,1.97,34.94,-16.34,-32.97,8
-0.88,0.44,0.15,-0.83,0.56,-0.37,-4.94,15.39,-4.27,30.61,-12.98,-45.98,8
-0.84,0.45,0.13,-0.77,0.6,-0.38,-0.92,17.99,-11.43,-6.91,-2.96,-66.48,8
-0.8,0.49,0.07,-0.78,0.55,-0.43,-1.5,19.98,-19.63,1.46,2.47,-58.46,8
-0.77,0.54,0.07,-0.76,0.52,-0.43,-12.87,17.15,-20.17,8.02,-3.55,-44.39,8
-0.84,0.62,0.07,-0.76,0.48,-0.47,-29.31,8.74,-12.02,28,-7.24,-13.73,8
-1.26,0.39,0,-0.9,0.43,-0.45,-21.72,-3.57,-0.31,20.18,-6.23,3.37,8
-1.67,0.13,-0.01,-1.2,0.47,-0.31,-63.04,21.37,5.39,-6.95,37.13,7.95,8
-1.33,0.04,0.19,-1.25,0.36,-0.15,-49.91,-8.52,2.27,-116.19,68.43,4.56,8
-0.93,-0.25,-0.04,-1.29,-0.34,-0.06,-7.92,12.54,-25.89,-202.13,57.66,-12.46,8
-0.75,-0.13,0.1,-1.01,-0.26,0.25,-4.54,3.75,-41.11,111.68,-42.31,51.98,8
-0.91,0.03,-0.03,-0.88,0.2,-0.09,-14.55,-27.45,-19.21,-111.99,-5.18,2.13,8
-0.91,0.03,-0.02,-0.81,0.09,-0.2,-13.6,-18.27,-10.03,-104.77,0.82,-0.92,8
-0.98,0.03,0.09,-0.78,0.18,-0.26,-8,-15.47,-0.37,-45.69,1.34,4.75,8
-1.04,0.1,0.13,-0.91,0.22,-0.31,-14.89,-22.16,1.18,-10.44,-14.36,4.7,8
-1.03,0.07,0.14,-0.97,0.32,-0.36,0.5,-7.87,2.4,24.43,-2.37,9.02,8
-0.96,0.05,0.15,-0.93,0.26,-0.33,-4.38,-0.05,-1.39,10.82,5.34,11.73,8
-0.93,-0.04,0.07,-1.25,-0.54,0.11,10.63,10.42,-8.91,137.59,-27.71,12.92,8
-0.97,-0.1,0.04,-1.05,0.2,-0.22,33.21,16.23,-18.59,46.81,-13.71,-34.25,8
-1.04,-0.07,0.11,-0.98,0.16,-0.23,37.8,1.56,-26.57,-33.59,-9.37,-38.23,8
-0.98,-0.06,0.1,-0.92,0.14,-0.2,36.87,-0.5,-25.91,32.26,-21.82,-7.89,8
-0.99,-0.06,0.09,-0.87,0.18,-0.23,25.89,-2.01,-18.71,66.7,-23.86,12.79,8
-0.99,-0.12,0.09,-0.91,0.09,-0.1,25.75,1.95,-11.44,55.37,-12.03,-2.92,8
-0.93,-0.16,0.07,-0.93,0.14,-0.04,31.89,0.79,-1.36,20.54,4.3,-12.02,8
-0.99,-0.17,0.05,-0.91,0.15,-0.05,24.6,0.02,6.61,13.92,-0.42,-1.72,8
-0.91,-0.19,0.06,-0.85,0.12,-0.04,23.14,0.24,14.94,18.02,-7.24,13.56,8
-0.93,-0.25,0.08,-0.82,0.06,-0.1,28.85,-0.23,15.99,12.01,-3.08,9.87,8
-0.97,-0.19,-0.01,-1.06,-0.02,-0.01,31.11,0.87,8.29,36.22,7.63,13.15,8
-0.95,-0.04,-0.01,-1.08,-0.05,-0.05,17.63,13.05,6.11,96.54,-0.37,31.13,8
-1.84,0.68,-0.04,-1.56,0.48,-0.49,-8.11,-15.38,8.53,81.04,24.3,26.22,8
-1.46,0.72,-0.08,-1.2,0.55,-0.49,25.61,11.01,22.05,-118.71,6.73,-54.51,8
-0.9,0.4,0.1,-0.84,0.23,-0.36,0.35,10.27,29.53,41.95,-10.76,-7.71,8
-0.69,0.37,0.08,-0.58,0.37,-0.29,12.44,18.61,31.59,98.4,-12.6,6.5,8
-0.72,0.33,0.08,-0.54,0.47,-0.39,5.11,4.35,26.22,71.02,1.19,2.02,8
-0.88,0.32,0,-0.81,0.56,-0.44,10.15,-4.71,11.5,-22.56,14.47,-26.98,8
-0.93,0.46,0.13,-0.89,0.4,-0.4,-12.21,-7.83,10.15,-38.85,8.58,-14.21,8
-0.94,0.33,0.15,-0.91,0.38,-0.39,-12.01,-11.1,7.08,-14.63,5.9,17.58,8
-0.96,0.27,0.09,-0.96,0.37,-0.4,-11.52,-2.18,0.24,4.32,6.97,44.05,8
-0.97,0.33,0.08,-0.98,0.28,-0.37,-11.27,4.02,-2.15,23.2,15.32,44.95,8
-0.97,0.36,0.12,-0.94,0.22,-0.25,-28.63,3.44,6.95,-7.72,23.33,26.38,8
-0.92,0.42,0.14,-0.85,0.25,-0.3,-30.85,4.77,14.34,-27.39,30.11,17.25,8
-0.9,0.45,0.09,-0.83,0.27,-0.37,-32.6,7.07,23.02,-59.71,34.82,-1.25,8
-0.94,0.43,0.14,-0.9,0.23,-0.34,-41.34,5.1,23.64,-47.21,23.85,-14.75,8
-0.92,0.41,0.12,-0.88,0.4,-0.4,-30.36,6.35,15.72,-70.95,22.25,-41.17,8
-0.88,0.43,0.12,-0.86,0.4,-0.44,-21.08,8.59,11.85,-77.26,18.63,-41.07,8
-0.86,0.48,0.12,-0.87,0.35,-0.39,-9.4,14.69,6.2,-38.4,1.56,-26.95,8
-0.86,0.47,0.14,-0.84,0.42,-0.43,-9.38,10.22,-1.58,6.85,-10.37,-17,8
-0.8,0.52,0.13,-0.74,0.56,-0.51,-3.32,4.92,-15.51,-3.55,-9.03,-18.85,8
-0.78,0.54,0.11,-0.76,0.57,-0.57,-7.42,5.55,-18.09,-28.24,-5.13,-19.76,8
-0.79,0.6,0.11,-0.72,0.45,-0.63,-12.19,3.86,-17.16,-40.21,0.38,-11.58,8
-0.77,0.54,0.1,-0.83,0.22,-0.47,9.03,9.69,-11.89,3.56,-10.24,7.6,8
-1.43,0.12,-0.24,-1.36,0.38,-0.36,-17.57,73.11,-6.47,62.82,10.53,0.57,8
-1.42,0.11,0.08,-1.36,-0.38,0.08,-20.18,21.64,-13.29,113.38,1.35,56.63,8
-1.19,-0.18,0.11,-1.31,0.49,-0.15,-13.52,-2.97,-21.8,145.02,1.81,92.24,8
-0.83,-0.08,-0.03,-0.89,0.47,0.01,-29.88,7.73,-38.37,-12.67,-2,38.79,8
-0.86,0,-0.01,-0.73,0.19,0,-38.63,-17.98,-22.26,-157.92,11.22,-50.85,8
-0.88,-0.01,-0.1,-0.8,0.24,-0.15,-23.61,-4.75,-13.92,-200.68,18.66,-70.52,8
-0.92,-0.09,0,-0.85,0.12,-0.36,-10.31,-1.38,-9.48,-185.2,6.89,-58.72,8
-1.11,-0.08,0.01,-0.99,0.04,-0.48,2,-16.57,-12.08,-63.08,-13.01,-15.97,8
-1.05,0.05,0,-0.88,0.18,-0.43,24.85,-18.07,-0.65,88.47,-29.29,44.44,8
-0.96,-0.01,0.05,-0.86,0.2,-0.4,25.86,-11.7,-1.47,82.82,-18.2,44.83,8
-0.99,-0.02,0.05,-0.89,0.17,-0.29,34.34,-2.87,-4.69,45.99,2.68,16.41,8
-0.97,-0.09,0.04,-1.12,-0.12,-0.08,41.84,1.04,-8.48,107.11,-17.04,6.69,8
-1.02,-0.06,0.04,-1,0.26,-0.16,35.75,-5.4,-6.82,52.48,-25.12,-9.24,8
-1,-0.06,0.06,-0.93,0.29,-0.22,31.67,-2.08,-4.74,20.18,-13.98,-15.48,8
-0.97,-0.09,0.07,-0.84,0.19,-0.15,28.14,2.05,3.44,15.79,-5.44,-14.85,8
-0.98,-0.13,0.08,-0.88,0.18,-0.11,28.27,-9.92,7.75,28.79,-3.38,-8.42,8
-0.94,-0.14,0.04,-0.95,0.15,-0.11,38.35,-3.71,10.88,23.99,-7.09,6.26,8
-0.93,-0.14,0.07,-0.96,0.09,-0.06,38.75,-1.22,10.98,23.93,-9.37,12.55,8
-0.91,-0.15,0.04,-0.88,0.02,-0.08,41.21,-2.14,10.04,22.26,-3.05,12.83,8
-0.86,-0.17,0.03,-0.88,-0.01,-0.03,34.27,3.29,6,33.72,0.48,13.7,8
-1.73,0.53,-0.14,-1.51,0.36,-0.44,-2.88,-27.25,-5.36,151.32,18.45,28.34,8
-1.32,0.67,0.04,-1.54,0.92,-0.47,23.1,66.81,14.93,47.79,4.16,-15.07,8
-1.28,0.49,0.35,-1.07,0.64,-0.71,17.89,-0.73,9.77,-108.97,0.4,-32.63,8
-1.06,0.52,0.01,-1.05,0.24,-0.47,1.89,-8.77,16.89,-120.48,-1.56,-44.7,8
-0.73,0.45,0.1,-0.6,0.28,-0.37,4.74,5.15,31.08,54.48,-8.32,15.99,8
-0.77,0.35,-0.02,-0.63,0.4,-0.42,4.91,-3.79,25.95,65.15,-4.92,14.24,8
-0.83,0.37,-0.07,-0.72,0.51,-0.5,6.82,5.7,12.6,17.05,5.18,-19.87,8
-0.91,0.46,0.04,-0.82,0.48,-0.5,-17.11,-3.49,6.13,-20.46,12.84,-34.41,8
-0.97,0.35,0.03,-0.89,0.43,-0.43,-23.8,-7.94,1.63,-26.24,27,-5.4,8
-0.94,0.35,0.04,-0.88,0.44,-0.37,-23.64,-10.34,-1.9,-38.92,31.11,8,8
-0.96,0.42,0.07,-0.92,0.41,-0.33,-40.95,-20.04,1.6,-60.82,25.4,20.03,8
-0.88,0.36,0.03,-0.87,0.33,-0.32,-53.15,-11.95,11.17,-62.89,14.51,30.71,8
-0.88,0.42,0.13,-0.84,0.33,-0.33,-58.24,0.54,23.52,-30.48,17.66,50.69,8
-1.05,0.45,0.12,-1.03,0.37,-0.44,-52,5.1,25.02,-34.62,24.08,35.82,8
-1.14,0.44,0.22,-1.11,0.39,-0.44,-33.35,20.69,17.97,-17.22,15.32,3.94,8
-0.88,0.41,0.21,-0.87,0.35,-0.36,-37.46,18.27,11.73,-49.77,13.99,-19.47,8
-0.89,0.39,0.09,-0.85,0.39,-0.41,-6.95,15.37,-2.89,-32.66,5.41,-18.88,8
-0.89,0.43,0.13,-0.82,0.43,-0.45,-1.97,8.79,-9.13,-23.17,-1.63,-27.4,8
-0.83,0.46,0.12,-0.77,0.44,-0.46,2.78,8.76,-13.18,-20.09,-11.4,-31.17,8
-0.8,0.47,0.15,-0.69,0.41,-0.53,9.15,5.89,-13.66,10.42,-19.97,-17.04,8
-0.79,0.59,0.12,-0.64,0.47,-0.55,6.89,13.6,-12.95,19.65,8.6,-35.85,8
-0.77,0.59,0.12,-0.71,0.51,-0.54,-1.21,17.07,-10.6,-4.3,21.11,-55.44,8
-0.77,0.56,0.12,-0.87,0.4,-0.38,1.08,13.87,-8.03,10.59,9.57,-46.03,8
-1.42,0.11,-0.06,-1.32,0.41,-0.81,23.08,-68.63,-23.38,60.21,7.64,-5.12,8
-1.52,-0.12,0.09,-1.68,-0.74,0.13,-9.68,11.24,-18.66,65.68,-31.61,29.95,8
-1.37,-0.09,-0.04,-1.48,-0.04,-0.1,-6.69,-4.39,-22.41,128.94,-44.85,56.95,8
-1.11,-0.15,-0.08,-1.17,0.04,-0.11,10.55,10.6,-35.54,26.83,-29.12,26.33,8
-0.83,-0.04,0.05,-0.71,0.24,-0.25,-9.21,-5.95,-31.65,-78.95,-5.71,7.21,8
-0.76,-0.07,-0.08,-0.54,0.05,-0.21,7.77,-16.63,-16.48,-83.44,6.05,4.32,8
-0.83,-0.06,-0.01,-0.66,0.11,-0.24,17.37,-16.79,-13.18,-31.63,-2.67,10.62,8
-0.95,0.02,0,-0.84,0.2,-0.26,6.31,-20.95,-8.44,3.79,-12.1,14.27,8
-1.06,0.06,0.05,-0.97,0.23,-0.29,-3.32,-19.07,1.15,4.98,-7.7,20.4,8
-1.12,0.09,0.09,-1.03,0.19,-0.27,15.94,-25.72,7.95,11.16,-4.07,25.56,8
-1.01,0.03,0.11,-1.13,-0.07,-0.08,26.73,-9.18,0.54,56.22,-18.33,21.87,8
-0.93,0,0.06,-0.99,0.17,-0.17,17.38,-5.75,-7.85,88.53,-32.11,1.97,8
-0.94,-0.03,0.05,-1.01,0.27,-0.17,13.24,-1.62,-15.24,27.31,-18.44,-26.98,8
-1.04,-0.03,0.12,-0.96,0.3,-0.19,14.94,-6.17,-20.11,8.27,-12.73,-16.04,8
-1.05,-0.03,0.11,-0.94,0.29,-0.2,11.85,-8.12,-16.84,13.54,-16.29,-6.15,8
-0.99,-0.07,0.08,-0.94,0.19,-0.12,10,-4.01,-13.56,1.21,-14.92,-5.24,8
-1.01,-0.06,0.11,-0.9,0.21,-0.16,-3.26,-7.27,-5.85,-16.35,-1.66,-8.65,8
-0.9,-0.16,0.09,-0.86,-0.06,-0.15,6.89,-1.04,0.31,-44.09,9.98,-23.62,8
-0.95,-0.21,0.11,-0.92,0.09,-0.12,12.08,-2.47,2.47,-33.69,11.59,-21.35,8
-0.96,-0.22,0.1,-0.9,0.13,-0.19,17.83,-3.81,5.96,-17.73,3.47,-5.62,8
-0.92,-0.22,0.12,-0.89,0.08,-0.14,17.92,-6.52,10.85,5.22,-7.63,21.42,8
-0.87,-0.25,0.08,-0.83,-0.05,-0.11,25.45,-0.51,12.22,45.5,-7.77,33.62,8
-0.81,-0.26,-0.02,-0.88,-0.05,-0.03,22.43,8.24,8.56,78.79,-5.18,36,8
-0.83,0,0.07,-1.02,0.02,-0.03,17.82,29.95,6.92,121.72,-14.72,35.08,8
-2,0.87,0.51,-1.9,0.73,-0.74,-7.31,-33.85,8.1,82.09,38.27,-14.15,8
-1.13,0.45,0.22,-0.97,0.44,-0.68,20.27,-0.08,11.43,-100.43,11.37,-47.76,8
-0.97,0.53,0.09,-0.91,0.19,-0.4,16.31,10.73,21.38,-15.69,1.37,-20.47,8
-0.71,0.39,0.09,-0.62,0.35,-0.32,26.84,22.68,30.28,104.6,-12.15,14.67,8
-0.79,0.31,0.01,-0.64,0.5,-0.36,10.94,7.48,22.31,124.71,-11.73,20.73,8
-0.88,0.35,0.02,-0.82,0.51,-0.43,7.55,3.88,1.78,11.09,-0.68,-17.89,8
-0.92,0.37,0.05,-0.82,0.42,-0.39,-7,-6.66,-1.8,15.74,-2.9,-6.17,8
-0.96,0.29,0.01,-0.87,0.41,-0.41,-6.76,-2.97,-2.47,51.73,-0.17,27.54,8
-0.99,0.32,0.03,-0.89,0.4,-0.42,-12.98,-5.96,-1.58,84.02,8.16,54.15,8
-1.05,0.34,0.07,-0.96,0.38,-0.39,-25.69,-5.31,7.63,21.87,27.71,29.33,8
-1,0.31,0.08,-0.97,0.4,-0.34,-19.31,1.42,10.46,-19.29,32.34,14.62,8
-1,0.38,0.13,-0.91,0.33,-0.31,-23.64,-1.42,16.53,-56.58,33.79,5.05,8
-0.97,0.36,0.09,-0.98,0.33,-0.36,-20.66,-7.62,16.1,-77.83,26.39,-9.73,8
-0.92,0.38,0.09,-0.89,0.19,-0.5,-16.89,-6.44,10.11,-8.58,-2.19,-8.76,8
-0.9,0.4,0.12,-0.87,0.14,-0.61,-13.58,-7.12,7.46,100.72,-20.6,27.61,8
-0.81,0.39,0.11,-0.68,0.28,-0.65,-2.46,3.76,4.42,200.11,-33.5,66.82,8
-0.79,0.43,0.11,-0.58,0.44,-0.64,6.38,5.35,-0.65,147.63,-21.91,45.66,8
-0.85,0.56,0.1,-0.71,0.45,-0.58,-4.88,-2.92,-8.4,6.95,0.05,-12.9,8
-0.94,0.62,0.11,-0.82,0.46,-0.61,-17.25,-12.57,-11.18,2.53,-3.08,-16.16,8
-0.93,0.7,0.1,-0.84,0.38,-0.67,-34.02,-6.71,-4.98,17.54,-13.59,-5.6,8
-0.82,0.59,0.08,-0.79,0.42,-0.56,-32.95,3.37,10.55,-7.85,-3.31,10.95,8
-1.52,-0.02,-0.05,-1.47,0.33,-0.59,-48.96,42.51,13.47,26.66,-10.87,-22.81,8
-1.31,-0.03,0.22,-1.21,0.37,-0.17,-22.08,24.56,-3.95,9.06,1.9,-6.02,8
-1.03,-0.24,0.09,-1.13,0.22,0.11,1.18,4.57,-20.51,-33.58,12.43,-0.89,8
-0.82,-0.08,0.03,-0.84,0.3,-0.09,-1.26,7.4,-26.47,-42.74,9.04,10.51,8
-0.9,-0.03,0.08,-0.81,0.2,-0.13,8.31,-8.4,-27.57,-104.6,8.86,-11.84,8
-0.91,0.02,0.02,-0.81,0.26,-0.19,5.22,-8.08,-19,-95.98,8.04,-11.56,8
-0.91,0.04,0.03,-0.79,0.12,-0.23,7.65,-2.67,-9.2,-38.95,1.87,5.5,8
-0.88,0.12,0.04,-0.75,0.26,-0.31,-5.98,-1.98,-0.7,-0.37,-0.7,17.56,8
-0.96,0.09,0.03,-0.81,0.38,-0.44,-20.44,-3.09,1.37,1.02,20.97,18.86,8
-1.13,0.14,0.14,-0.98,0.36,-0.44,-37.61,5.02,5.41,-9.85,25.47,4.56,8
-1.25,-0.05,0.19,-1.39,0.14,-0.06,-45.21,-1.7,-1.17,44.16,10.76,11.08,8
-1.25,-0.07,0.16,-1.2,0.28,-0.15,-6.8,-7.23,-11.21,47.24,-35.86,-23.4,8
-0.99,-0.06,0.07,-0.96,0.28,-0.22,-1.45,2.69,-12.22,-48.79,-14.67,-34.32,8
-0.93,-0.05,0.08,-0.82,0.31,-0.23,0.17,0.34,-7.15,-29.94,-15.44,-20.98,8
-0.91,-0.1,0.02,-0.77,0.23,-0.26,10.64,0.11,-2.79,-55.18,-9.7,-21.29,8
-0.91,-0.1,0.03,-0.79,0.13,-0.22,11.71,-0.41,2.1,-20.6,-5.33,-9.4,8
-0.88,-0.16,0,-0.81,0.06,-0.17,23.87,4.13,6.97,13.17,-0.38,1.95,8
-0.92,-0.19,0.05,-0.83,0.05,-0.17,38.53,2.46,7.85,24.5,2.5,2.44,8
-0.89,-0.21,0,-0.84,0.1,-0.14,37.52,-5.89,10.72,40.92,3.11,8.58,8
-0.96,-0.23,-0.02,-0.95,0.17,-0.05,34.89,-9.47,7.05,75.33,-2.9,26.18,8
-1.25,0.2,0.07,-1.22,0.6,-0.44,31.81,18.77,2.86,91.05,-6.66,9.37,8
-1.38,0.64,0.23,-1.58,0.93,-0.78,40.13,21.65,6.44,-88.31,26.09,-29.44,8
-1.4,0.7,0.18,-1.1,0.41,-0.74,39.15,-25.35,5.66,-177.11,21.65,-10.9,8
-1.03,0.71,0.15,-0.94,0.2,-0.62,11.13,-11.12,25.71,-67.37,-5.47,1.6,8
-0.75,0.34,0.16,-0.49,0.32,-0.48,18.4,-5.63,27.76,70.46,-29.93,-5.95,8
-0.74,0.25,-0.01,-0.59,0.43,-0.51,12.65,-13.17,14.37,63.94,-21.53,-22.15,8
-0.77,0.36,-0.01,-0.72,0.54,-0.55,8.23,-1.77,0.45,-10.7,-3.76,-51.05,8
-0.87,0.45,0.12,-0.82,0.46,-0.57,-9.63,-6.84,-0.43,-55.67,12.35,-41.98,8
-0.92,0.31,0.09,-0.83,0.34,-0.38,-3.5,1.66,7.24,-4.69,21.72,21.65,8
-0.9,0.3,0.1,-0.83,0.41,-0.37,1.15,-1.76,5.56,1.15,19.37,29.47,8
-0.97,0.35,0.08,-0.88,0.42,-0.41,-0.64,-2.89,6.71,0.15,13.5,35.29,8
-1.01,0.35,0.13,-0.93,0.37,-0.44,3.57,-3.75,5.37,1.6,5.55,39.27,8
-1.01,0.37,0.15,-0.94,0.38,-0.45,-3.19,-5.34,4.96,16.46,7.17,41.9,8
-0.97,0.38,0.13,-0.88,0.43,-0.43,-3.6,-4.52,6.48,-3.91,15.44,32.94,8
-0.92,0.39,0.11,-0.84,0.41,-0.36,-3.2,0.61,9.4,-73.38,25.6,2.01,8
-0.91,0.4,0.11,-0.85,0.25,-0.33,-4.02,1.76,10.09,-99.36,23.12,-26.97,8
-0.92,0.42,0.13,-0.82,0.34,-0.42,-3.92,3.58,11.36,2.05,2.63,-19.77,8
-0.9,0.43,0.12,-0.78,0.37,-0.45,0.37,5.37,13.45,26.28,-3.08,-24.14,8
-0.86,0.47,0.08,-0.71,0.39,-0.54,-0.95,12.62,14.32,66.54,-8.94,-36.01,8
-0.85,0.51,0.11,-0.77,0.5,-0.61,0.65,14.82,12.8,71.88,-4.79,-35.96,8
-0.81,0.53,0.06,-0.78,0.49,-0.59,-2.4,12.08,4.58,-12.22,7.85,-15.61,8
-0.77,0.53,0.03,-0.76,0.46,-0.57,-1.07,15.4,0.77,-39.65,13.6,-8.31,8
-0.74,0.53,0.02,-0.66,0.43,-0.55,-1.61,21.31,-4.4,-30.92,14.32,2.4,8
-0.77,0.66,-0.02,-0.66,0.42,-0.51,-13.53,19.73,-6.49,-68.76,17.22,-16.05,8
-0.9,0.76,-0.02,-0.92,0.28,-0.5,-18.62,10.48,-1.53,26.73,-26.83,-24.82,8
-1.06,0.6,-0.13,-1.02,0.39,-0.72,-10.19,-4.08,-6.63,-13.18,-18.98,-30.17,8
-1.78,0.13,-0.1,-1.66,0.26,-0.95,-5.45,-38.89,-22.44,24.1,-4.18,-12.41,8
-1.55,0.05,-0.18,-1.36,0.25,-0.25,-48.78,0.76,-23.69,119.12,-19.91,42.88,8
-0.92,-0.23,0.01,-0.99,0.45,-0.12,-29.18,-1.69,-39.89,111.55,-13.67,78.41,8
-0.84,-0.08,0.02,-0.98,0.46,0.27,-22.34,-0.73,-48.45,-114.75,22.91,8.47,8
-0.79,-0.02,-0.01,-0.84,0.19,-0.07,-12.24,-3.87,-48.79,-250.14,32.46,-39.12,8
-0.87,-0.04,-0.01,-0.68,0.26,-0.28,-20.67,-6.61,-34.6,-250.14,26.14,-50.96,8
-1.04,0,0.11,-0.88,0.12,-0.36,-8.96,-9.39,-26.55,-147.3,4.93,-21.32,8
-1.07,0.12,0.13,-0.85,0.14,-0.33,-21.96,-9.34,-16.33,-59.66,1.05,-11.08,8
-1.05,0.07,0.13,-0.87,0.26,-0.29,-4.85,-0.63,-9.75,-13.01,10.08,-6.08,8
-1,-0.04,0.1,-0.96,0.15,-0.18,2.09,1.86,-10.6,-27.81,17.97,-21.95,8
-0.93,-0.03,0.03,-0.94,0.22,-0.19,-1.65,3.93,-5.34,43.18,-8.08,-15.32,8
-0.98,-0.06,0.05,-0.95,0.25,-0.21,-0.94,5.45,-6.74,22.99,-11.83,-18.69,8
-1.04,-0.09,0.07,-0.98,0.24,-0.26,2.69,4.64,-8.67,22.6,-9.98,-18.24,8
-1.04,-0.09,0.07,-1,0.16,-0.2,3.53,7.98,-8.3,18.87,-6.76,-18.21,8
-0.95,-0.12,0.05,-0.96,0.08,-0.15,12.4,5.51,-8.28,19.9,-10.92,-14.7,8
-0.98,-0.11,0.04,-0.93,0.12,-0.18,13.06,5.47,-6.37,15.87,-8.76,-12.31,8
-0.97,-0.14,0.03,-0.89,0.11,-0.2,18.67,7.73,-4.66,15.66,-7.52,-12.93,8
-0.96,-0.16,0.05,-0.93,0.03,-0.14,22.66,6.64,-5.23,17.23,-1.3,-16.59,8
-0.92,-0.18,0.02,-0.88,0.03,-0.14,19.49,2.75,-1.24,27.74,-0.99,-9.53,8
-0.89,-0.19,0,-0.85,0.02,-0.14,19.92,5.13,4.9,13.5,1.29,-5.89,8
-0.85,-0.19,0.02,-0.78,0.02,-0.11,20.82,3.95,13.92,11.31,3.32,5.88,8
-0.88,-0.26,0.05,-0.83,0.15,-0.13,26.79,2.21,18.45,11.65,6.83,20.42,8
-0.99,-0.24,-0.07,-1.05,0.03,0.06,18.16,-9.94,7.91,9.8,8.43,42.17,8
-0.99,-0.07,-0.12,-1.31,-0.22,0.11,-3.54,2.84,5.01,60.31,-9.07,35.33,8
-2,0.62,-0.21,-1.82,0.32,-0.69,-57.44,-12.81,2.48,107.97,13.63,29.1,8
-1.6,0.44,0.14,-1.26,0.67,-0.55,25.38,7.77,5.85,-112.27,8.44,-39.59,8
-0.88,0.41,0.04,-0.74,0.18,-0.34,7.36,-3.97,12.18,-42.29,-12.67,-22.91,8
-0.68,0.4,-0.01,-0.53,0.22,-0.24,7.47,8.44,27.59,67.7,-22.97,2.52,8
-0.73,0.34,0.04,-0.53,0.34,-0.36,3.76,-1.97,27.25,134.85,-22.65,18.7,8
-0.95,0.2,-0.02,-0.8,0.53,-0.46,9.68,-13.97,12.65,91.12,-9.58,-13.78,8
-0.92,0.41,0.06,-0.89,0.5,-0.37,-8.75,-0.78,4.6,-13.27,7.24,-36.26,8
-0.87,0.29,0.05,-0.84,0.39,-0.28,-15.91,-7.54,4.93,-15.18,7.39,-6.53,8
-0.85,0.22,-0.01,-0.79,0.4,-0.27,-11.42,-3.73,5.58,-14.37,10.7,32,8
-1,0.24,0.08,-0.9,0.41,-0.3,-12.67,-8.47,5.85,-33.9,13.73,44.85,8
-1.14,0.31,0.08,-1.07,0.33,-0.33,-36.04,4.65,12.44,-21.49,10.5,34.15,8
-1.06,0.4,0.17,-0.9,0.12,-0.28,-30.11,5.4,21.17,18.99,14.64,32.71,8
-0.95,0.33,0.12,-0.91,0.29,-0.21,-28.39,-1.49,29.07,9.63,24.11,10.24,8
-0.89,0.38,0.12,-0.86,0.33,-0.36,-21.14,1.61,31.04,-56.44,28.15,-16.08,8
-0.92,0.32,0.08,-0.93,0.27,-0.41,-7.75,-4.76,22.95,-73.98,11.03,-24.18,8
-0.93,0.36,0.09,-0.96,0.18,-0.44,-2.72,1.53,16.19,-22.74,2.84,-16.94,8
-0.86,0.43,0.1,-0.88,0.4,-0.4,-2.04,6.34,6.98,26.73,-9.01,-4.52,8
-0.88,0.45,0.13,-0.83,0.41,-0.44,2.03,4.08,-0.23,29.58,-5.29,3.11,8
-0.86,0.48,0.13,-0.86,0.32,-0.42,9.24,0.79,-14.02,51.1,-11.23,6.18,8
-0.86,0.48,0.08,-0.9,0.26,-0.48,7.74,2.2,-20.76,144.07,-27.44,26.29,8
-0.81,0.53,0.08,-0.67,0.37,-0.58,6.1,9.92,-24.63,230.21,-45.71,44.76,8
-0.77,0.54,0.03,-0.71,0.48,-0.52,6.29,19.04,-21.34,149.48,-30.89,29.5,8
-1.54,0.33,-0.05,-1.12,0.19,-0.66,-4.78,-23.63,-13.09,-41.62,6.82,-30.47,8
-1.49,-0.08,0.1,-1.58,0.39,-0.7,-20.88,14.85,-5.76,-28.49,28.24,-37.63,8
-1.5,-0.13,0.01,-1.14,0.46,-0.13,-22.82,10.7,-5.02,-169.95,46.35,-59.04,8
-1.18,-0.18,0.03,-1.48,-0.44,0.27,6.58,-18.23,-14.13,-224.79,24.7,-49.39,8
-0.81,-0.13,0.01,-0.85,0.15,-0.04,19.1,-2.3,-28.54,7.18,-38.71,31.02,8
-0.79,-0.07,0,-0.76,0.15,-0.13,8.78,-10.82,-24.08,-70.64,-21.04,15.61,8
-0.89,-0.03,-0.03,-0.74,0.05,-0.26,6.54,-10.13,-13.91,-61.34,-12.12,16.82,8
-0.86,-0.01,0.02,-0.8,-0.03,-0.18,9.04,-8.52,-4.49,0.09,-23.76,21.68,8
-1.05,0.05,0.06,-0.91,0.2,-0.27,5.05,-19.23,-4.89,16.92,-22.27,18.68,8
-1.03,0.05,0.1,-0.94,0.2,-0.25,5.33,-17.23,-3.02,11.21,-8.63,11.74,8
-1.03,0.08,0.13,-0.93,0.26,-0.26,2.15,-11.02,0.11,11.91,1.19,3.92,8
-1.03,0.08,0.06,-0.93,0.29,-0.22,-12.55,-13.27,0.08,-1.82,18.08,-7.74,8
-0.99,-0.11,0.08,-0.98,0.33,-0.1,-2.28,9.4,-6.64,-57.71,42.14,-32.86,8
-0.98,-0.14,0.08,-1.14,-0.07,0.06,8.25,7.98,-11.37,-55.13,26.79,-31.31,8
-1,-0.06,0.08,-1.1,0.09,0.04,6.95,2.66,-10.74,54.57,-23.21,-6.32,8
-1.01,-0.08,0.05,-1,0.15,-0.11,15.35,4.16,-5.56,-2.1,-27.04,-10.77,8
-0.95,-0.05,0.05,-0.77,0.21,-0.22,-1.3,4.18,1.47,42.02,-15.24,7.48,8
-0.97,-0.1,0.06,-0.82,0.15,-0.19,-0.73,5.47,8.02,8.5,-1.05,-4.95,8
-0.94,-0.15,0.06,-0.91,-0.01,-0.12,5.85,1.96,12.44,-7.46,8.09,-13.24,8
-0.93,-0.19,0.05,-0.94,-0.04,-0.07,14.34,-3.77,11.69,39.47,-2.39,8.92,8
-0.92,-0.21,0.02,-0.9,0.1,-0.06,22.15,-2.92,10.9,31.23,-3.95,22.23,8
-0.9,-0.23,-0.03,-0.9,0.06,-0.08,23.79,-2.53,6.42,34.75,-2.13,25.2,8
-0.88,-0.12,-0.02,-0.96,0.02,0.03,10.43,2.17,-0.27,51.95,-0.79,29.95,8
-1.1,0.15,0.07,-1.18,0.13,-0.15,-0.4,15.43,2.18,26.85,14.66,13.31,8
-1.29,0.58,0.18,-1.33,0.78,-0.53,19.79,29.53,11.66,-164.89,13.81,-92.47,8
-1.21,0.36,0.11,-0.8,0.26,-0.6,25.83,-10.33,10.92,-157.03,-6.88,-95.86,8
-1.09,0.5,0.12,-0.94,0.13,-0.46,0.91,-15.79,19.48,18.7,-3.63,-42.73,8
-0.82,0.42,0.12,-0.83,0.33,-0.28,18.85,-16.11,24.63,153.82,-16.76,16.32,8
-0.83,0.36,0.04,-0.79,0.57,-0.43,11.34,-14.24,7.3,62.85,0.93,1.29,8
-0.84,0.33,0.03,-0.74,0.56,-0.39,4.2,-7.24,2.03,-11.98,5.2,-17.6,8
-0.77,0.34,0.11,-0.74,0.37,-0.34,-11.7,-18.97,0.65,-24.27,3.76,-6.83,8
-0.88,0.2,0.04,-0.82,0.33,-0.33,-6.91,-10,-3.3,17.52,2.85,26.58,8
-1.02,0.34,0.16,-1.01,0.44,-0.34,-11.72,-3.27,-1.85,-1.39,23.93,32.69,8
-1.11,0.39,0.19,-1.04,0.41,-0.32,-23.15,-3.4,3.51,-38.95,32.38,26.05,8
-1.09,0.34,0.16,-1.1,0.34,-0.27,-20.34,3.15,11.16,-81.12,28.82,16.18,8
-1,0.35,0.14,-0.99,0.23,-0.24,-25.89,4.11,17.11,-71.73,19.94,20.36,8
-0.9,0.34,0.1,-0.93,0.27,-0.23,-24.51,5.88,23.4,-33.75,-1.66,14.87,8
-0.9,0.34,0.12,-0.81,0.29,-0.34,-23.93,7.15,22.39,-37.57,1.11,9.65,8
-0.89,0.35,0.14,-0.87,0.34,-0.38,-14.19,6.64,18.29,-29.33,-2.37,2.48,8
-0.86,0.41,0.1,-0.81,0.35,-0.43,-13.76,14.1,13.12,-12.91,-9.22,-5.13,8
-0.88,0.46,0.11,-0.8,0.43,-0.47,-11.08,14.11,1.24,14.53,0.89,-9.05,8
-0.85,0.48,0.12,-0.79,0.48,-0.48,-12.53,13.35,-5.61,14.75,6.81,-15.21,8
-0.86,0.46,0.11,-0.8,0.5,-0.45,-6.29,12.47,-12.23,-6.74,12.21,-25.89,8
-0.83,0.47,0.09,-0.85,0.5,-0.37,-6.61,7.29,-18.55,-33.99,9.94,-31.22,8
-0.78,0.53,0.02,-0.88,0.19,-0.35,6.02,15.55,-12.72,-80.81,7.53,-21.82,8
-0.9,0.47,0,-0.9,0.16,-0.28,17.29,22.98,-6.27,-15.36,-18.27,-5.94,8
-1.59,-0.28,0.26,-1.58,0.35,-0.93,-3.3,-16.72,-7.78,92.32,15.81,-11.79,8
-1.32,0.14,0.06,-1.11,0.34,-0.01,-51.23,36.81,-9.94,36.23,34.15,7.05,8
-0.85,-0.21,-0.05,-1.01,0.39,0.12,11.39,-1.24,-20.98,130.45,-29.98,73.2,8
-0.78,-0.14,-0.03,-0.89,0.4,0.01,-8.99,5.99,-32.32,-49.55,-12.54,9.88,8
-0.96,-0.04,0.09,-0.9,0.18,-0.07,-17.97,-9.49,-29.17,-158.06,4.11,-25.27,8
-0.95,-0.04,-0.03,-0.86,0.16,-0.13,-7.34,-14.1,-16.95,-160.3,6.44,-27.01,8